RESULT_NUMBER,TEST_NUMBER,NAME,REPLICATE_NUMBER,ENTRY,FORMATTED_ENTRY,NUMERIC_ENTRY,UNITS,MIN_LIMIT,MAX_LIMIT,ALERT_LIMIT,IN_SPEC,STATUS,ENTERED_BY,ENTERED_ON,REVIEWED_BY,REVIEWED_ON,REPORTABLE
900000,500000,SETTLE_PLATE_TSA,0,0,0,0.0,CFU/plate,0,1,1.0,T,A,tolawale,2025-04-08T13:00:00,skwon,2025-04-09T19:00:00,T
900001,500001,VIABLE_AIR_USP,0,0,0,0.0,CFU/m3,0,1,1.0,T,A,anguyen,2025-04-07T08:00:00,mrodriguez,2025-04-07T14:00:00,T
900002,500002,SETTLE_PLATE_TSA,0,0,0,0.0,CFU/plate,0,5,3.0,T,A,jchen,2025-04-08T18:00:00,jchen,2025-04-09T04:00:00,T
900003,500003,VIABLE_AIR_USP,0,1,1,1.0,CFU/m3,0,20,10.0,T,A,tolawale,2025-04-08T11:00:00,skwon,2025-04-08T16:00:00,T
900004,500004,SETTLE_PLATE_TSA,0,1,1,1.0,CFU/plate,0,50,25.0,T,A,anguyen,2025-04-07T12:00:00,anguyen,2025-04-08T16:00:00,T
900005,500005,VIABLE_AIR_USP,0,7,7,7.0,CFU/m3,0,200,100.0,T,A,dpatel,2025-04-07T12:00:00,jchen,2025-04-08T05:00:00,T
900006,500006,SETTLE_PLATE_TSA,0,3,3,3.0,CFU/plate,0,100,50.0,T,A,jchen,2025-04-07T08:00:00,jchen,2025-04-08T09:00:00,T
900007,500007,VIABLE_AIR_USP,0,13,13,13.0,CFU/m3,0,400,200.0,T,A,mrodriguez,2025-04-08T18:00:00,anguyen,2025-04-09T01:00:00,T
900008,500008,SETTLE_PLATE_TSA,0,0,0,0.0,CFU/plate,0,1,1.0,T,A,skwon,2025-04-09T15:00:00,skwon,2025-04-10T21:00:00,T
900009,500009,VIABLE_AIR_USP,0,0,0,0.0,CFU/m3,0,1,1.0,T,A,jchen,2025-04-08T10:00:00,tolawale,2025-04-08T12:00:00,T
900010,500010,SETTLE_PLATE_TSA,0,0,0,0.0,CFU/plate,0,5,3.0,T,A,jchen,2025-04-08T14:00:00,tolawale,2025-04-08T23:00:00,T
900011,500011,VIABLE_AIR_USP,0,0,0,0.0,CFU/m3,0,20,10.0,T,A,mrodriguez,2025-04-09T13:00:00,skwon,2025-04-10T16:00:00,T
900012,500012,SETTLE_PLATE_TSA,0,2,2,2.0,CFU/plate,0,50,25.0,T,A,dpatel,2025-04-09T09:00:00,tolawale,2025-04-10T08:00:00,T
900013,500013,VIABLE_AIR_USP,0,4,4,4.0,CFU/m3,0,200,100.0,T,A,tolawale,2025-04-08T12:00:00,anguyen,2025-04-08T20:00:00,T
900014,500014,SETTLE_PLATE_TSA,0,4,4,4.0,CFU/plate,0,100,50.0,T,A,dpatel,2025-04-08T14:00:00,jchen,2025-04-09T17:00:00,T
900015,500015,VIABLE_AIR_USP,0,17,17,17.0,CFU/m3,0,400,200.0,T,A,jchen,2025-04-08T12:00:00,skwon,2025-04-09T03:00:00,T
900016,500016,SETTLE_PLATE_TSA,0,0,0,0.0,CFU/plate,0,1,1.0,T,A,mrodriguez,2025-04-10T10:00:00,dpatel,2025-04-11T13:00:00,T
900017,500017,VIABLE_AIR_USP,0,0,0,0.0,CFU/m3,0,1,1.0,T,A,tolawale,2025-04-09T13:00:00,jchen,2025-04-10T00:00:00,T
900018,500018,SETTLE_PLATE_TSA,0,0,0,0.0,CFU/plate,0,5,3.0,T,A,tolawale,2025-04-09T13:00:00,mrodriguez,2025-04-10T07:00:00,T
900019,500019,VIABLE_AIR_USP,0,1,1,1.0,CFU/m3,0,20,10.0,T,A,jchen,2025-04-09T11:00:00,skwon,2025-04-10T10:00:00,T
900020,500020,SETTLE_PLATE_TSA,0,2,2,2.0,CFU/plate,0,50,25.0,T,A,anguyen,2025-04-09T13:00:00,anguyen,2025-04-10T12:00:00,T
900021,500021,VIABLE_AIR_USP,0,10,10,10.0,CFU/m3,0,200,100.0,T,A,mrodriguez,2025-04-10T11:00:00,mrodriguez,2025-04-10T21:00:00,T
900022,500022,SETTLE_PLATE_TSA,0,4,4,4.0,CFU/plate,0,100,50.0,T,A,dpatel,2025-04-09T09:00:00,anguyen,2025-04-10T01:00:00,T
900023,500023,VIABLE_AIR_USP,0,12,12,12.0,CFU/m3,0,400,200.0,T,A,anguyen,2025-04-10T08:00:00,mrodriguez,2025-04-10T21:00:00,T
900024,500024,SETTLE_PLATE_TSA,0,0,0,0.0,CFU/plate,0,1,1.0,T,A,anguyen,2025-04-10T17:00:00,jchen,2025-04-11T04:00:00,T
900025,500025,VIABLE_AIR_USP,0,0,0,0.0,CFU/m3,0,1,1.0,T,A,dpatel,2025-04-10T15:00:00,dpatel,2025-04-10T21:00:00,T
900026,500026,SETTLE_PLATE_TSA,0,0,0,0.0,CFU/plate,0,5,3.0,T,A,mrodriguez,2025-04-11T16:00:00,jchen,2025-04-12T09:00:00,T
900027,500027,VIABLE_AIR_USP,0,2,2,2.0,CFU/m3,0,20,10.0,T,A,dpatel,2025-04-15T11:00:00,mrodriguez,2025-04-16T09:00:00,T
900028,500028,SETTLE_PLATE_TSA,0,0,0,0.0,CFU/plate,0,50,25.0,T,A,anguyen,2025-04-13T11:00:00,dpatel,2025-04-14T06:00:00,T
900029,500029,VIABLE_AIR_USP,0,9,9,9.0,CFU/m3,0,200,100.0,T,A,skwon,2025-04-11T12:00:00,dpatel,2025-04-12T18:00:00,T
900030,500030,SETTLE_PLATE_TSA,0,1,1,1.0,CFU/plate,0,100,50.0,T,A,dpatel,2025-04-11T08:00:00,mrodriguez,2025-04-11T17:00:00,T
900031,500031,VIABLE_AIR_USP,0,13,13,13.0,CFU/m3,0,400,200.0,T,A,mrodriguez,2025-04-11T12:00:00,tolawale,2025-04-12T15:00:00,T
900032,500032,SETTLE_PLATE_TSA,0,0,0,0.0,CFU/plate,0,1,1.0,T,A,tolawale,2025-04-11T14:00:00,skwon,2025-04-11T23:00:00,T
900033,500033,VIABLE_AIR_USP,0,0,0,0.0,CFU/m3,0,1,1.0,T,A,mrodriguez,2025-04-15T13:00:00,jchen,2025-04-16T01:00:00,T
900034,500034,SETTLE_PLATE_TSA,0,0,0,0.0,CFU/plate,0,5,3.0,T,A,tolawale,2025-04-12T08:00:00,mrodriguez,2025-04-12T13:00:00,T
900035,500035,VIABLE_AIR_USP,0,0,0,0.0,CFU/m3,0,20,10.0,T,A,jchen,2025-04-12T13:00:00,skwon,2025-04-13T14:00:00,T
900036,500036,SETTLE_PLATE_TSA,0,4,4,4.0,CFU/plate,0,50,25.0,T,A,skwon,2025-04-11T10:00:00,skwon,2025-04-11T13:00:00,T
900037,500037,VIABLE_AIR_USP,0,4,4,4.0,CFU/m3,0,200,100.0,T,A,tolawale,2025-04-11T15:00:00,tolawale,2025-04-12T06:00:00,T
900038,500038,SETTLE_PLATE_TSA,0,5,5,5.0,CFU/plate,0,100,50.0,T,A,tolawale,2025-04-12T12:00:00,tolawale,2025-04-13T00:00:00,T
900039,500039,VIABLE_AIR_USP,0,18,18,18.0,CFU/m3,0,400,200.0,T,A,mrodriguez,2025-04-12T09:00:00,dpatel,2025-04-13T06:00:00,T
900040,500040,SETTLE_PLATE_TSA,0,0,0,0.0,CFU/plate,0,1,1.0,T,A,dpatel,2025-04-13T15:00:00,tolawale,2025-04-14T07:00:00,T
900041,500041,VIABLE_AIR_USP,0,0,0,0.0,CFU/m3,0,1,1.0,T,A,tolawale,2025-04-12T13:00:00,tolawale,2025-04-13T07:00:00,T
900042,500042,SETTLE_PLATE_TSA,0,0,0,0.0,CFU/plate,0,5,3.0,T,A,tolawale,2025-04-12T09:00:00,mrodriguez,2025-04-12T11:00:00,T
900043,500043,VIABLE_AIR_USP,0,3,3,3.0,CFU/m3,0,20,10.0,T,A,jchen,2025-04-12T16:00:00,mrodriguez,2025-04-13T09:00:00,T
900044,500044,SETTLE_PLATE_TSA,0,2,2,2.0,CFU/plate,0,50,25.0,T,A,jchen,2025-04-12T08:00:00,anguyen,2025-04-13T11:00:00,T
900045,500045,VIABLE_AIR_USP,0,9,9,9.0,CFU/m3,0,200,100.0,T,A,mrodriguez,2025-04-12T17:00:00,tolawale,2025-04-12T23:00:00,T
900046,500046,SETTLE_PLATE_TSA,0,3,3,3.0,CFU/plate,0,100,50.0,T,A,anguyen,2025-04-13T17:00:00,tolawale,2025-04-14T09:00:00,T
900047,500047,VIABLE_AIR_USP,0,13,13,13.0,CFU/m3,0,400,200.0,T,A,dpatel,2025-04-13T17:00:00,mrodriguez,2025-04-14T10:00:00,T
900048,500048,SETTLE_PLATE_TSA,0,0,0,0.0,CFU/plate,0,1,1.0,T,A,mrodriguez,2025-04-14T16:00:00,mrodriguez,2025-04-14T20:00:00,T
900049,500049,VIABLE_AIR_USP,0,0,0,0.0,CFU/m3,0,1,1.0,T,A,tolawale,2025-04-14T13:00:00,skwon,2025-04-15T01:00:00,T
900050,500050,SETTLE_PLATE_TSA,0,2,2,2.0,CFU/plate,0,5,3.0,T,A,skwon,2025-04-13T15:00:00,dpatel,2025-04-14T08:00:00,T
900051,500051,VIABLE_AIR_USP,0,1,1,1.0,CFU/m3,0,20,10.0,T,A,skwon,2025-04-13T16:00:00,skwon,2025-04-14T01:00:00,T
900052,500052,SETTLE_PLATE_TSA,0,1,1,1.0,CFU/plate,0,50,25.0,T,A,tolawale,2025-04-14T10:00:00,mrodriguez,2025-04-15T14:00:00,T
900053,500053,VIABLE_AIR_USP,0,6,6,6.0,CFU/m3,0,200,100.0,T,A,jchen,2025-04-13T11:00:00,mrodriguez,2025-04-14T09:00:00,T
900054,500054,SETTLE_PLATE_TSA,0,5,5,5.0,CFU/plate,0,100,50.0,T,A,dpatel,2025-04-13T13:00:00,skwon,2025-04-14T01:00:00,T
900055,500055,VIABLE_AIR_USP,0,18,18,18.0,CFU/m3,0,400,200.0,T,A,dpatel,2025-04-14T09:00:00,jchen,2025-04-15T10:00:00,T
900056,500056,SETTLE_PLATE_TSA,0,0,0,0.0,CFU/plate,0,1,1.0,T,A,tolawale,2025-04-14T07:00:00,jchen,2025-04-14T16:00:00,T
900057,500057,VIABLE_AIR_USP,0,0,0,0.0,CFU/m3,0,1,1.0,T,A,mrodriguez,2025-04-14T10:00:00,dpatel,2025-04-15T02:00:00,T
900058,500058,SETTLE_PLATE_TSA,0,0,0,0.0,CFU/plate,0,5,3.0,T,A,anguyen,2025-04-14T12:00:00,anguyen,2025-04-14T23:00:00,T
900059,500059,VIABLE_AIR_USP,0,0,0,0.0,CFU/m3,0,20,10.0,T,A,anguyen,2025-04-15T14:00:00,jchen,2025-04-16T14:00:00,T
900060,500060,SETTLE_PLATE_TSA,0,2,2,2.0,CFU/plate,0,50,25.0,T,A,jchen,2025-04-15T08:00:00,jchen,2025-04-16T11:00:00,T
900061,500061,VIABLE_AIR_USP,0,3,3,3.0,CFU/m3,0,200,100.0,T,A,tolawale,2025-04-15T09:00:00,skwon,2025-04-16T14:00:00,T
900062,500062,SETTLE_PLATE_TSA,0,3,3,3.0,CFU/plate,0,100,50.0,T,A,tolawale,2025-04-14T17:00:00,anguyen,2025-04-15T15:00:00,T
900063,500063,VIABLE_AIR_USP,0,18,18,18.0,CFU/m3,0,400,200.0,T,A,skwon,2025-04-15T15:00:00,jchen,2025-04-16T20:00:00,T
900064,500064,BIOBURDEN_USP61,0,3,3,3.0,CFU/device,0,100,50.0,T,A,anguyen,2025-04-16T09:00:00,jchen,2025-04-16T23:00:00,T
900065,500065,LAL_KINETIC,0,1.77,1.77,1.77,EU/device,0,20,10.0,T,A,dpatel,2025-04-14T09:00:00,dpatel,2025-04-15T02:00:00,T
900066,500066,SETTLE_PLATE_TSA,0,0,0,0.0,CFU/plate,0,1,1.0,T,A,jchen,2025-04-15T11:00:00,skwon,2025-04-15T20:00:00,T
900067,500067,VIABLE_AIR_USP,0,0,0,0.0,CFU/m3,0,1,1.0,T,A,tolawale,2025-04-16T14:00:00,jchen,2025-04-17T17:00:00,T
900068,500068,SETTLE_PLATE_TSA,0,0,0,0.0,CFU/plate,0,5,3.0,T,A,dpatel,2025-04-16T14:00:00,dpatel,2025-04-17T09:00:00,T
900069,500069,VIABLE_AIR_USP,0,0,0,0.0,CFU/m3,0,20,10.0,T,A,dpatel,2025-04-16T14:00:00,mrodriguez,2025-04-17T01:00:00,T
900070,500070,SETTLE_PLATE_TSA,0,4,4,4.0,CFU/plate,0,50,25.0,T,A,jchen,2025-04-15T11:00:00,skwon,2025-04-15T19:00:00,T
900071,500071,VIABLE_AIR_USP,0,9,9,9.0,CFU/m3,0,200,100.0,T,A,anguyen,2025-04-15T13:00:00,dpatel,2025-04-16T00:00:00,T
900072,500072,SETTLE_PLATE_TSA,0,2,2,2.0,CFU/plate,0,100,50.0,T,A,mrodriguez,2025-04-15T18:00:00,mrodriguez,2025-04-16T05:00:00,T
900073,500073,VIABLE_AIR_USP,0,11,11,11.0,CFU/m3,0,400,200.0,T,A,jchen,2025-04-16T16:00:00,dpatel,2025-04-17T09:00:00,T
900074,500074,SETTLE_PLATE_TSA,0,0,0,0.0,CFU/plate,0,1,1.0,T,A,skwon,2025-04-16T14:00:00,anguyen,2025-04-17T07:00:00,T
900075,500075,VIABLE_AIR_USP,0,0,0,0.0,CFU/m3,0,1,1.0,T,A,mrodriguez,2025-04-17T07:00:00,anguyen,2025-04-17T16:00:00,T
900076,500076,SETTLE_PLATE_TSA,0,0,0,0.0,CFU/plate,0,5,3.0,T,A,anguyen,2025-04-17T17:00:00,anguyen,2025-04-18T09:00:00,T
900077,500077,VIABLE_AIR_USP,0,1,1,1.0,CFU/m3,0,20,10.0,T,A,anguyen,2025-04-16T11:00:00,dpatel,2025-04-17T09:00:00,T
900078,500078,SETTLE_PLATE_TSA,0,3,3,3.0,CFU/plate,0,50,25.0,T,A,mrodriguez,2025-04-16T07:00:00,tolawale,2025-04-16T22:00:00,T
900079,500079,VIABLE_AIR_USP,0,7,7,7.0,CFU/m3,0,200,100.0,T,A,jchen,2025-04-17T15:00:00,mrodriguez,2025-04-17T19:00:00,T
900080,500080,SETTLE_PLATE_TSA,0,6,6,6.0,CFU/plate,0,100,50.0,T,A,jchen,2025-04-16T13:00:00,jchen,2025-04-17T17:00:00,T
900081,500081,VIABLE_AIR_USP,0,18,18,18.0,CFU/m3,0,400,200.0,T,A,anguyen,2025-04-17T15:00:00,tolawale,2025-04-17T20:00:00,T
900082,500082,SETTLE_PLATE_TSA,0,0,0,0.0,CFU/plate,0,1,1.0,T,A,anguyen,2025-04-18T09:00:00,skwon,2025-04-19T06:00:00,T
900083,500083,VIABLE_AIR_USP,0,0,0,0.0,CFU/m3,0,1,1.0,T,A,dpatel,2025-04-21T10:00:00,dpatel,2025-04-22T12:00:00,T
900084,500084,SETTLE_PLATE_TSA,0,0,0,0.0,CFU/plate,0,5,3.0,T,A,anguyen,2025-04-18T11:00:00,tolawale,2025-04-19T07:00:00,T
900085,500085,VIABLE_AIR_USP,0,3,3,3.0,CFU/m3,0,20,10.0,T,A,skwon,2025-04-18T11:00:00,mrodriguez,2025-04-19T10:00:00,T
900086,500086,SETTLE_PLATE_TSA,0,0,0,0.0,CFU/plate,0,50,25.0,T,A,dpatel,2025-04-18T17:00:00,jchen,2025-04-18T20:00:00,T
900087,500087,VIABLE_AIR_USP,0,13,13,13.0,CFU/m3,0,200,100.0,T,A,jchen,2025-04-18T16:00:00,tolawale,2025-04-19T20:00:00,T
900088,500088,SETTLE_PLATE_TSA,0,3,3,3.0,CFU/plate,0,100,50.0,T,A,jchen,2025-04-18T16:00:00,,2025-04-19T14:00:00,T
900089,500089,VIABLE_AIR_USP,0,16,16,16.0,CFU/m3,0,400,200.0,T,A,mrodriguez,2025-04-18T17:00:00,tolawale,2025-04-18T22:00:00,T
900090,500090,SETTLE_PLATE_TSA,0,0,0,0.0,CFU/plate,0,1,1.0,T,A,dpatel,2025-04-19T08:00:00,skwon,2025-04-19T17:00:00,T
900091,500091,VIABLE_AIR_USP,0,0,0,0.0,CFU/m3,0,1,1.0,T,A,skwon,2025-04-19T15:00:00,skwon,2025-04-20T15:00:00,T
900092,500092,SETTLE_PLATE_TSA,0,0,0,0.0,CFU/plate,0,5,3.0,T,A,skwon,2025-04-19T10:00:00,tolawale,2025-04-20T07:00:00,T
900093,500093,VIABLE_AIR_USP,0,0,0,0.0,CFU/m3,0,20,10.0,T,A,dpatel,2025-04-19T11:00:00,dpatel,2025-04-20T14:00:00,T
900094,500094,SETTLE_PLATE_TSA,0,5,5,5.0,CFU/plate,0,50,25.0,T,A,anguyen,2025-04-19T10:00:00,skwon,2025-04-20T02:00:00,T
900095,500095,VIABLE_AIR_USP,0,10,10,10.0,CFU/m3,0,200,100.0,T,A,anguyen,2025-04-19T13:00:00,anguyen,2025-04-20T13:00:00,T
900096,500096,SETTLE_PLATE_TSA,0,4,4,4.0,CFU/plate,0,100,50.0,T,A,dpatel,2025-04-19T12:00:00,mrodriguez,2025-04-20T11:00:00,T
900097,500097,VIABLE_AIR_USP,0,14,14,14.0,CFU/m3,0,400,200.0,T,A,mrodriguez,2025-04-19T07:00:00,jchen,2025-04-20T12:00:00,T
900098,500098,SETTLE_PLATE_TSA,0,0,0,0.0,CFU/plate,0,1,1.0,T,A,tolawale,2025-04-19T07:00:00,dpatel,2025-04-20T00:00:00,T
900099,500099,VIABLE_AIR_USP,0,0,0,0.0,CFU/m3,0,1,1.0,T,A,tolawale,2025-04-20T17:00:00,tolawale,2025-04-21T07:00:00,T
900100,500100,SETTLE_PLATE_TSA,0,0,0,0.0,CFU/plate,0,5,3.0,T,A,jchen,2025-04-19T14:00:00,jchen,2025-04-19T23:00:00,T
900101,500101,VIABLE_AIR_USP,0,1,1,1.0,CFU/m3,0,20,10.0,T,A,tolawale,2025-04-19T13:00:00,dpatel,2025-04-19T20:00:00,T
900102,500102,SETTLE_PLATE_TSA,0,0,0,0.0,CFU/plate,0,50,25.0,T,A,jchen,2025-04-20T14:00:00,anguyen,2025-04-20T20:00:00,T
900103,500103,VIABLE_AIR_USP,0,10,10,10.0,CFU/m3,0,200,100.0,T,A,mrodriguez,2025-04-20T10:00:00,mrodriguez,2025-04-21T03:00:00,T
900104,500104,SETTLE_PLATE_TSA,0,2,2,2.0,CFU/plate,0,100,50.0,T,A,dpatel,2025-04-20T13:00:00,mrodriguez,2025-04-21T12:00:00,T
900105,500105,VIABLE_AIR_USP,0,18,18,18.0,CFU/m3,0,400,200.0,T,A,anguyen,2025-04-20T12:00:00,mrodriguez,2025-04-21T04:00:00,T
900106,500106,SETTLE_PLATE_TSA,0,0,0,0.0,CFU/plate,0,1,1.0,T,A,mrodriguez,2025-04-21T10:00:00,jchen,2025-04-22T10:00:00,T
900107,500107,VIABLE_AIR_USP,0,0,0,0.0,CFU/m3,0,1,1.0,T,A,dpatel,2025-04-23T16:00:00,mrodriguez,2025-04-24T20:00:00,T
900108,500108,SETTLE_PLATE_TSA,0,0,0,0.0,CFU/plate,0,5,3.0,T,A,tolawale,2025-04-21T09:00:00,tolawale,2025-04-22T07:00:00,T
900109,500109,VIABLE_AIR_USP,0,1,1,1.0,CFU/m3,0,20,10.0,T,A,skwon,2025-04-25T10:00:00,dpatel,2025-04-25T14:00:00,T
900110,500110,SETTLE_PLATE_TSA,0,3,3,3.0,CFU/plate,0,50,25.0,T,A,mrodriguez,2025-04-21T15:00:00,mrodriguez,2025-04-22T09:00:00,T
900111,500111,VIABLE_AIR_USP,0,6,6,6.0,CFU/m3,0,200,100.0,T,A,dpatel,2025-04-21T10:00:00,mrodriguez,2025-04-22T02:00:00,T
900112,500112,SETTLE_PLATE_TSA,0,1,1,1.0,CFU/plate,0,100,50.0,T,A,anguyen,2025-04-21T09:00:00,jchen,2025-04-21T19:00:00,T
900113,500113,VIABLE_AIR_USP,0,18,18,18.0,CFU/m3,0,400,200.0,T,A,anguyen,2025-04-21T09:00:00,skwon,2025-04-22T08:00:00,T
900114,500114,SETTLE_PLATE_TSA,0,0,0,0.0,CFU/plate,0,1,1.0,T,A,anguyen,2025-04-21T15:00:00,tolawale,2025-04-22T15:00:00,T
900115,500115,VIABLE_AIR_USP,0,0,0,0.0,CFU/m3,0,1,1.0,T,A,jchen,2025-04-22T14:00:00,mrodriguez,2025-04-22T19:00:00,T
900116,500116,SETTLE_PLATE_TSA,0,0,0,0.0,CFU/plate,0,5,3.0,T,A,skwon,2025-04-22T11:00:00,tolawale,2025-04-23T17:00:00,T
900117,500117,VIABLE_AIR_USP,0,0,0,0.0,CFU/m3,0,20,10.0,T,A,anguyen,2025-04-22T09:00:00,mrodriguez,2025-04-23T09:00:00,T
900118,500118,SETTLE_PLATE_TSA,0,2,2,2.0,CFU/plate,0,50,25.0,T,A,jchen,2025-04-22T16:00:00,dpatel,2025-04-23T22:00:00,T
900119,500119,VIABLE_AIR_USP,0,7,7,7.0,CFU/m3,0,200,100.0,T,A,mrodriguez,2025-04-22T09:00:00,tolawale,2025-04-23T08:00:00,T
900120,500120,SETTLE_PLATE_TSA,0,2,2,2.0,CFU/plate,0,100,50.0,T,A,dpatel,2025-04-21T09:00:00,mrodriguez,2025-04-21T13:00:00,T
900121,500121,VIABLE_AIR_USP,0,16,16,16.0,CFU/m3,0,400,200.0,T,A,dpatel,2025-04-21T11:00:00,mrodriguez,2025-04-22T16:00:00,T
900122,500122,BIOBURDEN_USP61,0,7,7,7.0,CFU/device,0,100,50.0,T,A,mrodriguez,2025-04-21T06:00:00,anguyen,2025-04-21T19:00:00,T
900123,500123,LAL_KINETIC,0,0.32,0.32,0.32,EU/device,0,20,10.0,T,A,jchen,2025-04-21T08:00:00,mrodriguez,2025-04-21T18:00:00,T
900124,500124,BIOBURDEN_USP61,0,1,1,1.0,CFU/device,0,100,50.0,T,A,skwon,2025-04-22T06:00:00,anguyen,2025-04-22T19:00:00,T
900125,500125,LAL_KINETIC,0,1.23,1.23,1.23,EU/device,0,20,10.0,T,A,skwon,2025-04-23T06:00:00,jchen,2025-04-23T15:00:00,T
900126,500126,SETTLE_PLATE_TSA,0,0,0,0.0,CFU/plate,0,1,1.0,T,A,dpatel,2025-04-22T10:00:00,skwon,2025-04-23T03:00:00,T
900127,500127,VIABLE_AIR_USP,0,0,0,0.0,CFU/m3,0,1,1.0,T,A,tolawale,2025-04-22T10:00:00,mrodriguez,2025-04-22T22:00:00,T
900128,500128,SETTLE_PLATE_TSA,0,0,0,0.0,CFU/plate,0,5,3.0,T,A,tolawale,2025-04-23T16:00:00,dpatel,2025-04-24T13:00:00,T
900129,500129,VIABLE_AIR_USP,0,1,1,1.0,CFU/m3,0,20,10.0,T,A,skwon,2025-04-22T18:00:00,skwon,2025-04-23T19:00:00,T
900130,500130,SETTLE_PLATE_TSA,0,0,0,0.0,CFU/plate,0,50,25.0,T,A,dpatel,2025-04-23T15:00:00,dpatel,2025-04-24T16:00:00,T
900131,500131,VIABLE_AIR_USP,0,13,13,13.0,CFU/m3,0,200,100.0,T,A,dpatel,2025-04-23T09:00:00,jchen,2025-04-23T13:00:00,T
900132,500132,SETTLE_PLATE_TSA,0,5,5,5.0,CFU/plate,0,100,50.0,T,A,anguyen,2025-04-29T15:00:00,jchen,2025-04-30T03:00:00,T
900133,500133,VIABLE_AIR_USP,0,22,22,22.0,CFU/m3,0,400,200.0,T,A,tolawale,2025-04-27T13:00:00,anguyen,2025-04-28T02:00:00,T
900134,500134,SETTLE_PLATE_TSA,0,0,0,0.0,CFU/plate,0,1,1.0,T,A,mrodriguez,2025-04-24T17:00:00,dpatel,2025-04-25T06:00:00,T
900135,500135,VIABLE_AIR_USP,0,0,0,0.0,CFU/m3,0,1,1.0,T,A,anguyen,2025-04-23T13:00:00,dpatel,2025-04-23T15:00:00,T
900136,500136,SETTLE_PLATE_TSA,0,1,1,1.0,CFU/plate,0,5,3.0,T,A,dpatel,2025-04-27T14:00:00,tolawale,2025-04-27T18:00:00,T
900137,500137,VIABLE_AIR_USP,0,0,0,0.0,CFU/m3,0,20,10.0,T,A,jchen,2025-04-23T12:00:00,dpatel,2025-04-24T03:00:00,T
900138,500138,SETTLE_PLATE_TSA,0,1,1,1.0,CFU/plate,0,50,25.0,T,A,anguyen,2025-04-23T10:00:00,jchen,2025-04-23T17:00:00,T
900139,500139,VIABLE_AIR_USP,0,12,12,12.0,CFU/m3,0,200,100.0,T,A,skwon,2025-04-24T15:00:00,mrodriguez,2025-04-25T06:00:00,T
900140,500140,SETTLE_PLATE_TSA,0,2,2,2.0,CFU/plate,0,100,50.0,T,A,skwon,2025-04-24T16:00:00,jchen,2025-04-25T15:00:00,T
900141,500141,VIABLE_AIR_USP,0,15,15,15.0,CFU/m3,0,400,200.0,T,A,jchen,2025-04-28T13:00:00,dpatel,2025-04-29T15:00:00,T
900142,500142,SETTLE_PLATE_TSA,0,0,0,0.0,CFU/plate,0,1,1.0,T,A,skwon,2025-04-24T08:00:00,tolawale,2025-04-24T22:00:00,T
900143,500143,VIABLE_AIR_USP,0,0,0,0.0,CFU/m3,0,1,1.0,T,A,tolawale,2025-04-24T16:00:00,jchen,2025-04-25T21:00:00,T
900144,500144,SETTLE_PLATE_TSA,0,0,0,0.0,CFU/plate,0,5,3.0,T,A,dpatel,2025-04-25T12:00:00,skwon,2025-04-25T23:00:00,T
900145,500145,VIABLE_AIR_USP,0,2,2,2.0,CFU/m3,0,20,10.0,T,A,mrodriguez,2025-04-25T13:00:00,jchen,2025-04-25T17:00:00,T
900146,500146,SETTLE_PLATE_TSA,0,0,0,0.0,CFU/plate,0,50,25.0,T,A,anguyen,2025-04-25T14:00:00,mrodriguez,2025-04-25T23:00:00,T
900147,500147,VIABLE_AIR_USP,0,5,5,5.0,CFU/m3,0,200,100.0,T,A,anguyen,2025-04-25T11:00:00,mrodriguez,2025-04-26T12:00:00,T
900148,500148,SETTLE_PLATE_TSA,0,8,8,8.0,CFU/plate,0,100,50.0,T,A,mrodriguez,2025-04-24T09:00:00,skwon,2025-04-24T16:00:00,T
900149,500149,VIABLE_AIR_USP,0,19,19,19.0,CFU/m3,0,400,200.0,T,A,anguyen,2025-04-25T15:00:00,jchen,2025-04-25T21:00:00,T
900150,500150,SETTLE_PLATE_TSA,0,0,0,0.0,CFU/plate,0,1,1.0,T,A,dpatel,2025-04-26T16:00:00,skwon,2025-04-26T20:00:00,T
900151,500151,VIABLE_AIR_USP,0,0,0,0.0,CFU/m3,0,1,1.0,T,A,dpatel,2025-04-25T07:00:00,anguyen,2025-04-26T04:00:00,T
900152,500152,SETTLE_PLATE_TSA,0,0,0,0.0,CFU/plate,0,5,3.0,T,A,tolawale,2025-04-26T13:00:00,skwon,2025-04-27T01:00:00,T
900153,500153,VIABLE_AIR_USP,0,1,1,1.0,CFU/m3,0,20,10.0,T,A,skwon,2025-04-26T07:00:00,mrodriguez,2025-04-27T01:00:00,T
900154,500154,SETTLE_PLATE_TSA,0,1,1,1.0,CFU/plate,0,50,25.0,T,A,skwon,2025-04-25T14:00:00,skwon,2025-04-26T03:00:00,T
900155,500155,VIABLE_AIR_USP,0,8,8,8.0,CFU/m3,0,200,100.0,T,A,tolawale,2025-04-26T09:00:00,anguyen,2025-04-26T21:00:00,T
900156,500156,SETTLE_PLATE_TSA,0,2,2,2.0,CFU/plate,0,100,50.0,T,A,tolawale,2025-04-25T13:00:00,tolawale,2025-04-25T17:00:00,T
900157,500157,VIABLE_AIR_USP,0,27,27,27.0,CFU/m3,0,400,200.0,T,A,dpatel,2025-04-26T10:00:00,jchen,2025-04-27T07:00:00,T
900158,500158,SETTLE_PLATE_TSA,0,0,0,0.0,CFU/plate,0,1,1.0,T,A,mrodriguez,2025-04-26T14:00:00,jchen,2025-04-27T08:00:00,T
900159,500159,VIABLE_AIR_USP,0,0,0,0.0,CFU/m3,0,1,1.0,T,A,mrodriguez,2025-04-27T10:00:00,mrodriguez,2025-04-27T19:00:00,T
900160,500160,SETTLE_PLATE_TSA,0,1,1,1.0,CFU/plate,0,5,3.0,T,A,anguyen,2025-04-26T15:00:00,mrodriguez,2025-04-27T21:00:00,T
900161,500161,VIABLE_AIR_USP,0,2,2,2.0,CFU/m3,0,20,10.0,T,A,mrodriguez,2025-04-26T14:00:00,dpatel,2025-04-26T17:00:00,T
900162,500162,SETTLE_PLATE_TSA,0,3,3,3.0,CFU/plate,0,50,25.0,T,A,anguyen,2025-04-27T12:00:00,dpatel,2025-04-28T07:00:00,T
900163,500163,VIABLE_AIR_USP,0,9,9,9.0,CFU/m3,0,200,100.0,T,A,mrodriguez,2025-04-27T16:00:00,skwon,2025-04-28T18:00:00,T
900164,500164,SETTLE_PLATE_TSA,0,3,3,3.0,CFU/plate,0,100,50.0,T,A,mrodriguez,2025-04-26T11:00:00,skwon,2025-04-26T14:00:00,T
900165,500165,VIABLE_AIR_USP,0,18,18,18.0,CFU/m3,0,400,200.0,T,A,jchen,2025-04-26T14:00:00,dpatel,2025-04-26T18:00:00,T
900166,500166,SETTLE_PLATE_TSA,0,0,0,0.0,CFU/plate,0,1,1.0,T,A,skwon,2025-04-27T14:00:00,jchen,2025-04-28T20:00:00,T
900167,500167,VIABLE_AIR_USP,0,0,0,0.0,CFU/m3,0,1,1.0,T,A,anguyen,2025-04-28T10:00:00,jchen,2025-04-28T23:00:00,T
900168,500168,SETTLE_PLATE_TSA,0,0,0,0.0,CFU/plate,0,5,3.0,T,A,mrodriguez,2025-04-28T15:00:00,tolawale,2025-04-29T15:00:00,T
900169,500169,VIABLE_AIR_USP,0,0,0,0.0,CFU/m3,0,20,10.0,T,A,jchen,2025-04-27T14:00:00,anguyen,2025-04-27T22:00:00,T
900170,500170,SETTLE_PLATE_TSA,0,5,5,5.0,CFU/plate,0,50,25.0,T,A,skwon,2025-04-28T13:00:00,jchen,2025-04-29T00:00:00,T
900171,500171,VIABLE_AIR_USP,0,4,4,4.0,CFU/m3,0,200,100.0,T,A,skwon,2025-04-28T18:00:00,anguyen,2025-04-28T20:00:00,T
900172,500172,SETTLE_PLATE_TSA,0,7,7,7.0,CFU/plate,0,100,50.0,T,A,skwon,2025-05-02T11:00:00,mrodriguez,2025-05-03T07:00:00,T
900173,500173,VIABLE_AIR_USP,0,15,15,15.0,CFU/m3,0,400,200.0,T,A,anguyen,2025-04-27T14:00:00,anguyen,2025-04-28T09:00:00,T
900174,500174,SETTLE_PLATE_TSA,0,0,0,0.0,CFU/plate,0,1,1.0,T,A,jchen,2025-04-29T13:00:00,dpatel,2025-04-30T14:00:00,T
900175,500175,VIABLE_AIR_USP,0,0,0,0.0,CFU/m3,0,1,1.0,T,A,mrodriguez,2025-04-28T13:00:00,dpatel,2025-04-28T19:00:00,T
900176,500176,SETTLE_PLATE_TSA,0,1,1,1.0,CFU/plate,0,5,3.0,T,A,tolawale,2025-04-29T09:00:00,jchen,2025-04-30T12:00:00,T
900177,500177,VIABLE_AIR_USP,0,3,3,3.0,CFU/m3,0,20,10.0,T,A,jchen,2025-04-28T12:00:00,dpatel,2025-04-29T18:00:00,T
900178,500178,SETTLE_PLATE_TSA,0,3,3,3.0,CFU/plate,0,50,25.0,T,A,anguyen,2025-04-28T12:00:00,jchen,2025-04-28T23:00:00,T
900179,500179,VIABLE_AIR_USP,0,7,7,7.0,CFU/m3,0,200,100.0,T,A,dpatel,2025-04-29T14:00:00,tolawale,2025-04-30T20:00:00,T
900180,500180,SETTLE_PLATE_TSA,0,8,8,8.0,CFU/plate,0,100,50.0,T,A,mrodriguez,2025-04-29T13:00:00,dpatel,2025-04-30T16:00:00,T
900181,500181,VIABLE_AIR_USP,0,11,11,11.0,CFU/m3,0,400,200.0,T,A,jchen,2025-04-28T17:00:00,jchen,2025-04-29T04:00:00,T
900182,500182,SETTLE_PLATE_TSA,0,0,0,0.0,CFU/plate,0,1,1.0,T,A,tolawale,2025-04-30T07:00:00,anguyen,2025-05-01T08:00:00,T
900183,500183,VIABLE_AIR_USP,0,0,0,0.0,CFU/m3,0,1,1.0,T,A,tolawale,2025-04-29T09:00:00,skwon,2025-04-30T08:00:00,T
900184,500184,SETTLE_PLATE_TSA,0,0,0,0.0,CFU/plate,0,5,3.0,T,A,jchen,2025-04-30T07:00:00,mrodriguez,2025-04-30T13:00:00,T
900185,500185,VIABLE_AIR_USP,0,0,0,0.0,CFU/m3,0,20,10.0,T,A,dpatel,2025-04-29T10:00:00,dpatel,2025-04-30T09:00:00,T
900186,500186,SETTLE_PLATE_TSA,0,1,1,1.0,CFU/plate,0,50,25.0,T,A,mrodriguez,2025-04-30T15:00:00,mrodriguez,2025-05-01T13:00:00,T
900187,500187,VIABLE_AIR_USP,0,12,12,12.0,CFU/m3,0,200,100.0,T,A,tolawale,2025-04-30T14:00:00,dpatel,2025-04-30T19:00:00,T
900188,500188,SETTLE_PLATE_TSA,0,6,6,6.0,CFU/plate,0,100,50.0,T,A,dpatel,2025-04-30T13:00:00,jchen,2025-04-30T18:00:00,T
900189,500189,VIABLE_AIR_USP,0,18,18,18.0,CFU/m3,0,400,200.0,T,A,jchen,2025-04-30T14:00:00,anguyen,2025-05-01T14:00:00,T
900190,500190,SETTLE_PLATE_TSA,0,0,0,0.0,CFU/plate,0,1,1.0,T,A,tolawale,2025-04-30T12:00:00,jchen,2025-05-01T06:00:00,T
900191,500191,VIABLE_AIR_USP,0,0,0,0.0,CFU/m3,0,1,1.0,T,A,mrodriguez,2025-04-30T12:00:00,dpatel,2025-05-01T07:00:00,T
900192,500192,SETTLE_PLATE_TSA,0,0,0,0.0,CFU/plate,0,5,3.0,T,A,anguyen,2025-04-30T11:00:00,tolawale,2025-05-01T01:00:00,T
900193,500193,VIABLE_AIR_USP,0,0,0,0.0,CFU/m3,0,20,10.0,T,A,skwon,2025-04-30T11:00:00,jchen,2025-04-30T23:00:00,T
900194,500194,SETTLE_PLATE_TSA,0,1,1,1.0,CFU/plate,0,50,25.0,T,A,dpatel,2025-04-30T12:00:00,jchen,2025-05-01T03:00:00,T
900195,500195,VIABLE_AIR_USP,0,7,7,7.0,CFU/m3,0,200,100.0,T,A,mrodriguez,2025-04-30T15:00:00,dpatel,2025-05-01T15:00:00,T
900196,500196,SETTLE_PLATE_TSA,0,2,2,2.0,CFU/plate,0,100,50.0,T,A,dpatel,2025-05-01T08:00:00,anguyen,2025-05-02T06:00:00,T
900197,500197,VIABLE_AIR_USP,0,9,9,9.0,CFU/m3,0,400,200.0,T,A,tolawale,2025-04-30T12:00:00,tolawale,2025-05-01T11:00:00,T
900198,500198,SETTLE_PLATE_TSA,0,0,0,0.0,CFU/plate,0,1,1.0,T,A,jchen,2025-05-01T11:00:00,anguyen,2025-05-01T14:00:00,T
900199,500199,VIABLE_AIR_USP,0,0,0,0.0,CFU/m3,0,1,1.0,T,A,anguyen,2025-05-01T14:00:00,anguyen,2025-05-02T20:00:00,T
900200,500200,SETTLE_PLATE_TSA,0,0,0,0.0,CFU/plate,0,5,3.0,T,A,mrodriguez,2025-05-02T13:00:00,tolawale,2025-05-03T05:00:00,T
900201,500201,VIABLE_AIR_USP,0,1,1,1.0,CFU/m3,0,20,10.0,T,A,skwon,2025-05-01T14:00:00,dpatel,2025-05-02T11:00:00,T
900202,500202,SETTLE_PLATE_TSA,0,0,0,0.0,CFU/plate,0,50,25.0,T,A,skwon,2025-05-02T16:00:00,dpatel,2025-05-03T11:00:00,T
900203,500203,VIABLE_AIR_USP,0,9,9,9.0,CFU/m3,0,200,100.0,T,A,dpatel,2025-05-01T07:00:00,skwon,2025-05-01T10:00:00,T
900204,500204,SETTLE_PLATE_TSA,0,4,4,4.0,CFU/plate,0,100,50.0,T,A,mrodriguez,2025-05-02T10:00:00,skwon,2025-05-03T12:00:00,T
900205,500205,VIABLE_AIR_USP,0,16,16,16.0,CFU/m3,0,400,200.0,T,A,skwon,2025-05-02T09:00:00,anguyen,2025-05-02T13:00:00,T
900206,500206,SETTLE_PLATE_TSA,0,0,0,0.0,CFU/plate,0,1,1.0,T,A,anguyen,2025-05-02T11:00:00,tolawale,2025-05-03T04:00:00,T
900207,500207,VIABLE_AIR_USP,0,0,0,0.0,CFU/m3,0,1,1.0,T,A,anguyen,2025-05-05T14:00:00,tolawale,2025-05-05T20:00:00,T
900208,500208,SETTLE_PLATE_TSA,0,0,0,0.0,CFU/plate,0,5,3.0,T,A,jchen,2025-05-02T13:00:00,jchen,2025-05-03T08:00:00,T
900209,500209,VIABLE_AIR_USP,0,2,2,2.0,CFU/m3,0,20,10.0,T,A,anguyen,2025-05-02T11:00:00,dpatel,2025-05-02T16:00:00,T
900210,500210,SETTLE_PLATE_TSA,0,0,0,0.0,CFU/plate,0,50,25.0,T,A,dpatel,2025-05-02T18:00:00,jchen,2025-05-03T08:00:00,T
900211,500211,VIABLE_AIR_USP,0,5,5,5.0,CFU/m3,0,200,100.0,T,A,tolawale,2025-05-03T15:00:00,anguyen,2025-05-04T07:00:00,T
900212,500212,SETTLE_PLATE_TSA,0,3,3,3.0,CFU/plate,0,100,50.0,T,A,anguyen,2025-05-03T12:00:00,anguyen,2025-05-04T08:00:00,T
900213,500213,VIABLE_AIR_USP,0,22,22,22.0,CFU/m3,0,400,200.0,T,A,skwon,2025-05-03T17:00:00,dpatel,2025-05-04T21:00:00,T
900214,500214,SETTLE_PLATE_TSA,0,0,0,0.0,CFU/plate,0,1,1.0,T,A,anguyen,2025-05-03T16:00:00,anguyen,2025-05-04T02:00:00,T
900215,500215,VIABLE_AIR_USP,0,0,0,0.0,CFU/m3,0,1,1.0,T,A,anguyen,2025-05-04T08:00:00,mrodriguez,2025-05-05T12:00:00,T
900216,500216,SETTLE_PLATE_TSA,0,0,0,0.0,CFU/plate,0,5,3.0,T,A,mrodriguez,2025-05-08T12:00:00,tolawale,2025-05-08T18:00:00,T
900217,500217,VIABLE_AIR_USP,0,0,0,0.0,CFU/m3,0,20,10.0,T,A,anguyen,2025-05-03T12:00:00,anguyen,2025-05-04T06:00:00,T
900218,500218,SETTLE_PLATE_TSA,0,3,3,3.0,CFU/plate,0,50,25.0,T,A,anguyen,2025-05-03T16:00:00,anguyen,2025-05-04T11:00:00,T
900219,500219,VIABLE_AIR_USP,0,8,8,8.0,CFU/m3,0,200,100.0,T,A,anguyen,2025-05-03T12:00:00,mrodriguez,2025-05-04T07:00:00,T
900220,500220,SETTLE_PLATE_TSA,0,1,1,1.0,CFU/plate,0,100,50.0,T,A,tolawale,2025-05-04T13:00:00,anguyen,2025-05-05T06:00:00,T
900221,500221,VIABLE_AIR_USP,0,13,13,13.0,CFU/m3,0,400,200.0,T,A,dpatel,2025-05-04T14:00:00,mrodriguez,2025-05-05T18:00:00,T
900222,500222,SETTLE_PLATE_TSA,0,0,0,0.0,CFU/plate,0,1,1.0,T,A,dpatel,2025-05-05T13:00:00,anguyen,2025-05-05T21:00:00,T
900223,500223,VIABLE_AIR_USP,0,0,0,0.0,CFU/m3,0,1,1.0,T,A,tolawale,2025-05-04T13:00:00,tolawale,2025-05-04T22:00:00,T
900224,500224,SETTLE_PLATE_TSA,0,0,0,0.0,CFU/plate,0,5,3.0,T,A,jchen,2025-05-05T14:00:00,mrodriguez,2025-05-05T19:00:00,T
900225,500225,VIABLE_AIR_USP,0,1,1,1.0,CFU/m3,0,20,10.0,T,A,mrodriguez,2025-05-05T17:00:00,dpatel,2025-05-06T15:00:00,T
900226,500226,SETTLE_PLATE_TSA,0,3,3,3.0,CFU/plate,0,50,25.0,T,A,jchen,2025-05-04T14:00:00,jchen,2025-05-05T15:00:00,T
900227,500227,VIABLE_AIR_USP,0,12,12,12.0,CFU/m3,0,200,100.0,T,A,skwon,2025-05-04T07:00:00,skwon,2025-05-05T11:00:00,T
900228,500228,SETTLE_PLATE_TSA,0,3,3,3.0,CFU/plate,0,100,50.0,T,A,jchen,2025-05-04T11:00:00,tolawale,2025-05-04T22:00:00,T
900229,500229,VIABLE_AIR_USP,0,10,10,10.0,CFU/m3,0,400,200.0,T,A,mrodriguez,2025-05-05T13:00:00,dpatel,2025-05-05T21:00:00,T
900230,500230,SETTLE_PLATE_TSA,0,0,0,0.0,CFU/plate,0,1,1.0,T,A,tolawale,2025-05-06T12:00:00,mrodriguez,2025-05-07T08:00:00,T
900231,500231,VIABLE_AIR_USP,0,0,0,0.0,CFU/m3,0,1,1.0,T,A,skwon,2025-05-05T15:00:00,mrodriguez,2025-05-06T14:00:00,T
900232,500232,SETTLE_PLATE_TSA,0,0,0,0.0,CFU/plate,0,5,3.0,T,A,mrodriguez,2025-05-11T11:00:00,dpatel,2025-05-12T03:00:00,T
900233,500233,VIABLE_AIR_USP,0,1,1,1.0,CFU/m3,0,20,10.0,T,A,jchen,2025-05-06T13:00:00,jchen,2025-05-06T16:00:00,T
900234,500234,SETTLE_PLATE_TSA,0,0,0,0.0,CFU/plate,0,50,25.0,T,A,tolawale,2025-05-06T10:00:00,dpatel,2025-05-07T08:00:00,T
900235,500235,VIABLE_AIR_USP,0,6,6,6.0,CFU/m3,0,200,100.0,T,A,mrodriguez,2025-05-06T12:00:00,anguyen,2025-05-07T03:00:00,T
900236,500236,SETTLE_PLATE_TSA,0,7,7,7.0,CFU/plate,0,100,50.0,T,A,tolawale,2025-05-05T15:00:00,tolawale,2025-05-06T07:00:00,T
900237,500237,VIABLE_AIR_USP,0,27,27,27.0,CFU/m3,0,400,200.0,T,A,jchen,2025-05-05T18:00:00,dpatel,2025-05-06T00:00:00,T
900238,500238,BIOBURDEN_USP61,0,4,4,4.0,CFU/device,0,100,50.0,T,A,tolawale,2025-05-07T07:00:00,anguyen,2025-05-08T00:00:00,T
900239,500239,LAL_KINETIC,0,0.59,0.59,0.59,EU/device,0,20,10.0,T,A,jchen,2025-05-06T09:00:00,skwon,2025-05-06T15:00:00,T
900240,500240,BIOBURDEN_USP61,0,5,5,5.0,CFU/device,0,100,50.0,T,A,skwon,2025-05-07T10:00:00,jchen,2025-05-07T21:00:00,T
900241,500241,LAL_KINETIC,0,0.8,0.8,0.8,EU/device,0,20,10.0,T,A,dpatel,2025-05-05T09:00:00,jchen,2025-05-05T17:00:00,T
900242,500242,BIOBURDEN_USP61,0,5,5,5.0,CFU/device,0,100,50.0,T,A,jchen,2025-05-05T10:00:00,dpatel,2025-05-06T03:00:00,T
900243,500243,LAL_KINETIC,0,1.55,1.55,1.55,EU/device,0,20,10.0,T,A,mrodriguez,2025-05-05T09:00:00,skwon,2025-05-06T00:00:00,T
900244,500244,SETTLE_PLATE_TSA,0,0,0,0.0,CFU/plate,0,1,1.0,T,A,tolawale,2025-05-06T11:00:00,anguyen,2025-05-06T16:00:00,T
900245,500245,VIABLE_AIR_USP,0,0,0,0.0,CFU/m3,0,1,1.0,T,A,tolawale,2025-05-06T07:00:00,tolawale,2025-05-06T18:00:00,T
900246,500246,SETTLE_PLATE_TSA,0,0,0,0.0,CFU/plate,0,5,3.0,T,A,skwon,2025-05-06T17:00:00,dpatel,2025-05-07T06:00:00,T
900247,500247,VIABLE_AIR_USP,0,2,2,2.0,CFU/m3,0,20,10.0,T,A,jchen,2025-05-07T06:00:00,jchen,2025-05-07T15:00:00,T
900248,500248,SETTLE_PLATE_TSA,0,0,0,0.0,CFU/plate,0,50,25.0,T,A,anguyen,2025-05-06T12:00:00,skwon,2025-05-07T13:00:00,T
900249,500249,VIABLE_AIR_USP,0,10,10,10.0,CFU/m3,0,200,100.0,T,A,mrodriguez,2025-05-06T12:00:00,mrodriguez,2025-05-07T06:00:00,T
900250,500250,SETTLE_PLATE_TSA,0,2,2,2.0,CFU/plate,0,100,50.0,T,A,anguyen,2025-05-07T13:00:00,tolawale,2025-05-08T00:00:00,T
900251,500251,VIABLE_AIR_USP,0,17,17,17.0,CFU/m3,0,400,200.0,T,A,dpatel,2025-05-06T15:00:00,jchen,2025-05-07T10:00:00,T
900252,500252,SETTLE_PLATE_TSA,0,0,0,0.0,CFU/plate,0,1,1.0,T,A,anguyen,2025-05-08T15:00:00,skwon,2025-05-08T21:00:00,T
900253,500253,VIABLE_AIR_USP,0,0,0,0.0,CFU/m3,0,1,1.0,T,A,skwon,2025-05-07T14:00:00,mrodriguez,2025-05-08T19:00:00,T
900254,500254,SETTLE_PLATE_TSA,0,1,1,1.0,CFU/plate,0,5,3.0,T,A,skwon,2025-05-07T16:00:00,mrodriguez,2025-05-08T01:00:00,T
900255,500255,VIABLE_AIR_USP,0,1,1,1.0,CFU/m3,0,20,10.0,T,A,skwon,2025-05-07T14:00:00,jchen,2025-05-08T15:00:00,T
900256,500256,SETTLE_PLATE_TSA,0,2,2,2.0,CFU/plate,0,50,25.0,T,A,anguyen,2025-05-10T13:00:00,tolawale,2025-05-11T16:00:00,T
900257,500257,VIABLE_AIR_USP,0,10,10,10.0,CFU/m3,0,200,100.0,T,A,skwon,2025-05-08T11:00:00,mrodriguez,2025-05-08T13:00:00,T
900258,500258,SETTLE_PLATE_TSA,0,4,4,4.0,CFU/plate,0,100,50.0,T,A,mrodriguez,2025-05-07T15:00:00,dpatel,2025-05-08T00:00:00,T
900259,500259,VIABLE_AIR_USP,0,16,16,16.0,CFU/m3,0,400,200.0,T,A,skwon,2025-05-08T13:00:00,anguyen,2025-05-08T23:00:00,T
900260,500260,SETTLE_PLATE_TSA,0,0,0,0.0,CFU/plate,0,1,1.0,T,A,tolawale,2025-05-09T09:00:00,skwon,2025-05-09T22:00:00,T
900261,500261,VIABLE_AIR_USP,0,0,0,0.0,CFU/m3,0,1,1.0,T,A,tolawale,2025-05-09T15:00:00,tolawale,2025-05-10T11:00:00,T
900262,500262,SETTLE_PLATE_TSA,0,1,1,1.0,CFU/plate,0,5,3.0,T,A,dpatel,2025-05-08T14:00:00,tolawale,2025-05-09T09:00:00,T
900263,500263,VIABLE_AIR_USP,0,3,3,3.0,CFU/m3,0,20,10.0,T,A,tolawale,2025-05-09T16:00:00,dpatel,2025-05-09T23:00:00,T
900264,500264,SETTLE_PLATE_TSA,0,3,3,3.0,CFU/plate,0,50,25.0,T,A,skwon,2025-05-08T18:00:00,tolawale,2025-05-08T21:00:00,T
900265,500265,VIABLE_AIR_USP,0,12,12,12.0,CFU/m3,0,200,100.0,T,A,skwon,2025-05-08T07:00:00,jchen,2025-05-09T07:00:00,T
900266,500266,SETTLE_PLATE_TSA,0,2,2,2.0,CFU/plate,0,100,50.0,T,A,jchen,2025-05-09T15:00:00,anguyen,2025-05-09T17:00:00,T
900267,500267,VIABLE_AIR_USP,0,14,14,14.0,CFU/m3,0,400,200.0,T,A,jchen,2025-05-09T14:00:00,anguyen,2025-05-10T01:00:00,T
900268,500268,SETTLE_PLATE_TSA,0,0,0,0.0,CFU/plate,0,1,1.0,T,A,mrodriguez,2025-05-09T17:00:00,mrodriguez,2025-05-09T23:00:00,T
900269,500269,VIABLE_AIR_USP,0,0,0,0.0,CFU/m3,0,1,1.0,T,A,dpatel,2025-05-10T09:00:00,skwon,2025-05-10T22:00:00,T
900270,500270,SETTLE_PLATE_TSA,0,0,0,0.0,CFU/plate,0,5,3.0,T,A,dpatel,2025-05-09T07:00:00,skwon,2025-05-09T11:00:00,T
900271,500271,VIABLE_AIR_USP,0,0,0,0.0,CFU/m3,0,20,10.0,T,A,jchen,2025-05-09T10:00:00,tolawale,2025-05-10T03:00:00,T
900272,500272,SETTLE_PLATE_TSA,0,2,2,2.0,CFU/plate,0,50,25.0,T,A,anguyen,2025-05-09T09:00:00,anguyen,2025-05-10T15:00:00,T
900273,500273,VIABLE_AIR_USP,0,9,9,9.0,CFU/m3,0,200,100.0,T,A,jchen,2025-05-10T14:00:00,jchen,2025-05-11T10:00:00,T
900274,500274,SETTLE_PLATE_TSA,0,4,4,4.0,CFU/plate,0,100,50.0,T,A,mrodriguez,2025-05-10T07:00:00,anguyen,2025-05-10T18:00:00,T
900275,500275,VIABLE_AIR_USP,0,16,16,16.0,CFU/m3,0,400,200.0,T,A,tolawale,2025-05-10T15:00:00,mrodriguez,2025-05-11T17:00:00,T
900276,500276,SETTLE_PLATE_TSA,0,0,0,0.0,CFU/plate,0,1,1.0,T,A,anguyen,2025-05-11T06:00:00,mrodriguez,2025-05-11T11:00:00,T
900277,500277,VIABLE_AIR_USP,0,0,0,0.0,CFU/m3,0,1,1.0,T,A,anguyen,2025-05-11T13:00:00,dpatel,2025-05-11T15:00:00,T
900278,500278,SETTLE_PLATE_TSA,0,0,0,0.0,CFU/plate,0,5,3.0,T,A,mrodriguez,2025-05-11T15:00:00,anguyen,2025-05-11T22:00:00,T
900279,500279,VIABLE_AIR_USP,0,1,1,1.0,CFU/m3,0,20,10.0,T,A,anguyen,2025-05-10T07:00:00,mrodriguez,2025-05-10T11:00:00,T
900280,500280,SETTLE_PLATE_TSA,0,1,1,1.0,CFU/plate,0,50,25.0,T,A,tolawale,2025-05-11T08:00:00,dpatel,2025-05-11T12:00:00,T
900281,500281,VIABLE_AIR_USP,0,9,9,9.0,CFU/m3,0,200,100.0,T,A,jchen,2025-05-10T14:00:00,anguyen,2025-05-11T06:00:00,T
900282,500282,SETTLE_PLATE_TSA,0,4,4,4.0,CFU/plate,0,100,50.0,T,A,jchen,2025-05-10T11:00:00,jchen,2025-05-11T16:00:00,T
900283,500283,VIABLE_AIR_USP,0,18,18,18.0,CFU/m3,0,400,200.0,T,A,jchen,2025-05-10T17:00:00,skwon,2025-05-11T00:00:00,T
900284,500284,SETTLE_PLATE_TSA,0,0,0,0.0,CFU/plate,0,1,1.0,T,A,dpatel,2025-05-11T10:00:00,skwon,2025-05-12T01:00:00,T
900285,500285,VIABLE_AIR_USP,0,0,0,0.0,CFU/m3,0,1,1.0,T,A,dpatel,2025-05-11T13:00:00,mrodriguez,2025-05-12T10:00:00,T
900286,500286,SETTLE_PLATE_TSA,0,0,0,0.0,CFU/plate,0,5,3.0,T,A,jchen,2025-05-12T14:00:00,skwon,2025-05-13T17:00:00,T
900287,500287,VIABLE_AIR_USP,0,1,1,1.0,CFU/m3,0,20,10.0,T,A,mrodriguez,2025-05-11T17:00:00,skwon,2025-05-12T05:00:00,T
900288,500288,SETTLE_PLATE_TSA,0,1,1,1.0,CFU/plate,0,50,25.0,T,A,anguyen,2025-05-12T15:00:00,dpatel,2025-05-13T01:00:00,T
900289,500289,VIABLE_AIR_USP,0,4,4,4.0,CFU/m3,0,200,100.0,T,A,mrodriguez,2025-05-11T18:00:00,skwon,2025-05-11T20:00:00,T
900290,500290,SETTLE_PLATE_TSA,0,2,2,2.0,CFU/plate,0,100,50.0,T,A,dpatel,2025-05-11T15:00:00,mrodriguez,2025-05-12T14:00:00,T
900291,500291,VIABLE_AIR_USP,0,13,13,13.0,CFU/m3,0,400,200.0,T,A,dpatel,2025-05-12T13:00:00,anguyen,2025-05-12T17:00:00,T
900292,500292,SETTLE_PLATE_TSA,0,0,0,0.0,CFU/plate,0,1,1.0,T,A,anguyen,2025-05-13T18:00:00,tolawale,2025-05-13T21:00:00,T
900293,500293,VIABLE_AIR_USP,0,0,0,0.0,CFU/m3,0,1,1.0,T,A,anguyen,2025-05-12T11:00:00,tolawale,2025-05-13T13:00:00,T
900294,500294,SETTLE_PLATE_TSA,0,0,0,0.0,CFU/plate,0,5,3.0,T,A,jchen,2025-05-13T15:00:00,jchen,2025-05-14T18:00:00,T
900295,500295,VIABLE_AIR_USP,0,1,1,1.0,CFU/m3,0,20,10.0,T,A,mrodriguez,2025-05-12T15:00:00,skwon,2025-05-13T04:00:00,T
900296,500296,SETTLE_PLATE_TSA,0,2,2,2.0,CFU/plate,0,50,25.0,T,A,mrodriguez,2025-05-12T17:00:00,skwon,2025-05-12T22:00:00,T
900297,500297,VIABLE_AIR_USP,0,3,3,3.0,CFU/m3,0,200,100.0,T,A,jchen,2025-05-12T11:00:00,skwon,2025-05-12T22:00:00,T
900298,500298,SETTLE_PLATE_TSA,0,6,6,6.0,CFU/plate,0,100,50.0,T,A,skwon,2025-05-13T13:00:00,jchen,2025-05-13T17:00:00,T
900299,500299,VIABLE_AIR_USP,0,18,18,18.0,CFU/m3,0,400,200.0,T,A,jchen,2025-05-12T08:00:00,anguyen,2025-05-13T09:00:00,T
900300,500300,BIOBURDEN_USP61,0,4,4,4.0,CFU/device,0,100,50.0,T,A,skwon,2025-05-12T09:00:00,mrodriguez,2025-05-12T23:00:00,T
900301,500301,LAL_KINETIC,0,1.96,1.96,1.96,EU/device,0,20,10.0,T,A,tolawale,2025-05-14T07:00:00,jchen,2025-05-14T22:00:00,T
900302,500302,BIOBURDEN_USP61,0,5,5,5.0,CFU/device,0,100,50.0,T,A,anguyen,2025-05-13T09:00:00,tolawale,2025-05-13T23:00:00,T
900303,500303,LAL_KINETIC,0,0.98,0.98,0.98,EU/device,0,20,10.0,T,A,mrodriguez,2025-05-13T07:00:00,jchen,2025-05-13T11:00:00,T
900304,500304,SETTLE_PLATE_TSA,0,0,0,0.0,CFU/plate,0,1,1.0,T,A,dpatel,2025-05-14T08:00:00,skwon,2025-05-14T18:00:00,T
900305,500305,VIABLE_AIR_USP,0,0,0,0.0,CFU/m3,0,1,1.0,T,A,anguyen,2025-05-14T09:00:00,skwon,2025-05-14T22:00:00,T
900306,500306,SETTLE_PLATE_TSA,0,0,0,0.0,CFU/plate,0,5,3.0,T,A,anguyen,2025-05-13T13:00:00,dpatel,2025-05-13T18:00:00,T
900307,500307,VIABLE_AIR_USP,0,2,2,2.0,CFU/m3,0,20,10.0,T,A,tolawale,2025-05-14T14:00:00,anguyen,2025-05-15T11:00:00,T
900308,500308,SETTLE_PLATE_TSA,0,2,2,2.0,CFU/plate,0,50,25.0,T,A,tolawale,2025-05-13T17:00:00,dpatel,2025-05-14T00:00:00,T
900309,500309,VIABLE_AIR_USP,0,6,6,6.0,CFU/m3,0,200,100.0,T,A,skwon,2025-05-14T08:00:00,mrodriguez,2025-05-15T01:00:00,T
900310,500310,SETTLE_PLATE_TSA,0,6,6,6.0,CFU/plate,0,100,50.0,T,A,tolawale,2025-05-14T16:00:00,anguyen,2025-05-14T23:00:00,T
900311,500311,VIABLE_AIR_USP,0,20,20,20.0,CFU/m3,0,400,200.0,T,A,dpatel,2025-05-17T15:00:00,skwon,2025-05-18T02:00:00,T
900312,500312,SETTLE_PLATE_TSA,0,0,0,0.0,CFU/plate,0,1,1.0,T,A,anguyen,2025-05-14T14:00:00,dpatel,2025-05-15T16:00:00,T
900313,500313,VIABLE_AIR_USP,0,0,0,0.0,CFU/m3,0,1,1.0,T,A,tolawale,2025-05-14T12:00:00,,2025-05-14T17:00:00,T
900314,500314,SETTLE_PLATE_TSA,0,0,0,0.0,CFU/plate,0,5,3.0,T,A,skwon,2025-05-14T13:00:00,mrodriguez,2025-05-15T18:00:00,T
900315,500315,VIABLE_AIR_USP,0,0,0,0.0,CFU/m3,0,20,10.0,T,A,tolawale,2025-05-15T12:00:00,mrodriguez,2025-05-16T09:00:00,T
900316,500316,SETTLE_PLATE_TSA,0,1,1,1.0,CFU/plate,0,50,25.0,T,A,dpatel,2025-05-14T15:00:00,dpatel,2025-05-15T15:00:00,T
900317,500317,VIABLE_AIR_USP,0,12,12,12.0,CFU/m3,0,200,100.0,T,A,tolawale,2025-05-14T16:00:00,tolawale,2025-05-14T19:00:00,T
900318,500318,SETTLE_PLATE_TSA,0,6,6,6.0,CFU/plate,0,100,50.0,T,A,mrodriguez,2025-05-14T13:00:00,anguyen,2025-05-15T06:00:00,T
900319,500319,VIABLE_AIR_USP,0,15,15,15.0,CFU/m3,0,400,200.0,T,A,skwon,2025-05-14T15:00:00,dpatel,2025-05-15T09:00:00,T
900320,500320,SETTLE_PLATE_TSA,0,0,0,0.0,CFU/plate,0,1,1.0,T,A,skwon,2025-05-15T10:00:00,tolawale,2025-05-16T11:00:00,T
900321,500321,VIABLE_AIR_USP,0,0,0,0.0,CFU/m3,0,1,1.0,T,A,jchen,2025-05-16T11:00:00,skwon,2025-05-17T02:00:00,T
900322,500322,SETTLE_PLATE_TSA,0,0,0,0.0,CFU/plate,0,5,3.0,T,A,anguyen,2025-05-16T13:00:00,jchen,2025-05-17T19:00:00,T
900323,500323,VIABLE_AIR_USP,0,0,0,0.0,CFU/m3,0,20,10.0,T,A,jchen,2025-05-15T16:00:00,skwon,2025-05-16T08:00:00,T
900324,500324,SETTLE_PLATE_TSA,0,0,0,0.0,CFU/plate,0,50,25.0,T,A,tolawale,2025-05-16T08:00:00,dpatel,2025-05-17T06:00:00,T
900325,500325,VIABLE_AIR_USP,0,2,2,2.0,CFU/m3,0,200,100.0,T,A,jchen,2025-05-16T10:00:00,jchen,2025-05-17T01:00:00,T
900326,500326,SETTLE_PLATE_TSA,0,5,5,5.0,CFU/plate,0,100,50.0,T,A,skwon,2025-05-15T15:00:00,jchen,2025-05-16T14:00:00,T
900327,500327,VIABLE_AIR_USP,0,17,17,17.0,CFU/m3,0,400,200.0,T,A,jchen,2025-05-16T10:00:00,mrodriguez,2025-05-17T03:00:00,T
900328,500328,SETTLE_PLATE_TSA,0,0,0,0.0,CFU/plate,0,1,1.0,T,A,jchen,2025-05-17T08:00:00,tolawale,2025-05-17T22:00:00,T
900329,500329,VIABLE_AIR_USP,0,0,0,0.0,CFU/m3,0,1,1.0,T,A,jchen,2025-05-16T09:00:00,tolawale,2025-05-17T01:00:00,T
900330,500330,SETTLE_PLATE_TSA,0,0,0,0.0,CFU/plate,0,5,3.0,T,A,skwon,2025-05-17T10:00:00,mrodriguez,2025-05-17T14:00:00,T
900331,500331,VIABLE_AIR_USP,0,2,2,2.0,CFU/m3,0,20,10.0,T,A,tolawale,2025-05-17T15:00:00,mrodriguez,2025-05-18T18:00:00,T
900332,500332,SETTLE_PLATE_TSA,0,4,4,4.0,CFU/plate,0,50,25.0,T,A,anguyen,2025-05-17T07:00:00,dpatel,2025-05-18T12:00:00,T
900333,500333,VIABLE_AIR_USP,0,7,7,7.0,CFU/m3,0,200,100.0,T,A,anguyen,2025-05-17T14:00:00,mrodriguez,2025-05-18T12:00:00,T
900334,500334,SETTLE_PLATE_TSA,0,3,3,3.0,CFU/plate,0,100,50.0,T,A,skwon,2025-05-16T15:00:00,dpatel,2025-05-17T21:00:00,T
900335,500335,VIABLE_AIR_USP,0,8,8,8.0,CFU/m3,0,400,200.0,T,A,skwon,2025-05-17T12:00:00,mrodriguez,2025-05-18T07:00:00,T
900336,500336,SETTLE_PLATE_TSA,0,0,0,0.0,CFU/plate,0,1,1.0,T,A,anguyen,2025-05-18T09:00:00,skwon,2025-05-18T12:00:00,T
900337,500337,VIABLE_AIR_USP,0,0,0,0.0,CFU/m3,0,1,1.0,T,A,skwon,2025-05-18T11:00:00,anguyen,2025-05-19T09:00:00,T
900338,500338,SETTLE_PLATE_TSA,0,0,0,0.0,CFU/plate,0,5,3.0,T,A,dpatel,2025-05-17T08:00:00,skwon,2025-05-18T03:00:00,T
900339,500339,VIABLE_AIR_USP,0,0,0,0.0,CFU/m3,0,20,10.0,T,A,dpatel,2025-05-17T06:00:00,skwon,2025-05-17T15:00:00,T
900340,500340,SETTLE_PLATE_TSA,0,4,4,4.0,CFU/plate,0,50,25.0,T,A,jchen,2025-05-17T11:00:00,mrodriguez,2025-05-17T13:00:00,T
900341,500341,VIABLE_AIR_USP,0,12,12,12.0,CFU/m3,0,200,100.0,T,A,skwon,2025-05-18T09:00:00,tolawale,2025-05-18T22:00:00,T
900342,500342,SETTLE_PLATE_TSA,0,3,3,3.0,CFU/plate,0,100,50.0,T,A,jchen,2025-05-18T10:00:00,dpatel,2025-05-19T04:00:00,T
900343,500343,VIABLE_AIR_USP,0,10,10,10.0,CFU/m3,0,400,200.0,T,A,tolawale,2025-05-18T18:00:00,skwon,2025-05-19T07:00:00,T
900344,500344,SETTLE_PLATE_TSA,0,0,0,0.0,CFU/plate,0,1,1.0,T,A,mrodriguez,2025-05-18T09:00:00,anguyen,2025-05-18T18:00:00,T
900345,500345,VIABLE_AIR_USP,0,0,0,0.0,CFU/m3,0,1,1.0,T,A,mrodriguez,2025-05-23T12:00:00,jchen,2025-05-23T18:00:00,T
900346,500346,SETTLE_PLATE_TSA,0,0,0,0.0,CFU/plate,0,5,3.0,T,A,mrodriguez,2025-05-19T14:00:00,anguyen,2025-05-20T00:00:00,T
900347,500347,VIABLE_AIR_USP,0,0,0,0.0,CFU/m3,0,20,10.0,T,A,tolawale,2025-05-18T13:00:00,jchen,2025-05-19T16:00:00,T
900348,500348,SETTLE_PLATE_TSA,0,0,0,0.0,CFU/plate,0,50,25.0,T,A,dpatel,2025-05-19T14:00:00,skwon,2025-05-19T18:00:00,T
900349,500349,VIABLE_AIR_USP,0,5,5,5.0,CFU/m3,0,200,100.0,T,A,dpatel,2025-05-19T10:00:00,anguyen,2025-05-20T02:00:00,T
900350,500350,SETTLE_PLATE_TSA,0,5,5,5.0,CFU/plate,0,100,50.0,T,A,mrodriguez,2025-05-19T10:00:00,dpatel,2025-05-19T19:00:00,T
900351,500351,VIABLE_AIR_USP,0,11,11,11.0,CFU/m3,0,400,200.0,T,A,dpatel,2025-05-24T10:00:00,anguyen,2025-05-24T15:00:00,T
900352,500352,SETTLE_PLATE_TSA,0,0,0,0.0,CFU/plate,0,1,1.0,T,A,jchen,2025-05-19T13:00:00,mrodriguez,2025-05-19T17:00:00,T
900353,500353,VIABLE_AIR_USP,0,0,0,0.0,CFU/m3,0,1,1.0,T,A,skwon,2025-05-20T17:00:00,anguyen,2025-05-21T18:00:00,T
900354,500354,SETTLE_PLATE_TSA,0,0,0,0.0,CFU/plate,0,5,3.0,T,A,jchen,2025-05-19T15:00:00,mrodriguez,2025-05-20T14:00:00,T
900355,500355,VIABLE_AIR_USP,0,0,0,0.0,CFU/m3,0,20,10.0,T,A,skwon,2025-05-20T13:00:00,mrodriguez,2025-05-21T05:00:00,T
900356,500356,SETTLE_PLATE_TSA,0,7,7,7.0,CFU/plate,0,50,25.0,T,A,anguyen,2025-05-19T09:00:00,dpatel,2025-05-20T01:00:00,T
900357,500357,VIABLE_AIR_USP,0,6,6,6.0,CFU/m3,0,200,100.0,T,A,dpatel,2025-05-19T17:00:00,dpatel,2025-05-20T04:00:00,T
900358,500358,SETTLE_PLATE_TSA,0,5,5,5.0,CFU/plate,0,100,50.0,T,A,tolawale,2025-05-19T10:00:00,mrodriguez,2025-05-20T14:00:00,T
900359,500359,VIABLE_AIR_USP,0,17,17,17.0,CFU/m3,0,400,200.0,T,A,dpatel,2025-05-19T11:00:00,jchen,2025-05-19T21:00:00,T
900360,500360,BIOBURDEN_USP61,0,6,6,6.0,CFU/device,0,100,50.0,T,A,mrodriguez,2025-05-19T10:00:00,mrodriguez,2025-05-20T02:00:00,T
900361,500361,LAL_KINETIC,0,2.49,2.49,2.49,EU/device,0,20,10.0,T,A,jchen,2025-05-19T06:00:00,mrodriguez,2025-05-19T15:00:00,T
900362,500362,BIOBURDEN_USP61,0,5,5,5.0,CFU/device,0,100,50.0,T,A,anguyen,2025-05-21T06:00:00,jchen,2025-05-21T16:00:00,T
900363,500363,LAL_KINETIC,0,1.63,1.63,1.63,EU/device,0,20,10.0,T,A,mrodriguez,2025-05-21T06:00:00,jchen,2025-05-21T22:00:00,T
900364,500364,BIOBURDEN_USP61,0,4,4,4.0,CFU/device,0,100,50.0,T,A,skwon,2025-05-19T06:00:00,skwon,2025-05-19T13:00:00,T
900365,500365,LAL_KINETIC,0,1.04,1.04,1.04,EU/device,0,20,10.0,T,A,skwon,2025-05-19T09:00:00,skwon,2025-05-19T23:00:00,T
900366,500366,SETTLE_PLATE_TSA,0,0,0,0.0,CFU/plate,0,1,1.0,T,A,dpatel,2025-05-20T08:00:00,anguyen,2025-05-21T05:00:00,T
900367,500367,VIABLE_AIR_USP,0,0,0,0.0,CFU/m3,0,1,1.0,T,A,skwon,2025-05-21T08:00:00,skwon,2025-05-21T12:00:00,T
900368,500368,SETTLE_PLATE_TSA,0,1,1,1.0,CFU/plate,0,5,3.0,T,A,mrodriguez,2025-05-20T16:00:00,dpatel,2025-05-21T19:00:00,T
900369,500369,VIABLE_AIR_USP,0,2,2,2.0,CFU/m3,0,20,10.0,T,A,dpatel,2025-05-21T15:00:00,jchen,2025-05-22T01:00:00,T
900370,500370,SETTLE_PLATE_TSA,0,5,5,5.0,CFU/plate,0,50,25.0,T,A,dpatel,2025-05-26T14:00:00,mrodriguez,2025-05-27T03:00:00,T
900371,500371,VIABLE_AIR_USP,0,7,7,7.0,CFU/m3,0,200,100.0,T,A,mrodriguez,2025-05-21T14:00:00,jchen,2025-05-22T18:00:00,T
900372,500372,SETTLE_PLATE_TSA,0,6,6,6.0,CFU/plate,0,100,50.0,T,A,skwon,2025-05-20T12:00:00,dpatel,2025-05-20T21:00:00,T
900373,500373,VIABLE_AIR_USP,0,22,22,22.0,CFU/m3,0,400,200.0,T,A,anguyen,2025-05-25T10:00:00,skwon,2025-05-26T06:00:00,T
900374,500374,SETTLE_PLATE_TSA,0,0,0,0.0,CFU/plate,0,1,1.0,T,A,jchen,2025-05-21T12:00:00,skwon,2025-05-21T14:00:00,T
900375,500375,VIABLE_AIR_USP,0,0,0,0.0,CFU/m3,0,1,1.0,T,A,mrodriguez,2025-05-22T12:00:00,jchen,2025-05-23T15:00:00,T
900376,500376,SETTLE_PLATE_TSA,0,0,0,0.0,CFU/plate,0,5,3.0,T,A,jchen,2025-05-22T08:00:00,tolawale,2025-05-22T21:00:00,T
900377,500377,VIABLE_AIR_USP,0,1,1,1.0,CFU/m3,0,20,10.0,T,A,dpatel,2025-05-21T08:00:00,tolawale,2025-05-22T09:00:00,T
900378,500378,SETTLE_PLATE_TSA,0,1,1,1.0,CFU/plate,0,50,25.0,T,A,mrodriguez,2025-05-22T11:00:00,mrodriguez,2025-05-23T10:00:00,T
900379,500379,VIABLE_AIR_USP,0,4,4,4.0,CFU/m3,0,200,100.0,T,A,mrodriguez,2025-05-21T14:00:00,jchen,2025-05-22T19:00:00,T
900380,500380,SETTLE_PLATE_TSA,0,3,3,3.0,CFU/plate,0,100,50.0,T,A,mrodriguez,2025-05-21T17:00:00,tolawale,2025-05-21T23:00:00,T
900381,500381,VIABLE_AIR_USP,0,16,16,16.0,CFU/m3,0,400,200.0,T,A,dpatel,2025-05-21T13:00:00,dpatel,2025-05-22T05:00:00,T
900382,500382,SETTLE_PLATE_TSA,0,0,0,0.0,CFU/plate,0,1,1.0,T,A,dpatel,2025-05-22T06:00:00,skwon,2025-05-22T09:00:00,T
900383,500383,VIABLE_AIR_USP,0,0,0,0.0,CFU/m3,0,1,1.0,T,A,skwon,2025-05-23T12:00:00,jchen,2025-05-24T07:00:00,T
900384,500384,SETTLE_PLATE_TSA,0,0,0,0.0,CFU/plate,0,5,3.0,T,A,mrodriguez,2025-05-22T11:00:00,dpatel,2025-05-22T13:00:00,T
900385,500385,VIABLE_AIR_USP,0,1,1,1.0,CFU/m3,0,20,10.0,T,A,dpatel,2025-05-23T08:00:00,anguyen,2025-05-24T09:00:00,T
900386,500386,SETTLE_PLATE_TSA,0,3,3,3.0,CFU/plate,0,50,25.0,T,A,anguyen,2025-05-23T08:00:00,mrodriguez,2025-05-23T23:00:00,T
900387,500387,VIABLE_AIR_USP,0,9,9,9.0,CFU/m3,0,200,100.0,T,A,mrodriguez,2025-05-27T12:00:00,tolawale,2025-05-27T20:00:00,T
900388,500388,SETTLE_PLATE_TSA,0,3,3,3.0,CFU/plate,0,100,50.0,T,A,dpatel,2025-05-22T14:00:00,skwon,2025-05-23T10:00:00,T
900389,500389,VIABLE_AIR_USP,0,22,22,22.0,CFU/m3,0,400,200.0,T,A,jchen,2025-05-23T15:00:00,jchen,2025-05-23T23:00:00,T
900390,500390,SETTLE_PLATE_TSA,0,0,0,0.0,CFU/plate,0,1,1.0,T,A,jchen,2025-05-23T12:00:00,skwon,2025-05-24T15:00:00,T
900391,500391,VIABLE_AIR_USP,0,0,0,0.0,CFU/m3,0,1,1.0,T,A,jchen,2025-05-24T10:00:00,dpatel,2025-05-24T23:00:00,T
900392,500392,SETTLE_PLATE_TSA,0,0,0,0.0,CFU/plate,0,5,3.0,T,A,skwon,2025-05-23T12:00:00,mrodriguez,2025-05-24T08:00:00,T
900393,500393,VIABLE_AIR_USP,0,1,1,1.0,CFU/m3,0,20,10.0,T,A,jchen,2025-05-24T09:00:00,skwon,2025-05-25T04:00:00,T
900394,500394,SETTLE_PLATE_TSA,0,3,3,3.0,CFU/plate,0,50,25.0,T,A,tolawale,2025-05-24T13:00:00,jchen,2025-05-25T06:00:00,T
900395,500395,VIABLE_AIR_USP,0,12,12,12.0,CFU/m3,0,200,100.0,T,A,anguyen,2025-05-23T07:00:00,mrodriguez,2025-05-24T09:00:00,T
900396,500396,SETTLE_PLATE_TSA,0,4,4,4.0,CFU/plate,0,100,50.0,T,A,mrodriguez,2025-05-24T08:00:00,mrodriguez,2025-05-25T07:00:00,T
900397,500397,VIABLE_AIR_USP,0,23,23,23.0,CFU/m3,0,400,200.0,T,A,anguyen,2025-05-23T08:00:00,skwon,2025-05-23T22:00:00,T
900398,500398,SETTLE_PLATE_TSA,0,0,0,0.0,CFU/plate,0,1,1.0,T,A,skwon,2025-05-24T18:00:00,jchen,2025-05-25T21:00:00,T
900399,500399,VIABLE_AIR_USP,0,0,0,0.0,CFU/m3,0,1,1.0,T,A,anguyen,2025-05-24T08:00:00,dpatel,2025-05-25T04:00:00,T
900400,500400,SETTLE_PLATE_TSA,0,0,0,0.0,CFU/plate,0,5,3.0,T,A,dpatel,2025-05-25T16:00:00,dpatel,2025-05-25T19:00:00,T
900401,500401,VIABLE_AIR_USP,0,0,0,0.0,CFU/m3,0,20,10.0,T,A,anguyen,2025-05-25T10:00:00,tolawale,2025-05-26T00:00:00,T
900402,500402,SETTLE_PLATE_TSA,0,1,1,1.0,CFU/plate,0,50,25.0,T,A,dpatel,2025-05-24T14:00:00,dpatel,2025-05-25T18:00:00,T
900403,500403,VIABLE_AIR_USP,0,5,5,5.0,CFU/m3,0,200,100.0,T,A,tolawale,2025-05-24T11:00:00,skwon,2025-05-24T22:00:00,T
900404,500404,SETTLE_PLATE_TSA,0,4,4,4.0,CFU/plate,0,100,50.0,T,A,tolawale,2025-05-24T11:00:00,skwon,2025-05-25T03:00:00,T
900405,500405,VIABLE_AIR_USP,0,19,19,19.0,CFU/m3,0,400,200.0,T,A,dpatel,2025-05-24T11:00:00,anguyen,2025-05-24T22:00:00,T
900406,500406,SETTLE_PLATE_TSA,0,0,0,0.0,CFU/plate,0,1,1.0,T,A,jchen,2025-05-25T10:00:00,skwon,2025-05-25T19:00:00,T
900407,500407,VIABLE_AIR_USP,0,0,0,0.0,CFU/m3,0,1,1.0,T,A,tolawale,2025-05-26T15:00:00,tolawale,2025-05-27T09:00:00,T
900408,500408,SETTLE_PLATE_TSA,0,0,0,0.0,CFU/plate,0,5,3.0,T,A,mrodriguez,2025-05-26T08:00:00,anguyen,2025-05-27T13:00:00,T
900409,500409,VIABLE_AIR_USP,0,0,0,0.0,CFU/m3,0,20,10.0,T,A,mrodriguez,2025-05-26T09:00:00,skwon,2025-05-26T20:00:00,T
900410,500410,SETTLE_PLATE_TSA,0,3,3,3.0,CFU/plate,0,50,25.0,T,A,mrodriguez,2025-05-25T11:00:00,anguyen,2025-05-26T09:00:00,T
900411,500411,VIABLE_AIR_USP,0,14,14,14.0,CFU/m3,0,200,100.0,T,A,skwon,2025-05-25T06:00:00,anguyen,2025-05-25T15:00:00,T
900412,500412,SETTLE_PLATE_TSA,0,1,1,1.0,CFU/plate,0,100,50.0,T,A,skwon,2025-05-26T15:00:00,skwon,2025-05-27T01:00:00,T
900413,500413,VIABLE_AIR_USP,0,17,17,17.0,CFU/m3,0,400,200.0,T,A,anguyen,2025-05-25T10:00:00,dpatel,2025-05-26T04:00:00,T
900414,500414,SETTLE_PLATE_TSA,0,0,0,0.0,CFU/plate,0,1,1.0,T,A,dpatel,2025-05-26T17:00:00,dpatel,2025-05-26T21:00:00,T
900415,500415,VIABLE_AIR_USP,0,0,0,0.0,CFU/m3,0,1,1.0,T,A,dpatel,2025-05-27T11:00:00,mrodriguez,2025-05-27T17:00:00,T
900416,500416,SETTLE_PLATE_TSA,0,1,1,1.0,CFU/plate,0,5,3.0,T,A,tolawale,2025-05-26T09:00:00,dpatel,2025-05-27T07:00:00,T
900417,500417,VIABLE_AIR_USP,0,2,2,2.0,CFU/m3,0,20,10.0,T,A,skwon,2025-05-26T12:00:00,tolawale,2025-05-27T00:00:00,T
900418,500418,SETTLE_PLATE_TSA,0,2,2,2.0,CFU/plate,0,50,25.0,T,A,tolawale,2025-05-27T11:00:00,anguyen,2025-05-28T15:00:00,T
900419,500419,VIABLE_AIR_USP,0,10,10,10.0,CFU/m3,0,200,100.0,T,A,skwon,2025-05-27T14:00:00,tolawale,2025-05-28T16:00:00,T
900420,500420,SETTLE_PLATE_TSA,0,9,9,9.0,CFU/plate,0,100,50.0,T,A,dpatel,2025-05-27T13:00:00,dpatel,2025-05-28T16:00:00,T
900421,500421,VIABLE_AIR_USP,0,19,19,19.0,CFU/m3,0,400,200.0,T,A,skwon,2025-05-27T08:00:00,anguyen,2025-05-28T13:00:00,T
900422,500422,BIOBURDEN_USP61,0,4,4,4.0,CFU/device,0,100,50.0,T,A,anguyen,2025-05-26T07:00:00,dpatel,2025-05-26T21:00:00,T
900423,500423,LAL_KINETIC,0,0.59,0.59,0.59,EU/device,0,20,10.0,T,A,jchen,2025-05-26T09:00:00,dpatel,2025-05-26T15:00:00,T
900424,500424,BIOBURDEN_USP61,0,4,4,4.0,CFU/device,0,100,50.0,T,A,mrodriguez,2025-05-27T09:00:00,skwon,2025-05-27T16:00:00,T
900425,500425,LAL_KINETIC,0,1.46,1.46,1.46,EU/device,0,20,10.0,T,A,tolawale,2025-05-26T08:00:00,jchen,2025-05-26T20:00:00,T
900426,500426,SETTLE_PLATE_TSA,0,0,0,0.0,CFU/plate,0,1,1.0,T,A,anguyen,2025-05-28T08:00:00,skwon,2025-05-28T14:00:00,T
900427,500427,VIABLE_AIR_USP,0,0,0,0.0,CFU/m3,0,1,1.0,T,A,skwon,2025-05-28T09:00:00,mrodriguez,2025-05-28T12:00:00,T
900428,500428,SETTLE_PLATE_TSA,0,0,0,0.0,CFU/plate,0,5,3.0,T,A,anguyen,2025-05-27T11:00:00,dpatel,2025-05-27T20:00:00,T
900429,500429,VIABLE_AIR_USP,0,0,0,0.0,CFU/m3,0,20,10.0,T,A,skwon,2025-05-28T08:00:00,dpatel,2025-05-28T12:00:00,T
900430,500430,SETTLE_PLATE_TSA,0,4,4,4.0,CFU/plate,0,50,25.0,T,A,anguyen,2025-05-28T12:00:00,dpatel,2025-05-29T00:00:00,T
900431,500431,VIABLE_AIR_USP,0,6,6,6.0,CFU/m3,0,200,100.0,T,A,skwon,2025-05-31T09:00:00,jchen,2025-05-31T17:00:00,T
900432,500432,SETTLE_PLATE_TSA,0,4,4,4.0,CFU/plate,0,100,50.0,T,A,dpatel,2025-05-27T12:00:00,dpatel,2025-05-28T18:00:00,T
900433,500433,VIABLE_AIR_USP,0,23,23,23.0,CFU/m3,0,400,200.0,T,A,jchen,2025-05-27T11:00:00,jchen,2025-05-28T09:00:00,T
900434,500434,SETTLE_PLATE_TSA,0,0,0,0.0,CFU/plate,0,1,1.0,T,A,skwon,2025-05-29T16:00:00,mrodriguez,2025-05-30T16:00:00,T
900435,500435,VIABLE_AIR_USP,0,0,0,0.0,CFU/m3,0,1,1.0,T,A,dpatel,2025-05-28T14:00:00,anguyen,2025-05-29T00:00:00,T
900436,500436,SETTLE_PLATE_TSA,0,0,0,0.0,CFU/plate,0,5,3.0,T,A,anguyen,2025-05-28T10:00:00,skwon,2025-05-28T15:00:00,T
900437,500437,VIABLE_AIR_USP,0,2,2,2.0,CFU/m3,0,20,10.0,T,A,dpatel,2025-05-28T12:00:00,dpatel,2025-05-29T12:00:00,T
900438,500438,SETTLE_PLATE_TSA,0,3,3,3.0,CFU/plate,0,50,25.0,T,A,mrodriguez,2025-05-29T14:00:00,jchen,2025-05-29T23:00:00,T
900439,500439,VIABLE_AIR_USP,0,11,11,11.0,CFU/m3,0,200,100.0,T,A,anguyen,2025-05-28T07:00:00,jchen,2025-05-29T09:00:00,T
900440,500440,SETTLE_PLATE_TSA,0,5,5,5.0,CFU/plate,0,100,50.0,T,A,tolawale,2025-05-29T12:00:00,jchen,2025-05-30T04:00:00,T
900441,500441,VIABLE_AIR_USP,0,13,13,13.0,CFU/m3,0,400,200.0,T,A,dpatel,2025-05-29T12:00:00,jchen,2025-05-30T13:00:00,T
900442,500442,SETTLE_PLATE_TSA,0,1,1,1.0,CFU/plate,0,1,1.0,F,A,mrodriguez,2025-05-29T11:00:00,anguyen,2025-05-30T00:00:00,T
900443,500443,VIABLE_AIR_USP,0,0,0,0.0,CFU/m3,0,1,1.0,T,A,mrodriguez,2025-05-30T15:00:00,tolawale,2025-05-31T01:00:00,T
900444,500444,SETTLE_PLATE_TSA,0,0,0,0.0,CFU/plate,0,5,3.0,T,A,jchen,2025-05-29T09:00:00,anguyen,2025-05-29T14:00:00,T
900445,500445,VIABLE_AIR_USP,0,1,1,1.0,CFU/m3,0,20,10.0,T,A,tolawale,2025-05-30T15:00:00,tolawale,2025-05-31T12:00:00,T
900446,500446,SETTLE_PLATE_TSA,0,2,2,2.0,CFU/plate,0,50,25.0,T,A,skwon,2025-05-29T13:00:00,jchen,2025-05-30T05:00:00,T
900447,500447,VIABLE_AIR_USP,0,7,7,7.0,CFU/m3,0,200,100.0,T,A,jchen,2025-05-29T13:00:00,tolawale,2025-05-30T07:00:00,T
900448,500448,SETTLE_PLATE_TSA,0,3,3,3.0,CFU/plate,0,100,50.0,T,A,tolawale,2025-05-30T14:00:00,tolawale,2025-05-31T13:00:00,T
900449,500449,VIABLE_AIR_USP,0,21,21,21.0,CFU/m3,0,400,200.0,T,A,anguyen,2025-06-02T18:00:00,skwon,2025-06-03T23:00:00,T
900450,500450,SETTLE_PLATE_TSA,0,0,0,0.0,CFU/plate,0,1,1.0,T,A,dpatel,2025-05-31T09:00:00,anguyen,2025-06-01T03:00:00,T
900451,500451,VIABLE_AIR_USP,0,0,0,0.0,CFU/m3,0,1,1.0,T,A,mrodriguez,2025-05-31T16:00:00,skwon,2025-05-31T20:00:00,T
900452,500452,SETTLE_PLATE_TSA,0,1,1,1.0,CFU/plate,0,5,3.0,T,A,jchen,2025-05-30T14:00:00,jchen,2025-05-31T09:00:00,T
900453,500453,VIABLE_AIR_USP,0,1,1,1.0,CFU/m3,0,20,10.0,T,A,tolawale,2025-05-30T17:00:00,jchen,2025-05-31T05:00:00,T
900454,500454,SETTLE_PLATE_TSA,0,1,1,1.0,CFU/plate,0,50,25.0,T,A,anguyen,2025-05-31T13:00:00,jchen,2025-06-01T13:00:00,T
900455,500455,VIABLE_AIR_USP,0,5,5,5.0,CFU/m3,0,200,100.0,T,A,jchen,2025-05-31T15:00:00,tolawale,2025-06-01T09:00:00,T
900456,500456,SETTLE_PLATE_TSA,0,3,3,3.0,CFU/plate,0,100,50.0,T,A,mrodriguez,2025-05-31T10:00:00,mrodriguez,2025-05-31T20:00:00,T
900457,500457,VIABLE_AIR_USP,0,29,29,29.0,CFU/m3,0,400,200.0,T,A,mrodriguez,2025-05-30T14:00:00,jchen,2025-05-30T19:00:00,T
900458,500458,SETTLE_PLATE_TSA,0,0,0,0.0,CFU/plate,0,1,1.0,T,A,jchen,2025-06-01T17:00:00,anguyen,2025-06-02T16:00:00,T
900459,500459,VIABLE_AIR_USP,0,0,0,0.0,CFU/m3,0,1,1.0,T,A,jchen,2025-05-31T17:00:00,skwon,2025-06-01T08:00:00,T
900460,500460,SETTLE_PLATE_TSA,0,1,1,1.0,CFU/plate,0,5,3.0,T,A,mrodriguez,2025-05-31T11:00:00,anguyen,2025-06-01T01:00:00,T
900461,500461,VIABLE_AIR_USP,0,1,1,1.0,CFU/m3,0,20,10.0,T,A,anguyen,2025-06-01T11:00:00,dpatel,2025-06-01T21:00:00,T
900462,500462,SETTLE_PLATE_TSA,0,1,1,1.0,CFU/plate,0,50,25.0,T,A,mrodriguez,2025-06-01T15:00:00,tolawale,2025-06-02T20:00:00,T
900463,500463,VIABLE_AIR_USP,0,6,6,6.0,CFU/m3,0,200,100.0,T,A,tolawale,2025-05-31T14:00:00,tolawale,2025-06-01T13:00:00,T
900464,500464,SETTLE_PLATE_TSA,0,8,8,8.0,CFU/plate,0,100,50.0,T,A,anguyen,2025-06-01T11:00:00,anguyen,2025-06-02T13:00:00,T
900465,500465,VIABLE_AIR_USP,0,19,19,19.0,CFU/m3,0,400,200.0,T,A,tolawale,2025-06-01T16:00:00,anguyen,2025-06-02T19:00:00,T
900466,500466,SETTLE_PLATE_TSA,0,0,0,0.0,CFU/plate,0,1,1.0,T,A,jchen,2025-06-01T11:00:00,dpatel,2025-06-02T13:00:00,T
900467,500467,VIABLE_AIR_USP,0,0,0,0.0,CFU/m3,0,1,1.0,T,A,jchen,2025-06-02T10:00:00,jchen,2025-06-03T12:00:00,T
900468,500468,SETTLE_PLATE_TSA,0,0,0,0.0,CFU/plate,0,5,3.0,T,A,anguyen,2025-06-01T14:00:00,anguyen,2025-06-02T04:00:00,T
900469,500469,VIABLE_AIR_USP,0,0,0,0.0,CFU/m3,0,20,10.0,T,A,tolawale,2025-06-02T14:00:00,dpatel,2025-06-03T05:00:00,T
900470,500470,SETTLE_PLATE_TSA,0,3,3,3.0,CFU/plate,0,50,25.0,T,A,tolawale,2025-06-02T09:00:00,tolawale,2025-06-03T07:00:00,T
900471,500471,VIABLE_AIR_USP,0,16,16,16.0,CFU/m3,0,200,100.0,T,A,anguyen,2025-06-01T13:00:00,mrodriguez,2025-06-02T00:00:00,T
900472,500472,SETTLE_PLATE_TSA,0,3,3,3.0,CFU/plate,0,100,50.0,T,A,mrodriguez,2025-06-01T13:00:00,dpatel,2025-06-01T16:00:00,T
900473,500473,VIABLE_AIR_USP,0,16,16,16.0,CFU/m3,0,400,200.0,T,A,mrodriguez,2025-06-02T07:00:00,tolawale,2025-06-02T19:00:00,T
900474,500474,SETTLE_PLATE_TSA,0,0,0,0.0,CFU/plate,0,1,1.0,T,A,dpatel,2025-06-03T14:00:00,anguyen,2025-06-04T17:00:00,T
900475,500475,VIABLE_AIR_USP,0,0,0,0.0,CFU/m3,0,1,1.0,T,A,anguyen,2025-06-02T16:00:00,mrodriguez,2025-06-02T20:00:00,T
900476,500476,SETTLE_PLATE_TSA,0,0,0,0.0,CFU/plate,0,5,3.0,T,A,jchen,2025-06-02T14:00:00,dpatel,2025-06-03T02:00:00,T
900477,500477,VIABLE_AIR_USP,0,1,1,1.0,CFU/m3,0,20,10.0,T,A,anguyen,2025-06-02T11:00:00,skwon,2025-06-03T10:00:00,T
900478,500478,SETTLE_PLATE_TSA,0,1,1,1.0,CFU/plate,0,50,25.0,T,A,anguyen,2025-06-02T15:00:00,skwon,2025-06-03T05:00:00,T
900479,500479,VIABLE_AIR_USP,0,9,9,9.0,CFU/m3,0,200,100.0,T,A,jchen,2025-06-03T16:00:00,skwon,2025-06-04T19:00:00,T
900480,500480,SETTLE_PLATE_TSA,0,5,5,5.0,CFU/plate,0,100,50.0,T,A,dpatel,2025-06-02T09:00:00,anguyen,2025-06-03T11:00:00,T
900481,500481,VIABLE_AIR_USP,0,25,25,25.0,CFU/m3,0,400,200.0,T,A,mrodriguez,2025-06-02T12:00:00,mrodriguez,2025-06-03T16:00:00,T
900482,500482,BIOBURDEN_USP61,0,3,3,3.0,CFU/device,0,100,50.0,T,A,jchen,2025-06-03T07:00:00,jchen,2025-06-03T19:00:00,T
900483,500483,LAL_KINETIC,0,0.62,0.62,0.62,EU/device,0,20,10.0,T,A,jchen,2025-06-02T06:00:00,jchen,2025-06-02T16:00:00,T
900484,500484,BIOBURDEN_USP61,0,3,3,3.0,CFU/device,0,100,50.0,T,A,skwon,2025-06-03T08:00:00,skwon,2025-06-04T00:00:00,T
900485,500485,LAL_KINETIC,0,0.13,0.13,0.13,EU/device,0,20,10.0,T,A,dpatel,2025-06-02T09:00:00,jchen,2025-06-02T23:00:00,T
900486,500486,SETTLE_PLATE_TSA,0,0,0,0.0,CFU/plate,0,1,1.0,T,A,tolawale,2025-06-03T11:00:00,dpatel,2025-06-04T05:00:00,T
900487,500487,VIABLE_AIR_USP,0,0,0,0.0,CFU/m3,0,1,1.0,T,A,anguyen,2025-06-04T14:00:00,jchen,2025-06-05T04:00:00,T
900488,500488,SETTLE_PLATE_TSA,0,0,0,0.0,CFU/plate,0,5,3.0,T,A,mrodriguez,2025-06-04T09:00:00,tolawale,2025-06-04T20:00:00,T
900489,500489,VIABLE_AIR_USP,0,0,0,0.0,CFU/m3,0,20,10.0,T,A,anguyen,2025-06-03T07:00:00,anguyen,2025-06-03T10:00:00,T
900490,500490,SETTLE_PLATE_TSA,0,2,2,2.0,CFU/plate,0,50,25.0,T,A,jchen,2025-06-04T13:00:00,anguyen,2025-06-05T04:00:00,T
900491,500491,VIABLE_AIR_USP,0,9,9,9.0,CFU/m3,0,200,100.0,T,A,mrodriguez,2025-06-04T10:00:00,tolawale,2025-06-04T15:00:00,T
900492,500492,SETTLE_PLATE_TSA,0,7,7,7.0,CFU/plate,0,100,50.0,T,A,skwon,2025-06-03T14:00:00,dpatel,2025-06-04T13:00:00,T
900493,500493,VIABLE_AIR_USP,0,17,17,17.0,CFU/m3,0,400,200.0,T,A,skwon,2025-06-04T12:00:00,mrodriguez,2025-06-05T11:00:00,T
900494,500494,SETTLE_PLATE_TSA,0,0,0,0.0,CFU/plate,0,1,1.0,T,A,mrodriguez,2025-06-05T11:00:00,dpatel,2025-06-06T08:00:00,T
900495,500495,VIABLE_AIR_USP,0,0,0,0.0,CFU/m3,0,1,1.0,T,A,anguyen,2025-06-05T13:00:00,dpatel,2025-06-05T20:00:00,T
900496,500496,SETTLE_PLATE_TSA,0,0,0,0.0,CFU/plate,0,5,3.0,T,A,dpatel,2025-06-04T14:00:00,skwon,2025-06-05T20:00:00,T
900497,500497,VIABLE_AIR_USP,0,1,1,1.0,CFU/m3,0,20,10.0,T,A,skwon,2025-06-04T09:00:00,mrodriguez,2025-06-05T13:00:00,T
900498,500498,SETTLE_PLATE_TSA,0,3,3,3.0,CFU/plate,0,50,25.0,T,A,tolawale,2025-06-04T09:00:00,anguyen,2025-06-05T15:00:00,T
900499,500499,VIABLE_AIR_USP,0,8,8,8.0,CFU/m3,0,200,100.0,T,A,anguyen,2025-06-04T10:00:00,anguyen,2025-06-05T05:00:00,T
900500,500500,SETTLE_PLATE_TSA,0,6,6,6.0,CFU/plate,0,100,50.0,T,A,dpatel,2025-06-05T09:00:00,anguyen,2025-06-06T01:00:00,T
900501,500501,VIABLE_AIR_USP,0,21,21,21.0,CFU/m3,0,400,200.0,T,A,anguyen,2025-06-08T10:00:00,mrodriguez,2025-06-09T12:00:00,T
900502,500502,SETTLE_PLATE_TSA,0,0,0,0.0,CFU/plate,0,1,1.0,T,A,anguyen,2025-06-05T17:00:00,mrodriguez,2025-06-06T06:00:00,T
900503,500503,VIABLE_AIR_USP,0,0,0,0.0,CFU/m3,0,1,1.0,T,A,jchen,2025-06-05T07:00:00,anguyen,2025-06-06T06:00:00,T
900504,500504,SETTLE_PLATE_TSA,0,0,0,0.0,CFU/plate,0,5,3.0,T,A,skwon,2025-06-05T09:00:00,jchen,2025-06-06T07:00:00,T
900505,500505,VIABLE_AIR_USP,0,1,1,1.0,CFU/m3,0,20,10.0,T,A,tolawale,2025-06-06T18:00:00,skwon,2025-06-07T14:00:00,T
900506,500506,SETTLE_PLATE_TSA,0,1,1,1.0,CFU/plate,0,50,25.0,T,A,tolawale,2025-06-05T18:00:00,mrodriguez,2025-06-06T04:00:00,T
900507,500507,VIABLE_AIR_USP,0,6,6,6.0,CFU/m3,0,200,100.0,T,A,dpatel,2025-06-06T08:00:00,skwon,2025-06-07T02:00:00,T
900508,500508,SETTLE_PLATE_TSA,0,2,2,2.0,CFU/plate,0,100,50.0,T,A,tolawale,2025-06-05T12:00:00,anguyen,2025-06-05T19:00:00,T
900509,500509,VIABLE_AIR_USP,0,19,19,19.0,CFU/m3,0,400,200.0,T,A,tolawale,2025-06-06T07:00:00,skwon,2025-06-07T00:00:00,T
900510,500510,SETTLE_PLATE_TSA,0,0,0,0.0,CFU/plate,0,1,1.0,T,A,tolawale,2025-06-06T10:00:00,anguyen,2025-06-06T13:00:00,T
900511,500511,VIABLE_AIR_USP,0,0,0,0.0,CFU/m3,0,1,1.0,T,A,tolawale,2025-06-06T07:00:00,mrodriguez,2025-06-06T14:00:00,T
900512,500512,SETTLE_PLATE_TSA,0,0,0,0.0,CFU/plate,0,5,3.0,T,A,anguyen,2025-06-07T11:00:00,anguyen,2025-06-07T19:00:00,T
900513,500513,VIABLE_AIR_USP,0,2,2,2.0,CFU/m3,0,20,10.0,T,A,mrodriguez,2025-06-07T11:00:00,mrodriguez,2025-06-08T14:00:00,T
900514,500514,SETTLE_PLATE_TSA,0,2,2,2.0,CFU/plate,0,50,25.0,T,A,mrodriguez,2025-06-07T15:00:00,jchen,2025-06-08T12:00:00,T
900515,500515,VIABLE_AIR_USP,0,11,11,11.0,CFU/m3,0,200,100.0,T,A,mrodriguez,2025-06-06T17:00:00,tolawale,2025-06-07T22:00:00,T
900516,500516,SETTLE_PLATE_TSA,0,4,4,4.0,CFU/plate,0,100,50.0,T,A,jchen,2025-06-06T18:00:00,jchen,2025-06-07T12:00:00,T
900517,500517,VIABLE_AIR_USP,0,15,15,15.0,CFU/m3,0,400,200.0,T,A,anguyen,2025-06-06T13:00:00,dpatel,2025-06-07T07:00:00,T
900518,500518,SETTLE_PLATE_TSA,0,0,0,0.0,CFU/plate,0,1,1.0,T,A,skwon,2025-06-08T16:00:00,tolawale,2025-06-09T05:00:00,T
900519,500519,VIABLE_AIR_USP,0,1,1,1.0,CFU/m3,0,1,1.0,F,A,jchen,2025-06-08T17:00:00,jchen,2025-06-09T19:00:00,T
900520,500520,SETTLE_PLATE_TSA,0,0,0,0.0,CFU/plate,0,5,3.0,T,A,tolawale,2025-06-07T14:00:00,jchen,2025-06-07T19:00:00,T
900521,500521,VIABLE_AIR_USP,0,2,2,2.0,CFU/m3,0,20,10.0,T,A,tolawale,2025-06-08T12:00:00,skwon,2025-06-08T17:00:00,T
900522,500522,SETTLE_PLATE_TSA,0,0,0,0.0,CFU/plate,0,50,25.0,T,A,anguyen,2025-06-08T12:00:00,mrodriguez,2025-06-09T11:00:00,T
900523,500523,VIABLE_AIR_USP,0,8,8,8.0,CFU/m3,0,200,100.0,T,A,skwon,2025-06-08T14:00:00,dpatel,2025-06-09T01:00:00,T
900524,500524,SETTLE_PLATE_TSA,0,4,4,4.0,CFU/plate,0,100,50.0,T,A,tolawale,2025-06-07T14:00:00,mrodriguez,2025-06-08T17:00:00,T
900525,500525,VIABLE_AIR_USP,0,18,18,18.0,CFU/m3,0,400,200.0,T,A,skwon,2025-06-07T12:00:00,jchen,2025-06-08T02:00:00,T
900526,500526,SETTLE_PLATE_TSA,0,0,0,0.0,CFU/plate,0,1,1.0,T,A,anguyen,2025-06-08T13:00:00,jchen,2025-06-08T22:00:00,T
900527,500527,VIABLE_AIR_USP,0,0,0,0.0,CFU/m3,0,1,1.0,T,A,skwon,2025-06-09T09:00:00,tolawale,2025-06-10T11:00:00,T
900528,500528,SETTLE_PLATE_TSA,0,0,0,0.0,CFU/plate,0,5,3.0,T,A,tolawale,2025-06-09T10:00:00,anguyen,2025-06-09T13:00:00,T
900529,500529,VIABLE_AIR_USP,0,2,2,2.0,CFU/m3,0,20,10.0,T,A,anguyen,2025-06-08T12:00:00,jchen,2025-06-08T21:00:00,T
900530,500530,SETTLE_PLATE_TSA,0,2,2,2.0,CFU/plate,0,50,25.0,T,A,skwon,2025-06-09T14:00:00,anguyen,2025-06-10T10:00:00,T
900531,500531,VIABLE_AIR_USP,0,10,10,10.0,CFU/m3,0,200,100.0,T,A,jchen,2025-06-09T11:00:00,mrodriguez,2025-06-10T15:00:00,T
900532,500532,SETTLE_PLATE_TSA,0,9,9,9.0,CFU/plate,0,100,50.0,T,A,skwon,2025-06-09T11:00:00,jchen,2025-06-10T02:00:00,T
900533,500533,VIABLE_AIR_USP,0,19,19,19.0,CFU/m3,0,400,200.0,T,A,dpatel,2025-06-08T18:00:00,anguyen,2025-06-09T04:00:00,T
900534,500534,SETTLE_PLATE_TSA,0,0,0,0.0,CFU/plate,0,1,1.0,T,A,anguyen,2025-06-09T14:00:00,tolawale,2025-06-10T16:00:00,T
900535,500535,VIABLE_AIR_USP,0,0,0,0.0,CFU/m3,0,1,1.0,T,A,jchen,2025-06-10T11:00:00,mrodriguez,2025-06-11T01:00:00,T
900536,500536,SETTLE_PLATE_TSA,0,0,0,0.0,CFU/plate,0,5,3.0,T,A,skwon,2025-06-09T12:00:00,jchen,2025-06-09T21:00:00,T
900537,500537,VIABLE_AIR_USP,0,0,0,0.0,CFU/m3,0,20,10.0,T,A,jchen,2025-06-09T15:00:00,mrodriguez,2025-06-10T03:00:00,T
900538,500538,SETTLE_PLATE_TSA,0,2,2,2.0,CFU/plate,0,50,25.0,T,A,tolawale,2025-06-09T14:00:00,mrodriguez,2025-06-10T15:00:00,T
900539,500539,VIABLE_AIR_USP,0,10,10,10.0,CFU/m3,0,200,100.0,T,A,mrodriguez,2025-06-09T13:00:00,jchen,2025-06-09T19:00:00,T
900540,500540,SETTLE_PLATE_TSA,0,3,3,3.0,CFU/plate,0,100,50.0,T,A,jchen,2025-06-09T17:00:00,dpatel,2025-06-10T06:00:00,T
900541,500541,VIABLE_AIR_USP,0,15,15,15.0,CFU/m3,0,400,200.0,T,A,dpatel,2025-06-10T16:00:00,mrodriguez,2025-06-11T01:00:00,T
900542,500542,BIOBURDEN_USP61,0,4,4,4.0,CFU/device,0,100,50.0,T,A,jchen,2025-06-11T10:00:00,tolawale,2025-06-11T23:00:00,T
900543,500543,LAL_KINETIC,0,1.34,1.34,1.34,EU/device,0,20,10.0,T,A,skwon,2025-06-09T07:00:00,dpatel,2025-06-10T01:00:00,T
900544,500544,BIOBURDEN_USP61,0,6,6,6.0,CFU/device,0,100,50.0,T,A,skwon,2025-06-11T07:00:00,dpatel,2025-06-11T12:00:00,T
900545,500545,LAL_KINETIC,0,0.9,0.9,0.9,EU/device,0,20,10.0,T,A,dpatel,2025-06-09T10:00:00,mrodriguez,2025-06-10T05:00:00,T
900546,500546,BIOBURDEN_USP61,0,3,3,3.0,CFU/device,0,100,50.0,T,A,mrodriguez,2025-06-10T08:00:00,skwon,2025-06-10T23:00:00,T
900547,500547,LAL_KINETIC,0,1.98,1.98,1.98,EU/device,0,20,10.0,T,A,dpatel,2025-06-10T08:00:00,mrodriguez,2025-06-10T18:00:00,T
900548,500548,BIOBURDEN_USP61,0,2,2,2.0,CFU/device,0,100,50.0,T,A,jchen,2025-06-11T07:00:00,anguyen,2025-06-11T17:00:00,T
900549,500549,LAL_KINETIC,0,1.33,1.33,1.33,EU/device,0,20,10.0,T,A,skwon,2025-06-09T09:00:00,mrodriguez,2025-06-09T15:00:00,T
900550,500550,BIOBURDEN_USP61,0,5,5,5.0,CFU/device,0,100,50.0,T,A,skwon,2025-06-10T07:00:00,anguyen,2025-06-10T13:00:00,T
900551,500551,LAL_KINETIC,0,2.48,2.48,2.48,EU/device,0,20,10.0,T,A,tolawale,2025-06-10T10:00:00,dpatel,2025-06-11T03:00:00,T
900552,500552,SETTLE_PLATE_TSA,0,0,0,0.0,CFU/plate,0,1,1.0,T,A,skwon,2025-06-10T06:00:00,skwon,2025-06-10T14:00:00,T
900553,500553,VIABLE_AIR_USP,0,0,0,0.0,CFU/m3,0,1,1.0,T,A,skwon,2025-06-11T11:00:00,anguyen,2025-06-12T00:00:00,T
900554,500554,SETTLE_PLATE_TSA,0,0,0,0.0,CFU/plate,0,5,3.0,T,A,jchen,2025-06-11T11:00:00,tolawale,2025-06-12T07:00:00,T
900555,500555,VIABLE_AIR_USP,0,1,1,1.0,CFU/m3,0,20,10.0,T,A,dpatel,2025-06-11T14:00:00,skwon,2025-06-12T20:00:00,T
900556,500556,SETTLE_PLATE_TSA,0,1,1,1.0,CFU/plate,0,50,25.0,T,A,mrodriguez,2025-06-11T13:00:00,anguyen,2025-06-12T11:00:00,T
900557,500557,VIABLE_AIR_USP,0,10,10,10.0,CFU/m3,0,200,100.0,T,A,jchen,2025-06-10T11:00:00,dpatel,2025-06-10T23:00:00,T
900558,500558,SETTLE_PLATE_TSA,0,6,6,6.0,CFU/plate,0,100,50.0,T,A,skwon,2025-06-11T16:00:00,mrodriguez,2025-06-12T08:00:00,T
900559,500559,VIABLE_AIR_USP,0,19,19,19.0,CFU/m3,0,400,200.0,T,A,mrodriguez,2025-06-11T07:00:00,skwon,2025-06-11T15:00:00,T
900560,500560,SETTLE_PLATE_TSA,0,0,0,0.0,CFU/plate,0,1,1.0,T,A,anguyen,2025-06-17T17:00:00,jchen,2025-06-18T19:00:00,T
900561,500561,VIABLE_AIR_USP,0,0,0,0.0,CFU/m3,0,1,1.0,T,A,jchen,2025-06-12T11:00:00,tolawale,2025-06-12T20:00:00,T
900562,500562,SETTLE_PLATE_TSA,0,1,1,1.0,CFU/plate,0,5,3.0,T,A,mrodriguez,2025-06-11T07:00:00,dpatel,2025-06-11T10:00:00,T
900563,500563,VIABLE_AIR_USP,0,1,1,1.0,CFU/m3,0,20,10.0,T,A,skwon,2025-06-12T16:00:00,tolawale,2025-06-13T08:00:00,T
900564,500564,SETTLE_PLATE_TSA,0,2,2,2.0,CFU/plate,0,50,25.0,T,A,skwon,2025-06-12T18:00:00,anguyen,2025-06-13T16:00:00,T
900565,500565,VIABLE_AIR_USP,0,5,5,5.0,CFU/m3,0,200,100.0,T,A,skwon,2025-06-11T15:00:00,skwon,2025-06-12T02:00:00,T
900566,500566,SETTLE_PLATE_TSA,0,9,9,9.0,CFU/plate,0,100,50.0,T,A,jchen,2025-06-11T11:00:00,anguyen,2025-06-11T22:00:00,T
900567,500567,VIABLE_AIR_USP,0,24,24,24.0,CFU/m3,0,400,200.0,T,A,skwon,2025-06-12T13:00:00,jchen,2025-06-13T10:00:00,T
900568,500568,SETTLE_PLATE_TSA,0,0,0,0.0,CFU/plate,0,1,1.0,T,A,anguyen,2025-06-12T11:00:00,tolawale,2025-06-13T11:00:00,T
900569,500569,VIABLE_AIR_USP,0,0,0,0.0,CFU/m3,0,1,1.0,T,A,mrodriguez,2025-06-13T12:00:00,tolawale,2025-06-14T06:00:00,T
900570,500570,SETTLE_PLATE_TSA,0,0,0,0.0,CFU/plate,0,5,3.0,T,A,dpatel,2025-06-12T12:00:00,jchen,2025-06-12T18:00:00,T
900571,500571,VIABLE_AIR_USP,0,2,2,2.0,CFU/m3,0,20,10.0,T,A,skwon,2025-06-13T13:00:00,mrodriguez,2025-06-14T01:00:00,T
900572,500572,SETTLE_PLATE_TSA,0,2,2,2.0,CFU/plate,0,50,25.0,T,A,mrodriguez,2025-06-13T10:00:00,skwon,2025-06-13T16:00:00,T
900573,500573,VIABLE_AIR_USP,0,8,8,8.0,CFU/m3,0,200,100.0,T,A,jchen,2025-06-13T10:00:00,dpatel,2025-06-13T22:00:00,T
900574,500574,SETTLE_PLATE_TSA,0,5,5,5.0,CFU/plate,0,100,50.0,T,A,skwon,2025-06-12T13:00:00,jchen,2025-06-12T17:00:00,T
900575,500575,VIABLE_AIR_USP,0,9,9,9.0,CFU/m3,0,400,200.0,T,A,jchen,2025-06-12T12:00:00,skwon,2025-06-13T18:00:00,T
900576,500576,SETTLE_PLATE_TSA,0,0,0,0.0,CFU/plate,0,1,1.0,T,A,skwon,2025-06-14T10:00:00,mrodriguez,2025-06-15T11:00:00,T
900577,500577,VIABLE_AIR_USP,0,0,0,0.0,CFU/m3,0,1,1.0,T,A,anguyen,2025-06-13T13:00:00,dpatel,2025-06-14T03:00:00,T
900578,500578,SETTLE_PLATE_TSA,0,0,0,0.0,CFU/plate,0,5,3.0,T,A,tolawale,2025-06-13T10:00:00,dpatel,2025-06-14T03:00:00,T
900579,500579,VIABLE_AIR_USP,0,1,1,1.0,CFU/m3,0,20,10.0,T,A,tolawale,2025-06-13T09:00:00,dpatel,2025-06-14T07:00:00,T
900580,500580,SETTLE_PLATE_TSA,0,1,1,1.0,CFU/plate,0,50,25.0,T,A,jchen,2025-06-13T10:00:00,tolawale,2025-06-13T13:00:00,T
900581,500581,VIABLE_AIR_USP,0,10,10,10.0,CFU/m3,0,200,100.0,T,A,mrodriguez,2025-06-13T13:00:00,jchen,2025-06-13T20:00:00,T
900582,500582,SETTLE_PLATE_TSA,0,5,5,5.0,CFU/plate,0,100,50.0,T,A,jchen,2025-06-13T14:00:00,mrodriguez,2025-06-14T17:00:00,T
900583,500583,VIABLE_AIR_USP,0,17,17,17.0,CFU/m3,0,400,200.0,T,A,anguyen,2025-06-14T15:00:00,jchen,2025-06-15T16:00:00,T
900584,500584,SETTLE_PLATE_TSA,0,0,0,0.0,CFU/plate,0,1,1.0,T,A,dpatel,2025-06-15T14:00:00,anguyen,2025-06-16T09:00:00,T
900585,500585,VIABLE_AIR_USP,0,0,0,0.0,CFU/m3,0,1,1.0,T,A,anguyen,2025-06-15T12:00:00,dpatel,2025-06-16T13:00:00,T
900586,500586,SETTLE_PLATE_TSA,0,0,0,0.0,CFU/plate,0,5,3.0,T,A,mrodriguez,2025-06-14T17:00:00,anguyen,2025-06-15T04:00:00,T
900587,500587,VIABLE_AIR_USP,0,0,0,0.0,CFU/m3,0,20,10.0,T,A,tolawale,2025-06-14T06:00:00,anguyen,2025-06-15T03:00:00,T
900588,500588,SETTLE_PLATE_TSA,0,1,1,1.0,CFU/plate,0,50,25.0,T,A,tolawale,2025-06-15T09:00:00,skwon,2025-06-16T03:00:00,T
900589,500589,VIABLE_AIR_USP,0,9,9,9.0,CFU/m3,0,200,100.0,T,A,anguyen,2025-06-15T12:00:00,anguyen,2025-06-15T17:00:00,T
900590,500590,SETTLE_PLATE_TSA,0,4,4,4.0,CFU/plate,0,100,50.0,T,A,mrodriguez,2025-06-14T08:00:00,jchen,2025-06-15T01:00:00,T
900591,500591,VIABLE_AIR_USP,0,20,20,20.0,CFU/m3,0,400,200.0,T,A,tolawale,2025-06-15T09:00:00,anguyen,2025-06-15T22:00:00,T
900592,500592,SETTLE_PLATE_TSA,0,0,0,0.0,CFU/plate,0,1,1.0,T,A,tolawale,2025-06-15T14:00:00,jchen,2025-06-16T17:00:00,T
900593,500593,VIABLE_AIR_USP,0,0,0,0.0,CFU/m3,0,1,1.0,T,A,dpatel,2025-06-15T13:00:00,tolawale,2025-06-16T07:00:00,T
900594,500594,SETTLE_PLATE_TSA,0,0,0,0.0,CFU/plate,0,5,3.0,T,A,mrodriguez,2025-06-15T07:00:00,anguyen,2025-06-16T08:00:00,T
900595,500595,VIABLE_AIR_USP,0,0,0,0.0,CFU/m3,0,20,10.0,T,A,anguyen,2025-06-15T15:00:00,skwon,2025-06-16T16:00:00,T
900596,500596,SETTLE_PLATE_TSA,0,5,5,5.0,CFU/plate,0,50,25.0,T,A,dpatel,2025-06-16T11:00:00,anguyen,2025-06-16T18:00:00,T
900597,500597,VIABLE_AIR_USP,0,13,13,13.0,CFU/m3,0,200,100.0,T,A,tolawale,2025-06-16T13:00:00,anguyen,2025-06-17T19:00:00,T
900598,500598,SETTLE_PLATE_TSA,0,5,5,5.0,CFU/plate,0,100,50.0,T,A,skwon,2025-06-16T13:00:00,anguyen,2025-06-17T10:00:00,T
900599,500599,VIABLE_AIR_USP,0,14,14,14.0,CFU/m3,0,400,200.0,T,A,anguyen,2025-06-16T14:00:00,skwon,2025-06-17T06:00:00,T
900600,500600,SETTLE_PLATE_TSA,0,0,0,0.0,CFU/plate,0,1,1.0,T,A,anguyen,2025-06-20T12:00:00,mrodriguez,2025-06-20T14:00:00,T
900601,500601,VIABLE_AIR_USP,0,0,0,0.0,CFU/m3,0,1,1.0,T,A,jchen,2025-06-17T16:00:00,anguyen,2025-06-18T10:00:00,T
900602,500602,SETTLE_PLATE_TSA,0,0,0,0.0,CFU/plate,0,5,3.0,T,A,jchen,2025-06-16T08:00:00,anguyen,2025-06-16T18:00:00,T
900603,500603,VIABLE_AIR_USP,0,0,0,0.0,CFU/m3,0,20,10.0,T,A,dpatel,2025-06-17T11:00:00,tolawale,2025-06-18T12:00:00,T
900604,500604,SETTLE_PLATE_TSA,0,1,1,1.0,CFU/plate,0,50,25.0,T,A,skwon,2025-06-16T11:00:00,anguyen,2025-06-16T14:00:00,T
900605,500605,VIABLE_AIR_USP,0,8,8,8.0,CFU/m3,0,200,100.0,T,A,dpatel,2025-06-17T12:00:00,mrodriguez,2025-06-18T17:00:00,T
900606,500606,SETTLE_PLATE_TSA,0,3,3,3.0,CFU/plate,0,100,50.0,T,A,jchen,2025-06-16T14:00:00,mrodriguez,2025-06-17T09:00:00,T
900607,500607,VIABLE_AIR_USP,0,21,21,21.0,CFU/m3,0,400,200.0,T,A,mrodriguez,2025-06-22T14:00:00,anguyen,2025-06-23T16:00:00,T
900608,500608,BIOBURDEN_USP61,0,6,6,6.0,CFU/device,0,100,50.0,T,A,skwon,2025-06-16T08:00:00,jchen,2025-06-16T14:00:00,T
900609,500609,LAL_KINETIC,0,0.54,0.54,0.54,EU/device,0,20,10.0,T,A,anguyen,2025-06-18T09:00:00,skwon,2025-06-18T12:00:00,T
900610,500610,BIOBURDEN_USP61,0,4,4,4.0,CFU/device,0,100,50.0,T,A,tolawale,2025-06-16T09:00:00,anguyen,2025-06-16T15:00:00,T
900611,500611,LAL_KINETIC,0,0.14,0.14,0.14,EU/device,0,20,10.0,T,A,skwon,2025-06-17T07:00:00,anguyen,2025-06-18T03:00:00,T
900612,500612,BIOBURDEN_USP61,0,5,5,5.0,CFU/device,0,100,50.0,T,A,mrodriguez,2025-06-16T10:00:00,skwon,2025-06-16T14:00:00,T
900613,500613,LAL_KINETIC,0,3.29,3.29,3.29,EU/device,0,20,10.0,T,A,tolawale,2025-06-18T08:00:00,tolawale,2025-06-18T12:00:00,T
900614,500614,SETTLE_PLATE_TSA,0,0,0,0.0,CFU/plate,0,1,1.0,T,A,mrodriguez,2025-06-17T12:00:00,anguyen,2025-06-17T19:00:00,T
900615,500615,VIABLE_AIR_USP,0,0,0,0.0,CFU/m3,0,1,1.0,T,A,anguyen,2025-06-17T12:00:00,dpatel,2025-06-17T20:00:00,T
900616,500616,SETTLE_PLATE_TSA,0,0,0,0.0,CFU/plate,0,5,3.0,T,A,jchen,2025-06-17T08:00:00,jchen,2025-06-18T13:00:00,T
900617,500617,VIABLE_AIR_USP,0,0,0,0.0,CFU/m3,0,20,10.0,T,A,dpatel,2025-06-17T11:00:00,anguyen,2025-06-17T19:00:00,T
900618,500618,SETTLE_PLATE_TSA,0,3,3,3.0,CFU/plate,0,50,25.0,T,A,dpatel,2025-06-17T10:00:00,tolawale,2025-06-18T00:00:00,T
900619,500619,VIABLE_AIR_USP,0,10,10,10.0,CFU/m3,0,200,100.0,T,A,mrodriguez,2025-06-17T12:00:00,tolawale,2025-06-17T15:00:00,T
900620,500620,SETTLE_PLATE_TSA,0,7,7,7.0,CFU/plate,0,100,50.0,T,A,tolawale,2025-06-18T10:00:00,tolawale,2025-06-18T12:00:00,T
900621,500621,VIABLE_AIR_USP,0,23,23,23.0,CFU/m3,0,400,200.0,T,A,anguyen,2025-06-17T14:00:00,anguyen,2025-06-18T07:00:00,T
900622,500622,SETTLE_PLATE_TSA,0,1,1,1.0,CFU/plate,0,1,1.0,F,A,skwon,2025-06-18T10:00:00,dpatel,2025-06-18T19:00:00,T
900623,500623,VIABLE_AIR_USP,0,0,0,0.0,CFU/m3,0,1,1.0,T,A,dpatel,2025-06-19T10:00:00,dpatel,2025-06-19T19:00:00,T
900624,500624,SETTLE_PLATE_TSA,0,0,0,0.0,CFU/plate,0,5,3.0,T,A,skwon,2025-06-18T16:00:00,mrodriguez,2025-06-19T02:00:00,T
900625,500625,VIABLE_AIR_USP,0,0,0,0.0,CFU/m3,0,20,10.0,T,A,tolawale,2025-06-19T17:00:00,tolawale,2025-06-20T16:00:00,T
900626,500626,SETTLE_PLATE_TSA,0,2,2,2.0,CFU/plate,0,50,25.0,T,A,anguyen,2025-06-19T12:00:00,mrodriguez,2025-06-20T04:00:00,T
900627,500627,VIABLE_AIR_USP,0,7,7,7.0,CFU/m3,0,200,100.0,T,A,anguyen,2025-06-18T09:00:00,tolawale,2025-06-18T20:00:00,T
900628,500628,SETTLE_PLATE_TSA,0,6,6,6.0,CFU/plate,0,100,50.0,T,A,mrodriguez,2025-06-18T14:00:00,anguyen,2025-06-18T18:00:00,T
900629,500629,VIABLE_AIR_USP,0,20,20,20.0,CFU/m3,0,400,200.0,T,A,mrodriguez,2025-06-18T06:00:00,skwon,2025-06-19T08:00:00,T
900630,500630,SETTLE_PLATE_TSA,0,0,0,0.0,CFU/plate,0,1,1.0,T,A,tolawale,2025-06-20T11:00:00,jchen,2025-06-21T13:00:00,T
900631,500631,VIABLE_AIR_USP,0,0,0,0.0,CFU/m3,0,1,1.0,T,A,anguyen,2025-06-19T09:00:00,jchen,2025-06-19T18:00:00,T
900632,500632,SETTLE_PLATE_TSA,0,0,0,0.0,CFU/plate,0,5,3.0,T,A,mrodriguez,2025-06-20T14:00:00,skwon,2025-06-20T21:00:00,T
900633,500633,VIABLE_AIR_USP,0,2,2,2.0,CFU/m3,0,20,10.0,T,A,mrodriguez,2025-06-20T07:00:00,mrodriguez,2025-06-20T17:00:00,T
900634,500634,SETTLE_PLATE_TSA,0,2,2,2.0,CFU/plate,0,50,25.0,T,A,jchen,2025-06-20T14:00:00,skwon,2025-06-21T14:00:00,T
900635,500635,VIABLE_AIR_USP,0,9,9,9.0,CFU/m3,0,200,100.0,T,A,skwon,2025-06-20T14:00:00,tolawale,2025-06-21T04:00:00,T
900636,500636,SETTLE_PLATE_TSA,0,4,4,4.0,CFU/plate,0,100,50.0,T,A,jchen,2025-06-19T13:00:00,skwon,2025-06-20T07:00:00,T
900637,500637,VIABLE_AIR_USP,0,22,22,22.0,CFU/m3,0,400,200.0,T,A,anguyen,2025-06-19T09:00:00,skwon,2025-06-19T20:00:00,T
900638,500638,SETTLE_PLATE_TSA,0,0,0,0.0,CFU/plate,0,1,1.0,T,A,mrodriguez,2025-06-20T17:00:00,skwon,2025-06-21T23:00:00,T
900639,500639,VIABLE_AIR_USP,0,0,0,0.0,CFU/m3,0,1,1.0,T,A,jchen,2025-06-20T11:00:00,tolawale,2025-06-21T13:00:00,T
900640,500640,SETTLE_PLATE_TSA,0,0,0,0.0,CFU/plate,0,5,3.0,T,A,dpatel,2025-06-20T16:00:00,mrodriguez,2025-06-21T12:00:00,T
900641,500641,VIABLE_AIR_USP,0,0,0,0.0,CFU/m3,0,20,10.0,T,A,dpatel,2025-06-20T07:00:00,tolawale,2025-06-20T11:00:00,T
900642,500642,SETTLE_PLATE_TSA,0,5,5,5.0,CFU/plate,0,50,25.0,T,A,anguyen,2025-06-20T12:00:00,jchen,2025-06-21T07:00:00,T
900643,500643,VIABLE_AIR_USP,0,8,8,8.0,CFU/m3,0,200,100.0,T,A,anguyen,2025-06-20T10:00:00,mrodriguez,2025-06-21T15:00:00,T
900644,500644,SETTLE_PLATE_TSA,0,4,4,4.0,CFU/plate,0,100,50.0,T,A,dpatel,2025-06-21T13:00:00,jchen,2025-06-22T11:00:00,T
900645,500645,VIABLE_AIR_USP,0,26,26,26.0,CFU/m3,0,400,200.0,T,A,jchen,2025-06-21T07:00:00,skwon,2025-06-21T23:00:00,T
900646,500646,SETTLE_PLATE_TSA,0,0,0,0.0,CFU/plate,0,1,1.0,T,A,skwon,2025-06-22T17:00:00,jchen,2025-06-23T08:00:00,T
900647,500647,VIABLE_AIR_USP,0,1,1,1.0,CFU/m3,0,1,1.0,F,A,mrodriguez,2025-06-22T14:00:00,jchen,2025-06-23T18:00:00,T
900648,500648,SETTLE_PLATE_TSA,0,0,0,0.0,CFU/plate,0,5,3.0,T,A,jchen,2025-06-22T12:00:00,jchen,2025-06-22T16:00:00,T
900649,500649,VIABLE_AIR_USP,0,0,0,0.0,CFU/m3,0,20,10.0,T,A,mrodriguez,2025-06-21T14:00:00,dpatel,2025-06-22T15:00:00,T
900650,500650,SETTLE_PLATE_TSA,0,4,4,4.0,CFU/plate,0,50,25.0,T,A,dpatel,2025-06-22T09:00:00,anguyen,2025-06-23T11:00:00,T
900651,500651,VIABLE_AIR_USP,0,15,15,15.0,CFU/m3,0,200,100.0,T,A,mrodriguez,2025-06-22T14:00:00,anguyen,2025-06-23T08:00:00,T
900652,500652,SETTLE_PLATE_TSA,0,7,7,7.0,CFU/plate,0,100,50.0,T,A,jchen,2025-06-21T17:00:00,anguyen,2025-06-22T18:00:00,T
900653,500653,VIABLE_AIR_USP,0,15,15,15.0,CFU/m3,0,400,200.0,T,A,skwon,2025-06-22T12:00:00,anguyen,2025-06-23T06:00:00,T
900654,500654,SETTLE_PLATE_TSA,0,0,0,0.0,CFU/plate,0,1,1.0,T,A,anguyen,2025-06-23T17:00:00,anguyen,2025-06-24T20:00:00,T
900655,500655,VIABLE_AIR_USP,0,0,0,0.0,CFU/m3,0,1,1.0,T,A,mrodriguez,2025-06-25T15:00:00,tolawale,2025-06-26T13:00:00,T
900656,500656,SETTLE_PLATE_TSA,0,0,0,0.0,CFU/plate,0,5,3.0,T,A,skwon,2025-06-27T17:00:00,mrodriguez,2025-06-28T20:00:00,T
900657,500657,VIABLE_AIR_USP,0,1,1,1.0,CFU/m3,0,20,10.0,T,A,tolawale,2025-06-22T11:00:00,anguyen,2025-06-22T22:00:00,T
900658,500658,SETTLE_PLATE_TSA,0,1,1,1.0,CFU/plate,0,50,25.0,T,A,tolawale,2025-06-23T06:00:00,mrodriguez,2025-06-24T10:00:00,T
900659,500659,VIABLE_AIR_USP,0,11,11,11.0,CFU/m3,0,200,100.0,T,A,tolawale,2025-06-23T08:00:00,skwon,2025-06-24T06:00:00,T
900660,500660,SETTLE_PLATE_TSA,0,6,6,6.0,CFU/plate,0,100,50.0,T,A,dpatel,2025-06-23T10:00:00,dpatel,2025-06-24T14:00:00,T
900661,500661,VIABLE_AIR_USP,0,25,25,25.0,CFU/m3,0,400,200.0,T,A,anguyen,2025-06-22T13:00:00,jchen,2025-06-23T16:00:00,T
900662,500662,SETTLE_PLATE_TSA,0,0,0,0.0,CFU/plate,0,1,1.0,T,A,dpatel,2025-06-23T12:00:00,jchen,2025-06-23T19:00:00,T
900663,500663,VIABLE_AIR_USP,0,0,0,0.0,CFU/m3,0,1,1.0,T,A,tolawale,2025-06-23T12:00:00,skwon,2025-06-24T03:00:00,T
900664,500664,SETTLE_PLATE_TSA,0,0,0,0.0,CFU/plate,0,5,3.0,T,A,dpatel,2025-06-24T11:00:00,jchen,2025-06-24T16:00:00,T
900665,500665,VIABLE_AIR_USP,0,2,2,2.0,CFU/m3,0,20,10.0,T,A,skwon,2025-06-24T14:00:00,dpatel,2025-06-24T20:00:00,T
900666,500666,SETTLE_PLATE_TSA,0,3,3,3.0,CFU/plate,0,50,25.0,T,A,dpatel,2025-06-23T11:00:00,tolawale,2025-06-24T15:00:00,T
900667,500667,VIABLE_AIR_USP,0,13,13,13.0,CFU/m3,0,200,100.0,T,A,tolawale,2025-06-29T15:00:00,dpatel,2025-06-29T20:00:00,T
900668,500668,SETTLE_PLATE_TSA,0,3,3,3.0,CFU/plate,0,100,50.0,T,A,skwon,2025-06-23T16:00:00,tolawale,2025-06-24T18:00:00,T
900669,500669,VIABLE_AIR_USP,0,23,23,23.0,CFU/m3,0,400,200.0,T,A,dpatel,2025-06-23T15:00:00,dpatel,2025-06-23T23:00:00,T
900670,500670,BIOBURDEN_USP61,0,5,5,5.0,CFU/device,0,100,50.0,T,A,dpatel,2025-06-23T06:00:00,jchen,2025-06-23T13:00:00,T
900671,500671,LAL_KINETIC,0,2.73,2.73,2.73,EU/device,0,20,10.0,T,A,anguyen,2025-06-25T06:00:00,mrodriguez,2025-06-26T00:00:00,T
900672,500672,BIOBURDEN_USP61,0,1,1,1.0,CFU/device,0,100,50.0,T,A,dpatel,2025-06-23T08:00:00,mrodriguez,2025-06-23T19:00:00,T
900673,500673,LAL_KINETIC,0,0.44,0.44,0.44,EU/device,0,20,10.0,T,A,jchen,2025-06-24T07:00:00,skwon,2025-06-24T19:00:00,T
900674,500674,BIOBURDEN_USP61,0,5,5,5.0,CFU/device,0,100,50.0,T,A,jchen,2025-06-24T06:00:00,skwon,2025-06-24T09:00:00,T
900675,500675,LAL_KINETIC,0,1.44,1.44,1.44,EU/device,0,20,10.0,T,A,mrodriguez,2025-06-25T09:00:00,tolawale,2025-06-26T05:00:00,T
900676,500676,BIOBURDEN_USP61,0,6,6,6.0,CFU/device,0,100,50.0,T,A,dpatel,2025-06-24T08:00:00,tolawale,2025-06-24T16:00:00,T
900677,500677,LAL_KINETIC,0,1.23,1.23,1.23,EU/device,0,20,10.0,T,A,jchen,2025-06-24T10:00:00,jchen,2025-06-25T06:00:00,T
900678,500678,SETTLE_PLATE_TSA,0,0,0,0.0,CFU/plate,0,1,1.0,T,A,jchen,2025-06-25T16:00:00,mrodriguez,2025-06-26T01:00:00,T
900679,500679,VIABLE_AIR_USP,0,0,0,0.0,CFU/m3,0,1,1.0,T,A,dpatel,2025-06-25T12:00:00,dpatel,2025-06-26T12:00:00,T
900680,500680,SETTLE_PLATE_TSA,0,0,0,0.0,CFU/plate,0,5,3.0,T,A,skwon,2025-06-30T10:00:00,skwon,2025-06-30T23:00:00,T
900681,500681,VIABLE_AIR_USP,0,1,1,1.0,CFU/m3,0,20,10.0,T,A,dpatel,2025-06-24T16:00:00,tolawale,2025-06-24T21:00:00,T
900682,500682,SETTLE_PLATE_TSA,0,1,1,1.0,CFU/plate,0,50,25.0,T,A,tolawale,2025-06-25T18:00:00,anguyen,2025-06-26T10:00:00,T
900683,500683,VIABLE_AIR_USP,0,9,9,9.0,CFU/m3,0,200,100.0,T,A,mrodriguez,2025-06-25T16:00:00,mrodriguez,2025-06-25T20:00:00,T
900684,500684,SETTLE_PLATE_TSA,0,2,2,2.0,CFU/plate,0,100,50.0,T,A,anguyen,2025-06-24T11:00:00,jchen,2025-06-25T10:00:00,T
900685,500685,VIABLE_AIR_USP,0,14,14,14.0,CFU/m3,0,400,200.0,T,A,skwon,2025-06-25T15:00:00,skwon,2025-06-26T10:00:00,T
900686,500686,SETTLE_PLATE_TSA,0,1,1,1.0,CFU/plate,0,1,1.0,F,A,anguyen,2025-06-26T11:00:00,tolawale,2025-06-27T04:00:00,T
900687,500687,VIABLE_AIR_USP,0,0,0,0.0,CFU/m3,0,1,1.0,T,A,tolawale,2025-06-25T12:00:00,dpatel,2025-06-26T04:00:00,T
900688,500688,SETTLE_PLATE_TSA,0,2,2,2.0,CFU/plate,0,5,3.0,T,A,mrodriguez,2025-06-26T13:00:00,dpatel,2025-06-27T09:00:00,T
900689,500689,VIABLE_AIR_USP,0,1,1,1.0,CFU/m3,0,20,10.0,T,A,tolawale,2025-06-26T10:00:00,anguyen,2025-06-27T06:00:00,T
900690,500690,SETTLE_PLATE_TSA,0,3,3,3.0,CFU/plate,0,50,25.0,T,A,dpatel,2025-06-25T07:00:00,dpatel,2025-06-26T07:00:00,T
900691,500691,VIABLE_AIR_USP,0,6,6,6.0,CFU/m3,0,200,100.0,T,A,jchen,2025-06-26T13:00:00,skwon,2025-06-27T13:00:00,T
900692,500692,SETTLE_PLATE_TSA,0,3,3,3.0,CFU/plate,0,100,50.0,T,A,skwon,2025-06-26T12:00:00,mrodriguez,2025-06-27T16:00:00,T
900693,500693,VIABLE_AIR_USP,0,25,25,25.0,CFU/m3,0,400,200.0,T,A,mrodriguez,2025-06-28T09:00:00,tolawale,2025-06-29T10:00:00,T
900694,500694,SETTLE_PLATE_TSA,0,0,0,0.0,CFU/plate,0,1,1.0,T,A,mrodriguez,2025-06-27T13:00:00,anguyen,2025-06-28T19:00:00,T
900695,500695,VIABLE_AIR_USP,0,0,0,0.0,CFU/m3,0,1,1.0,T,A,mrodriguez,2025-06-27T18:00:00,skwon,2025-06-28T22:00:00,T
900696,500696,SETTLE_PLATE_TSA,0,0,0,0.0,CFU/plate,0,5,3.0,T,A,anguyen,2025-07-02T12:00:00,dpatel,2025-07-03T12:00:00,T
900697,500697,VIABLE_AIR_USP,0,0,0,0.0,CFU/m3,0,20,10.0,T,A,anguyen,2025-06-26T17:00:00,jchen,2025-06-27T17:00:00,T
900698,500698,SETTLE_PLATE_TSA,0,5,5,5.0,CFU/plate,0,50,25.0,T,A,mrodriguez,2025-06-27T13:00:00,anguyen,2025-06-28T07:00:00,T
900699,500699,VIABLE_AIR_USP,0,10,10,10.0,CFU/m3,0,200,100.0,T,A,mrodriguez,2025-06-26T14:00:00,dpatel,2025-06-27T17:00:00,T
900700,500700,SETTLE_PLATE_TSA,0,6,6,6.0,CFU/plate,0,100,50.0,T,A,jchen,2025-06-27T15:00:00,dpatel,2025-06-28T06:00:00,T
900701,500701,VIABLE_AIR_USP,0,16,16,16.0,CFU/m3,0,400,200.0,T,A,tolawale,2025-06-27T10:00:00,skwon,2025-06-27T13:00:00,T
900702,500702,SETTLE_PLATE_TSA,0,0,0,0.0,CFU/plate,0,1,1.0,T,A,tolawale,2025-06-27T10:00:00,mrodriguez,2025-06-28T03:00:00,T
900703,500703,VIABLE_AIR_USP,0,0,0,0.0,CFU/m3,0,1,1.0,T,A,dpatel,2025-06-28T12:00:00,jchen,2025-06-29T17:00:00,T
900704,500704,SETTLE_PLATE_TSA,0,0,0,0.0,CFU/plate,0,5,3.0,T,A,anguyen,2025-06-28T12:00:00,dpatel,2025-06-29T15:00:00,T
900705,500705,VIABLE_AIR_USP,0,1,1,1.0,CFU/m3,0,20,10.0,T,A,skwon,2025-06-27T12:00:00,anguyen,2025-06-27T16:00:00,T
900706,500706,SETTLE_PLATE_TSA,0,1,1,1.0,CFU/plate,0,50,25.0,T,A,skwon,2025-06-27T16:00:00,mrodriguez,2025-06-28T17:00:00,T
900707,500707,VIABLE_AIR_USP,0,12,12,12.0,CFU/m3,0,200,100.0,T,A,jchen,2025-06-27T08:00:00,skwon,2025-06-27T15:00:00,T
900708,500708,SETTLE_PLATE_TSA,0,4,4,4.0,CFU/plate,0,100,50.0,T,A,mrodriguez,2025-06-28T17:00:00,anguyen,2025-06-29T03:00:00,T
900709,500709,VIABLE_AIR_USP,0,20,20,20.0,CFU/m3,0,400,200.0,T,A,dpatel,2025-06-28T12:00:00,anguyen,2025-06-29T11:00:00,T
900710,500710,SETTLE_PLATE_TSA,0,0,0,0.0,CFU/plate,0,1,1.0,T,A,anguyen,2025-06-29T10:00:00,dpatel,2025-06-29T22:00:00,T
900711,500711,VIABLE_AIR_USP,0,0,0,0.0,CFU/m3,0,1,1.0,T,A,tolawale,2025-06-29T11:00:00,anguyen,2025-06-30T12:00:00,T
900712,500712,SETTLE_PLATE_TSA,0,0,0,0.0,CFU/plate,0,5,3.0,T,A,tolawale,2025-06-28T13:00:00,tolawale,2025-06-29T08:00:00,T
900713,500713,VIABLE_AIR_USP,0,0,0,0.0,CFU/m3,0,20,10.0,T,A,jchen,2025-06-28T13:00:00,tolawale,2025-06-29T02:00:00,T
900714,500714,SETTLE_PLATE_TSA,0,3,3,3.0,CFU/plate,0,50,25.0,T,A,jchen,2025-06-28T09:00:00,jchen,2025-06-29T06:00:00,T
900715,500715,VIABLE_AIR_USP,0,8,8,8.0,CFU/m3,0,200,100.0,T,A,jchen,2025-06-28T12:00:00,anguyen,2025-06-29T11:00:00,T
900716,500716,SETTLE_PLATE_TSA,0,1,1,1.0,CFU/plate,0,100,50.0,T,A,tolawale,2025-06-29T13:00:00,tolawale,2025-06-30T12:00:00,T
900717,500717,VIABLE_AIR_USP,0,28,28,28.0,CFU/m3,0,400,200.0,T,A,skwon,2025-06-29T12:00:00,dpatel,2025-06-29T19:00:00,T
900718,500718,SETTLE_PLATE_TSA,0,0,0,0.0,CFU/plate,0,1,1.0,T,A,dpatel,2025-06-30T13:00:00,jchen,2025-06-30T20:00:00,T
900719,500719,VIABLE_AIR_USP,0,0,0,0.0,CFU/m3,0,1,1.0,T,A,anguyen,2025-06-30T08:00:00,skwon,2025-06-30T14:00:00,T
900720,500720,SETTLE_PLATE_TSA,0,0,0,0.0,CFU/plate,0,5,3.0,T,A,skwon,2025-06-29T06:00:00,anguyen,2025-06-29T10:00:00,T
900721,500721,VIABLE_AIR_USP,0,1,1,1.0,CFU/m3,0,20,10.0,T,A,jchen,2025-06-29T09:00:00,skwon,2025-06-29T12:00:00,T
900722,500722,SETTLE_PLATE_TSA,0,3,3,3.0,CFU/plate,0,50,25.0,T,A,skwon,2025-06-30T15:00:00,tolawale,2025-07-01T06:00:00,T
900723,500723,VIABLE_AIR_USP,0,14,14,14.0,CFU/m3,0,200,100.0,T,A,anguyen,2025-06-30T13:00:00,anguyen,2025-06-30T18:00:00,T
900724,500724,SETTLE_PLATE_TSA,0,6,6,6.0,CFU/plate,0,100,50.0,T,A,tolawale,2025-06-29T09:00:00,dpatel,2025-06-29T22:00:00,T
900725,500725,VIABLE_AIR_USP,0,10,10,10.0,CFU/m3,0,400,200.0,T,A,dpatel,2025-06-29T17:00:00,tolawale,2025-06-29T20:00:00,T
900726,500726,SETTLE_PLATE_TSA,0,0,0,0.0,CFU/plate,0,1,1.0,T,A,jchen,2025-07-01T16:00:00,skwon,2025-07-01T20:00:00,T
900727,500727,VIABLE_AIR_USP,0,0,0,0.0,CFU/m3,0,1,1.0,T,A,jchen,2025-06-30T14:00:00,anguyen,2025-07-01T04:00:00,T
900728,500728,SETTLE_PLATE_TSA,0,1,1,1.0,CFU/plate,0,5,3.0,T,A,skwon,2025-06-30T10:00:00,dpatel,2025-06-30T22:00:00,T
900729,500729,VIABLE_AIR_USP,0,2,2,2.0,CFU/m3,0,20,10.0,T,A,skwon,2025-07-01T14:00:00,anguyen,2025-07-01T20:00:00,T
900730,500730,SETTLE_PLATE_TSA,0,1,1,1.0,CFU/plate,0,50,25.0,T,A,tolawale,2025-06-30T13:00:00,mrodriguez,2025-07-01T10:00:00,T
900731,500731,VIABLE_AIR_USP,0,7,7,7.0,CFU/m3,0,200,100.0,T,A,jchen,2025-06-30T11:00:00,skwon,2025-07-01T15:00:00,T
900732,500732,SETTLE_PLATE_TSA,0,10,10,10.0,CFU/plate,0,100,50.0,T,A,jchen,2025-06-30T07:00:00,skwon,2025-07-01T10:00:00,T
900733,500733,VIABLE_AIR_USP,0,17,17,17.0,CFU/m3,0,400,200.0,T,A,dpatel,2025-06-30T14:00:00,jchen,2025-07-01T18:00:00,T
900734,500734,BIOBURDEN_USP61,0,3,3,3.0,CFU/device,0,100,50.0,T,A,skwon,2025-06-30T07:00:00,mrodriguez,2025-06-30T20:00:00,T
900735,500735,LAL_KINETIC,0,1.7,1.7,1.7,EU/device,0,20,10.0,T,A,mrodriguez,2025-07-02T09:00:00,jchen,2025-07-02T12:00:00,T
900736,500736,BIOBURDEN_USP61,0,7,7,7.0,CFU/device,0,100,50.0,T,A,skwon,2025-06-30T10:00:00,jchen,2025-06-30T12:00:00,T
900737,500737,LAL_KINETIC,0,0.78,0.78,0.78,EU/device,0,20,10.0,T,A,jchen,2025-06-30T06:00:00,tolawale,2025-06-30T10:00:00,T
900738,500738,SETTLE_PLATE_TSA,0,0,0,0.0,CFU/plate,0,1,1.0,T,A,tolawale,2025-07-02T11:00:00,tolawale,2025-07-02T19:00:00,T
900739,500739,VIABLE_AIR_USP,0,0,0,0.0,CFU/m3,0,1,1.0,T,A,skwon,2025-07-01T09:00:00,tolawale,2025-07-02T06:00:00,T
900740,500740,SETTLE_PLATE_TSA,0,2,2,2.0,CFU/plate,0,5,3.0,T,A,dpatel,2025-07-01T11:00:00,jchen,2025-07-01T16:00:00,T
900741,500741,VIABLE_AIR_USP,0,2,2,2.0,CFU/m3,0,20,10.0,T,A,anguyen,2025-07-01T14:00:00,jchen,2025-07-01T17:00:00,T
900742,500742,SETTLE_PLATE_TSA,0,1,1,1.0,CFU/plate,0,50,25.0,T,A,skwon,2025-07-01T09:00:00,dpatel,2025-07-02T07:00:00,T
900743,500743,VIABLE_AIR_USP,0,7,7,7.0,CFU/m3,0,200,100.0,T,A,dpatel,2025-07-02T08:00:00,jchen,2025-07-02T13:00:00,T
900744,500744,SETTLE_PLATE_TSA,0,5,5,5.0,CFU/plate,0,100,50.0,T,A,jchen,2025-07-01T08:00:00,tolawale,2025-07-02T14:00:00,T
900745,500745,VIABLE_AIR_USP,0,21,21,21.0,CFU/m3,0,400,200.0,T,A,dpatel,2025-07-02T13:00:00,dpatel,2025-07-03T15:00:00,T
900746,500746,SETTLE_PLATE_TSA,0,0,0,0.0,CFU/plate,0,1,1.0,T,A,mrodriguez,2025-07-02T10:00:00,skwon,2025-07-03T03:00:00,T
900747,500747,VIABLE_AIR_USP,0,0,0,0.0,CFU/m3,0,1,1.0,T,A,mrodriguez,2025-07-03T11:00:00,mrodriguez,2025-07-04T01:00:00,T
900748,500748,SETTLE_PLATE_TSA,0,0,0,0.0,CFU/plate,0,5,3.0,T,A,dpatel,2025-07-02T08:00:00,jchen,2025-07-03T08:00:00,T
900749,500749,VIABLE_AIR_USP,0,1,1,1.0,CFU/m3,0,20,10.0,T,A,skwon,2025-07-02T11:00:00,anguyen,2025-07-02T20:00:00,T
900750,500750,SETTLE_PLATE_TSA,0,2,2,2.0,CFU/plate,0,50,25.0,T,A,mrodriguez,2025-07-02T11:00:00,skwon,2025-07-03T02:00:00,T
900751,500751,VIABLE_AIR_USP,0,11,11,11.0,CFU/m3,0,200,100.0,T,A,anguyen,2025-07-03T11:00:00,skwon,2025-07-03T13:00:00,T
900752,500752,SETTLE_PLATE_TSA,0,2,2,2.0,CFU/plate,0,100,50.0,T,A,dpatel,2025-07-02T09:00:00,skwon,2025-07-03T05:00:00,T
900753,500753,VIABLE_AIR_USP,0,18,18,18.0,CFU/m3,0,400,200.0,T,A,skwon,2025-07-02T12:00:00,skwon,2025-07-03T06:00:00,T
900754,500754,SETTLE_PLATE_TSA,0,0,0,0.0,CFU/plate,0,1,1.0,T,A,skwon,2025-07-03T14:00:00,tolawale,2025-07-04T16:00:00,T
900755,500755,VIABLE_AIR_USP,0,0,0,0.0,CFU/m3,0,1,1.0,T,A,mrodriguez,2025-07-03T08:00:00,tolawale,2025-07-03T10:00:00,T
900756,500756,SETTLE_PLATE_TSA,0,0,0,0.0,CFU/plate,0,5,3.0,T,A,anguyen,2025-07-03T16:00:00,tolawale,2025-07-04T08:00:00,T
900757,500757,VIABLE_AIR_USP,0,2,2,2.0,CFU/m3,0,20,10.0,T,A,tolawale,2025-07-03T09:00:00,dpatel,2025-07-03T23:00:00,T
900758,500758,SETTLE_PLATE_TSA,0,5,5,5.0,CFU/plate,0,50,25.0,T,A,dpatel,2025-07-03T10:00:00,tolawale,2025-07-04T07:00:00,T
900759,500759,VIABLE_AIR_USP,0,11,11,11.0,CFU/m3,0,200,100.0,T,A,tolawale,2025-07-03T11:00:00,skwon,2025-07-04T01:00:00,T
900760,500760,SETTLE_PLATE_TSA,0,4,4,4.0,CFU/plate,0,100,50.0,T,A,mrodriguez,2025-07-03T16:00:00,mrodriguez,2025-07-04T16:00:00,T
900761,500761,VIABLE_AIR_USP,0,18,18,18.0,CFU/m3,0,400,200.0,T,A,anguyen,2025-07-04T10:00:00,mrodriguez,2025-07-05T12:00:00,T
900762,500762,SETTLE_PLATE_TSA,0,0,0,0.0,CFU/plate,0,1,1.0,T,A,tolawale,2025-07-04T11:00:00,skwon,2025-07-05T00:00:00,T
900763,500763,VIABLE_AIR_USP,0,0,0,0.0,CFU/m3,0,1,1.0,T,A,jchen,2025-07-05T17:00:00,tolawale,2025-07-06T14:00:00,T
900764,500764,SETTLE_PLATE_TSA,0,1,1,1.0,CFU/plate,0,5,3.0,T,A,skwon,2025-07-05T09:00:00,jchen,2025-07-05T20:00:00,T
900765,500765,VIABLE_AIR_USP,0,1,1,1.0,CFU/m3,0,20,10.0,T,A,tolawale,2025-07-04T09:00:00,jchen,2025-07-05T03:00:00,T
900766,500766,SETTLE_PLATE_TSA,0,3,3,3.0,CFU/plate,0,50,25.0,T,A,mrodriguez,2025-07-05T17:00:00,jchen,2025-07-06T18:00:00,T
900767,500767,VIABLE_AIR_USP,0,11,11,11.0,CFU/m3,0,200,100.0,T,A,jchen,2025-07-04T14:00:00,skwon,2025-07-05T12:00:00,T
900768,500768,SETTLE_PLATE_TSA,0,6,6,6.0,CFU/plate,0,100,50.0,T,A,anguyen,2025-07-05T16:00:00,mrodriguez,2025-07-06T03:00:00,T
900769,500769,VIABLE_AIR_USP,0,17,17,17.0,CFU/m3,0,400,200.0,T,A,mrodriguez,2025-07-04T15:00:00,jchen,2025-07-05T04:00:00,T
900770,500770,SETTLE_PLATE_TSA,0,0,0,0.0,CFU/plate,0,1,1.0,T,A,mrodriguez,2025-07-05T17:00:00,mrodriguez,2025-07-06T04:00:00,T
900771,500771,VIABLE_AIR_USP,0,0,0,0.0,CFU/m3,0,1,1.0,T,A,mrodriguez,2025-07-05T12:00:00,skwon,2025-07-06T08:00:00,T
900772,500772,SETTLE_PLATE_TSA,0,0,0,0.0,CFU/plate,0,5,3.0,T,A,anguyen,2025-07-06T12:00:00,skwon,2025-07-06T18:00:00,T
900773,500773,VIABLE_AIR_USP,0,0,0,0.0,CFU/m3,0,20,10.0,T,A,anguyen,2025-07-05T13:00:00,skwon,2025-07-06T06:00:00,T
900774,500774,SETTLE_PLATE_TSA,0,3,3,3.0,CFU/plate,0,50,25.0,T,A,tolawale,2025-07-06T10:00:00,anguyen,2025-07-07T03:00:00,T
900775,500775,VIABLE_AIR_USP,0,11,11,11.0,CFU/m3,0,200,100.0,T,A,tolawale,2025-07-06T15:00:00,tolawale,2025-07-07T15:00:00,T
900776,500776,SETTLE_PLATE_TSA,0,7,7,7.0,CFU/plate,0,100,50.0,T,A,tolawale,2025-07-06T07:00:00,mrodriguez,2025-07-06T21:00:00,T
900777,500777,VIABLE_AIR_USP,0,19,19,19.0,CFU/m3,0,400,200.0,T,A,dpatel,2025-07-09T14:00:00,mrodriguez,2025-07-09T23:00:00,T
900778,500778,SETTLE_PLATE_TSA,0,0,0,0.0,CFU/plate,0,1,1.0,T,A,tolawale,2025-07-06T17:00:00,skwon,2025-07-07T07:00:00,T
900779,500779,VIABLE_AIR_USP,0,0,0,0.0,CFU/m3,0,1,1.0,T,A,anguyen,2025-07-07T16:00:00,skwon,2025-07-07T22:00:00,T
900780,500780,SETTLE_PLATE_TSA,0,0,0,0.0,CFU/plate,0,5,3.0,T,A,dpatel,2025-07-07T13:00:00,jchen,2025-07-08T18:00:00,T
900781,500781,VIABLE_AIR_USP,0,3,3,3.0,CFU/m3,0,20,10.0,T,A,tolawale,2025-07-07T13:00:00,skwon,2025-07-07T20:00:00,T
900782,500782,SETTLE_PLATE_TSA,0,3,3,3.0,CFU/plate,0,50,25.0,T,A,anguyen,2025-07-06T10:00:00,anguyen,2025-07-06T21:00:00,T
900783,500783,VIABLE_AIR_USP,0,11,11,11.0,CFU/m3,0,200,100.0,T,A,anguyen,2025-07-06T06:00:00,dpatel,2025-07-06T21:00:00,T
900784,500784,SETTLE_PLATE_TSA,0,6,6,6.0,CFU/plate,0,100,50.0,T,A,mrodriguez,2025-07-07T14:00:00,jchen,2025-07-08T09:00:00,T
900785,500785,VIABLE_AIR_USP,0,25,25,25.0,CFU/m3,0,400,200.0,T,A,anguyen,2025-07-07T11:00:00,mrodriguez,2025-07-07T13:00:00,T
900786,500786,SETTLE_PLATE_TSA,0,0,0,0.0,CFU/plate,0,1,1.0,T,A,jchen,2025-07-08T15:00:00,tolawale,2025-07-08T22:00:00,T
900787,500787,VIABLE_AIR_USP,0,0,0,0.0,CFU/m3,0,1,1.0,T,A,jchen,2025-07-08T07:00:00,dpatel,2025-07-09T04:00:00,T
900788,500788,SETTLE_PLATE_TSA,0,0,0,0.0,CFU/plate,0,5,3.0,T,A,dpatel,2025-07-08T10:00:00,tolawale,2025-07-08T23:00:00,T
900789,500789,VIABLE_AIR_USP,0,1,1,1.0,CFU/m3,0,20,10.0,T,A,mrodriguez,2025-07-07T13:00:00,mrodriguez,2025-07-08T05:00:00,T
900790,500790,SETTLE_PLATE_TSA,0,5,5,5.0,CFU/plate,0,50,25.0,T,A,dpatel,2025-07-08T08:00:00,anguyen,2025-07-08T19:00:00,T
900791,500791,VIABLE_AIR_USP,0,10,10,10.0,CFU/m3,0,200,100.0,T,A,anguyen,2025-07-07T07:00:00,anguyen,2025-07-08T04:00:00,T
900792,500792,SETTLE_PLATE_TSA,0,5,5,5.0,CFU/plate,0,100,50.0,T,A,dpatel,2025-07-08T09:00:00,dpatel,2025-07-09T04:00:00,T
900793,500793,VIABLE_AIR_USP,0,23,23,23.0,CFU/m3,0,400,200.0,T,A,mrodriguez,2025-07-08T13:00:00,mrodriguez,2025-07-09T04:00:00,T
900794,500794,BIOBURDEN_USP61,0,3,3,3.0,CFU/device,0,100,50.0,T,A,mrodriguez,2025-07-09T07:00:00,tolawale,2025-07-10T01:00:00,T
900795,500795,LAL_KINETIC,0,0.77,0.77,0.77,EU/device,0,20,10.0,T,A,tolawale,2025-07-07T10:00:00,jchen,2025-07-08T01:00:00,T
900796,500796,BIOBURDEN_USP61,0,1,1,1.0,CFU/device,0,100,50.0,T,A,dpatel,2025-07-08T09:00:00,skwon,2025-07-08T22:00:00,T
900797,500797,LAL_KINETIC,0,3.41,3.41,3.41,EU/device,0,20,10.0,T,A,anguyen,2025-07-08T10:00:00,dpatel,2025-07-08T17:00:00,T
900798,500798,SETTLE_PLATE_TSA,0,0,0,0.0,CFU/plate,0,1,1.0,T,A,tolawale,2025-07-08T10:00:00,skwon,2025-07-08T16:00:00,T
900799,500799,VIABLE_AIR_USP,0,0,0,0.0,CFU/m3,0,1,1.0,T,A,jchen,2025-07-14T12:00:00,jchen,2025-07-14T15:00:00,T
900800,500800,SETTLE_PLATE_TSA,0,0,0,0.0,CFU/plate,0,5,3.0,T,A,anguyen,2025-07-11T14:00:00,dpatel,2025-07-11T17:00:00,T
900801,500801,VIABLE_AIR_USP,0,1,1,1.0,CFU/m3,0,20,10.0,T,A,jchen,2025-07-08T09:00:00,dpatel,2025-07-08T16:00:00,T
900802,500802,SETTLE_PLATE_TSA,0,1,1,1.0,CFU/plate,0,50,25.0,T,A,anguyen,2025-07-08T16:00:00,anguyen,2025-07-09T18:00:00,T
900803,500803,VIABLE_AIR_USP,0,18,18,18.0,CFU/m3,0,200,100.0,T,A,jchen,2025-07-08T18:00:00,mrodriguez,2025-07-09T02:00:00,T
900804,500804,SETTLE_PLATE_TSA,0,4,4,4.0,CFU/plate,0,100,50.0,T,A,jchen,2025-07-08T13:00:00,skwon,2025-07-09T07:00:00,T
900805,500805,VIABLE_AIR_USP,0,25,25,25.0,CFU/m3,0,400,200.0,T,A,mrodriguez,2025-07-08T12:00:00,skwon,2025-07-09T16:00:00,T
900806,500806,SETTLE_PLATE_TSA,0,0,0,0.0,CFU/plate,0,1,1.0,T,A,skwon,2025-07-10T08:00:00,anguyen,2025-07-11T00:00:00,T
900807,500807,VIABLE_AIR_USP,0,0,0,0.0,CFU/m3,0,1,1.0,T,A,tolawale,2025-07-09T09:00:00,jchen,2025-07-09T21:00:00,T
900808,500808,SETTLE_PLATE_TSA,0,0,0,0.0,CFU/plate,0,5,3.0,T,A,tolawale,2025-07-10T13:00:00,dpatel,2025-07-11T08:00:00,T
900809,500809,VIABLE_AIR_USP,0,3,3,3.0,CFU/m3,0,20,10.0,T,A,mrodriguez,2025-07-10T14:00:00,tolawale,2025-07-10T21:00:00,T
900810,500810,SETTLE_PLATE_TSA,0,1,1,1.0,CFU/plate,0,50,25.0,T,A,skwon,2025-07-09T10:00:00,skwon,2025-07-09T16:00:00,T
900811,500811,VIABLE_AIR_USP,0,10,10,10.0,CFU/m3,0,200,100.0,T,A,tolawale,2025-07-09T07:00:00,dpatel,2025-07-09T20:00:00,T
900812,500812,SETTLE_PLATE_TSA,0,2,2,2.0,CFU/plate,0,100,50.0,T,A,mrodriguez,2025-07-10T10:00:00,anguyen,2025-07-11T12:00:00,T
900813,500813,VIABLE_AIR_USP,0,22,22,22.0,CFU/m3,0,400,200.0,T,A,dpatel,2025-07-10T16:00:00,mrodriguez,2025-07-11T10:00:00,T
900814,500814,SETTLE_PLATE_TSA,0,0,0,0.0,CFU/plate,0,1,1.0,T,A,dpatel,2025-07-10T08:00:00,tolawale,2025-07-10T10:00:00,T
900815,500815,VIABLE_AIR_USP,0,0,0,0.0,CFU/m3,0,1,1.0,T,A,skwon,2025-07-10T12:00:00,dpatel,2025-07-11T09:00:00,T
900816,500816,SETTLE_PLATE_TSA,0,1,1,1.0,CFU/plate,0,5,3.0,T,A,jchen,2025-07-11T17:00:00,tolawale,2025-07-12T01:00:00,T
900817,500817,VIABLE_AIR_USP,0,0,0,0.0,CFU/m3,0,20,10.0,T,A,dpatel,2025-07-10T10:00:00,skwon,2025-07-11T01:00:00,T
900818,500818,SETTLE_PLATE_TSA,0,1,1,1.0,CFU/plate,0,50,25.0,T,A,skwon,2025-07-14T17:00:00,tolawale,2025-07-15T16:00:00,T
900819,500819,VIABLE_AIR_USP,0,9,9,9.0,CFU/m3,0,200,100.0,T,A,mrodriguez,2025-07-11T16:00:00,anguyen,2025-07-12T18:00:00,T
900820,500820,SETTLE_PLATE_TSA,0,7,7,7.0,CFU/plate,0,100,50.0,T,A,anguyen,2025-07-10T15:00:00,anguyen,2025-07-11T01:00:00,T
900821,500821,VIABLE_AIR_USP,0,23,23,23.0,CFU/m3,0,400,200.0,T,A,tolawale,2025-07-11T15:00:00,anguyen,2025-07-11T18:00:00,T
900822,500822,SETTLE_PLATE_TSA,0,0,0,0.0,CFU/plate,0,1,1.0,T,A,tolawale,2025-07-12T14:00:00,dpatel,2025-07-12T19:00:00,T
900823,500823,VIABLE_AIR_USP,0,0,0,0.0,CFU/m3,0,1,1.0,T,A,dpatel,2025-07-15T12:00:00,dpatel,2025-07-15T21:00:00,T
900824,500824,SETTLE_PLATE_TSA,0,1,1,1.0,CFU/plate,0,5,3.0,T,A,dpatel,2025-07-11T06:00:00,jchen,2025-07-12T01:00:00,T
900825,500825,VIABLE_AIR_USP,0,1,1,1.0,CFU/m3,0,20,10.0,T,A,anguyen,2025-07-12T13:00:00,skwon,2025-07-12T15:00:00,T
900826,500826,SETTLE_PLATE_TSA,0,1,1,1.0,CFU/plate,0,50,25.0,T,A,anguyen,2025-07-11T16:00:00,tolawale,2025-07-11T21:00:00,T
900827,500827,VIABLE_AIR_USP,0,13,13,13.0,CFU/m3,0,200,100.0,T,A,anguyen,2025-07-12T11:00:00,dpatel,2025-07-13T08:00:00,T
900828,500828,SETTLE_PLATE_TSA,0,7,7,7.0,CFU/plate,0,100,50.0,T,A,tolawale,2025-07-11T17:00:00,dpatel,2025-07-12T01:00:00,T
900829,500829,VIABLE_AIR_USP,0,21,21,21.0,CFU/m3,0,400,200.0,T,A,skwon,2025-07-11T11:00:00,dpatel,2025-07-12T07:00:00,T
900830,500830,SETTLE_PLATE_TSA,0,0,0,0.0,CFU/plate,0,1,1.0,T,A,skwon,2025-07-12T13:00:00,skwon,2025-07-13T07:00:00,T
900831,500831,VIABLE_AIR_USP,0,0,0,0.0,CFU/m3,0,1,1.0,T,A,mrodriguez,2025-07-13T16:00:00,anguyen,2025-07-14T08:00:00,T
900832,500832,SETTLE_PLATE_TSA,0,0,0,0.0,CFU/plate,0,5,3.0,T,A,mrodriguez,2025-07-12T17:00:00,anguyen,2025-07-13T03:00:00,T
900833,500833,VIABLE_AIR_USP,0,1,1,1.0,CFU/m3,0,20,10.0,T,A,anguyen,2025-07-12T17:00:00,skwon,2025-07-13T01:00:00,T
900834,500834,SETTLE_PLATE_TSA,0,0,0,0.0,CFU/plate,0,50,25.0,T,A,skwon,2025-07-12T11:00:00,dpatel,2025-07-13T16:00:00,T
900835,500835,VIABLE_AIR_USP,0,11,11,11.0,CFU/m3,0,200,100.0,T,A,dpatel,2025-07-12T13:00:00,mrodriguez,2025-07-12T22:00:00,T
900836,500836,SETTLE_PLATE_TSA,0,4,4,4.0,CFU/plate,0,100,50.0,T,A,skwon,2025-07-13T14:00:00,mrodriguez,2025-07-14T12:00:00,T
900837,500837,VIABLE_AIR_USP,0,18,18,18.0,CFU/m3,0,400,200.0,T,A,jchen,2025-07-13T15:00:00,jchen,2025-07-13T22:00:00,T
900838,500838,SETTLE_PLATE_TSA,0,0,0,0.0,CFU/plate,0,1,1.0,T,A,jchen,2025-07-13T11:00:00,jchen,2025-07-14T08:00:00,T
900839,500839,VIABLE_AIR_USP,0,0,0,0.0,CFU/m3,0,1,1.0,T,A,dpatel,2025-07-13T15:00:00,mrodriguez,2025-07-14T19:00:00,T
900840,500840,SETTLE_PLATE_TSA,0,0,0,0.0,CFU/plate,0,5,3.0,T,A,jchen,2025-07-14T17:00:00,mrodriguez,2025-07-15T23:00:00,T
900841,500841,VIABLE_AIR_USP,0,0,0,0.0,CFU/m3,0,20,10.0,T,A,dpatel,2025-07-14T11:00:00,mrodriguez,2025-07-15T02:00:00,T
900842,500842,SETTLE_PLATE_TSA,0,6,6,6.0,CFU/plate,0,50,25.0,T,A,skwon,2025-07-13T15:00:00,tolawale,2025-07-14T10:00:00,T
900843,500843,VIABLE_AIR_USP,0,19,19,19.0,CFU/m3,0,200,100.0,T,A,anguyen,2025-07-13T12:00:00,dpatel,2025-07-14T18:00:00,T
900844,500844,SETTLE_PLATE_TSA,0,5,5,5.0,CFU/plate,0,100,50.0,T,A,jchen,2025-07-13T08:00:00,mrodriguez,2025-07-14T08:00:00,T
900845,500845,VIABLE_AIR_USP,0,16,16,16.0,CFU/m3,0,400,200.0,T,A,dpatel,2025-07-14T10:00:00,skwon,2025-07-15T05:00:00,T
900846,500846,SETTLE_PLATE_TSA,0,0,0,0.0,CFU/plate,0,1,1.0,T,A,dpatel,2025-07-14T12:00:00,skwon,2025-07-14T20:00:00,T
900847,500847,VIABLE_AIR_USP,0,1,1,1.0,CFU/m3,0,1,1.0,F,A,jchen,2025-07-14T16:00:00,skwon,2025-07-15T09:00:00,T
900848,500848,SETTLE_PLATE_TSA,0,1,1,1.0,CFU/plate,0,5,3.0,T,A,tolawale,2025-07-14T12:00:00,tolawale,2025-07-15T03:00:00,T
900849,500849,VIABLE_AIR_USP,0,0,0,0.0,CFU/m3,0,20,10.0,T,A,skwon,2025-07-14T10:00:00,tolawale,2025-07-15T08:00:00,T
900850,500850,SETTLE_PLATE_TSA,0,2,2,2.0,CFU/plate,0,50,25.0,T,A,tolawale,2025-07-14T08:00:00,anguyen,2025-07-14T15:00:00,T
900851,500851,VIABLE_AIR_USP,0,19,19,19.0,CFU/m3,0,200,100.0,T,A,anguyen,2025-07-15T14:00:00,mrodriguez,2025-07-16T07:00:00,T
900852,500852,SETTLE_PLATE_TSA,0,5,5,5.0,CFU/plate,0,100,50.0,T,A,mrodriguez,2025-07-15T10:00:00,anguyen,2025-07-16T00:00:00,T
900853,500853,VIABLE_AIR_USP,0,26,26,26.0,CFU/m3,0,400,200.0,T,A,anguyen,2025-07-14T07:00:00,dpatel,2025-07-14T23:00:00,T
900854,500854,BIOBURDEN_USP61,0,6,6,6.0,CFU/device,0,100,50.0,T,A,anguyen,2025-07-15T09:00:00,jchen,2025-07-15T19:00:00,T
900855,500855,LAL_KINETIC,0,0.82,0.82,0.82,EU/device,0,20,10.0,T,A,mrodriguez,2025-07-16T08:00:00,tolawale,2025-07-16T13:00:00,T
900856,500856,BIOBURDEN_USP61,0,5,5,5.0,CFU/device,0,100,50.0,T,A,jchen,2025-07-14T09:00:00,dpatel,2025-07-14T17:00:00,T
900857,500857,LAL_KINETIC,0,0.76,0.76,0.76,EU/device,0,20,10.0,T,A,tolawale,2025-07-15T08:00:00,skwon,2025-07-15T22:00:00,T
900858,500858,BIOBURDEN_USP61,0,1,1,1.0,CFU/device,0,100,50.0,T,A,dpatel,2025-07-16T07:00:00,mrodriguez,2025-07-16T15:00:00,T
900859,500859,LAL_KINETIC,0,3.42,3.42,3.42,EU/device,0,20,10.0,T,A,mrodriguez,2025-07-14T09:00:00,mrodriguez,2025-07-14T20:00:00,T
900860,500860,SETTLE_PLATE_TSA,0,0,0,0.0,CFU/plate,0,1,1.0,T,A,anguyen,2025-07-16T09:00:00,mrodriguez,2025-07-16T11:00:00,T
900861,500861,VIABLE_AIR_USP,0,0,0,0.0,CFU/m3,0,1,1.0,T,A,tolawale,2025-07-16T15:00:00,dpatel,2025-07-17T16:00:00,T
900862,500862,SETTLE_PLATE_TSA,0,0,0,0.0,CFU/plate,0,5,3.0,T,A,jchen,2025-07-15T13:00:00,tolawale,2025-07-16T02:00:00,T
900863,500863,VIABLE_AIR_USP,0,0,0,0.0,CFU/m3,0,20,10.0,T,A,tolawale,2025-07-15T10:00:00,anguyen,2025-07-15T20:00:00,T
900864,500864,SETTLE_PLATE_TSA,0,6,6,6.0,CFU/plate,0,50,25.0,T,A,mrodriguez,2025-07-15T10:00:00,anguyen,2025-07-15T20:00:00,T
900865,500865,VIABLE_AIR_USP,0,13,13,13.0,CFU/m3,0,200,100.0,T,A,skwon,2025-07-16T16:00:00,dpatel,2025-07-17T07:00:00,T
900866,500866,SETTLE_PLATE_TSA,0,5,5,5.0,CFU/plate,0,100,50.0,T,A,skwon,2025-07-16T12:00:00,dpatel,2025-07-17T03:00:00,T
900867,500867,VIABLE_AIR_USP,0,26,26,26.0,CFU/m3,0,400,200.0,T,A,anguyen,2025-07-15T13:00:00,mrodriguez,2025-07-16T14:00:00,T
900868,500868,SETTLE_PLATE_TSA,0,0,0,0.0,CFU/plate,0,1,1.0,T,A,jchen,2025-07-16T12:00:00,skwon,2025-07-16T19:00:00,T
900869,500869,VIABLE_AIR_USP,0,0,0,0.0,CFU/m3,0,1,1.0,T,A,skwon,2025-07-17T09:00:00,tolawale,2025-07-18T01:00:00,T
900870,500870,SETTLE_PLATE_TSA,0,0,0,0.0,CFU/plate,0,5,3.0,T,A,jchen,2025-07-16T10:00:00,mrodriguez,2025-07-16T23:00:00,T
900871,500871,VIABLE_AIR_USP,0,2,2,2.0,CFU/m3,0,20,10.0,T,A,mrodriguez,2025-07-17T10:00:00,anguyen,2025-07-18T06:00:00,T
900872,500872,SETTLE_PLATE_TSA,0,2,2,2.0,CFU/plate,0,50,25.0,T,A,jchen,2025-07-17T10:00:00,jchen,2025-07-18T16:00:00,T
900873,500873,VIABLE_AIR_USP,0,10,10,10.0,CFU/m3,0,200,100.0,T,A,skwon,2025-07-16T11:00:00,jchen,2025-07-16T17:00:00,T
900874,500874,SETTLE_PLATE_TSA,0,8,8,8.0,CFU/plate,0,100,50.0,T,A,tolawale,2025-07-16T14:00:00,anguyen,2025-07-16T17:00:00,T
900875,500875,VIABLE_AIR_USP,0,24,24,24.0,CFU/m3,0,400,200.0,T,A,tolawale,2025-07-16T11:00:00,tolawale,2025-07-17T16:00:00,T
900876,500876,SETTLE_PLATE_TSA,0,0,0,0.0,CFU/plate,0,1,1.0,T,A,anguyen,2025-07-18T07:00:00,mrodriguez,2025-07-18T21:00:00,T
900877,500877,VIABLE_AIR_USP,0,0,0,0.0,CFU/m3,0,1,1.0,T,A,jchen,2025-07-21T11:00:00,dpatel,2025-07-22T01:00:00,T
900878,500878,SETTLE_PLATE_TSA,0,0,0,0.0,CFU/plate,0,5,3.0,T,A,jchen,2025-07-18T11:00:00,anguyen,2025-07-19T17:00:00,T
900879,500879,VIABLE_AIR_USP,0,0,0,0.0,CFU/m3,0,20,10.0,T,A,dpatel,2025-07-18T13:00:00,skwon,2025-07-19T19:00:00,T
900880,500880,SETTLE_PLATE_TSA,0,4,4,4.0,CFU/plate,0,50,25.0,T,A,jchen,2025-07-18T11:00:00,skwon,2025-07-19T02:00:00,T
900881,500881,VIABLE_AIR_USP,0,11,11,11.0,CFU/m3,0,200,100.0,T,A,dpatel,2025-07-17T12:00:00,tolawale,2025-07-18T05:00:00,T
900882,500882,SETTLE_PLATE_TSA,0,9,9,9.0,CFU/plate,0,100,50.0,T,A,skwon,2025-07-18T12:00:00,tolawale,2025-07-18T18:00:00,T
900883,500883,VIABLE_AIR_USP,0,25,25,25.0,CFU/m3,0,400,200.0,T,A,anguyen,2025-07-17T15:00:00,anguyen,2025-07-17T19:00:00,T
900884,500884,SETTLE_PLATE_TSA,0,0,0,0.0,CFU/plate,0,1,1.0,T,A,jchen,2025-07-19T14:00:00,jchen,2025-07-20T00:00:00,T
900885,500885,VIABLE_AIR_USP,0,0,0,0.0,CFU/m3,0,1,1.0,T,A,jchen,2025-07-19T08:00:00,skwon,2025-07-20T11:00:00,T
900886,500886,SETTLE_PLATE_TSA,0,0,0,0.0,CFU/plate,0,5,3.0,T,A,dpatel,2025-07-19T15:00:00,dpatel,2025-07-20T12:00:00,T
900887,500887,VIABLE_AIR_USP,0,0,0,0.0,CFU/m3,0,20,10.0,T,A,mrodriguez,2025-07-19T08:00:00,jchen,2025-07-19T23:00:00,T
900888,500888,SETTLE_PLATE_TSA,0,4,4,4.0,CFU/plate,0,50,25.0,T,A,mrodriguez,2025-07-19T12:00:00,tolawale,2025-07-20T17:00:00,T
900889,500889,VIABLE_AIR_USP,0,9,9,9.0,CFU/m3,0,200,100.0,T,A,dpatel,2025-07-19T15:00:00,jchen,2025-07-20T18:00:00,T
900890,500890,SETTLE_PLATE_TSA,0,6,6,6.0,CFU/plate,0,100,50.0,T,A,jchen,2025-07-18T07:00:00,tolawale,2025-07-18T15:00:00,T
900891,500891,VIABLE_AIR_USP,0,11,11,11.0,CFU/m3,0,400,200.0,T,A,skwon,2025-07-18T08:00:00,mrodriguez,2025-07-18T19:00:00,T
900892,500892,SETTLE_PLATE_TSA,0,0,0,0.0,CFU/plate,0,1,1.0,T,A,mrodriguez,2025-07-20T13:00:00,skwon,2025-07-21T06:00:00,T
900893,500893,VIABLE_AIR_USP,0,0,0,0.0,CFU/m3,0,1,1.0,T,A,dpatel,2025-07-20T07:00:00,jchen,2025-07-20T19:00:00,T
900894,500894,SETTLE_PLATE_TSA,0,0,0,0.0,CFU/plate,0,5,3.0,T,A,skwon,2025-07-20T09:00:00,skwon,2025-07-21T02:00:00,T
900895,500895,VIABLE_AIR_USP,0,5,5,5.0,CFU/m3,0,20,10.0,T,A,tolawale,2025-07-20T13:00:00,anguyen,2025-07-21T13:00:00,T
900896,500896,SETTLE_PLATE_TSA,0,2,2,2.0,CFU/plate,0,50,25.0,T,A,anguyen,2025-07-20T15:00:00,anguyen,2025-07-20T20:00:00,T
900897,500897,VIABLE_AIR_USP,0,15,15,15.0,CFU/m3,0,200,100.0,T,A,skwon,2025-07-19T10:00:00,mrodriguez,2025-07-19T21:00:00,T
900898,500898,SETTLE_PLATE_TSA,0,7,7,7.0,CFU/plate,0,100,50.0,T,A,anguyen,2025-07-20T14:00:00,tolawale,2025-07-20T20:00:00,T
900899,500899,VIABLE_AIR_USP,0,24,24,24.0,CFU/m3,0,400,200.0,T,A,tolawale,2025-07-20T16:00:00,anguyen,2025-07-21T19:00:00,T
900900,500900,SETTLE_PLATE_TSA,0,0,0,0.0,CFU/plate,0,1,1.0,T,A,tolawale,2025-07-20T09:00:00,skwon,2025-07-20T16:00:00,T
900901,500901,VIABLE_AIR_USP,0,1,1,1.0,CFU/m3,0,1,1.0,F,A,skwon,2025-07-20T17:00:00,dpatel,2025-07-20T20:00:00,T
900902,500902,SETTLE_PLATE_TSA,0,0,0,0.0,CFU/plate,0,5,3.0,T,A,jchen,2025-07-21T16:00:00,mrodriguez,2025-07-21T21:00:00,T
900903,500903,VIABLE_AIR_USP,0,2,2,2.0,CFU/m3,0,20,10.0,T,A,skwon,2025-07-21T12:00:00,anguyen,2025-07-22T14:00:00,T
900904,500904,SETTLE_PLATE_TSA,0,1,1,1.0,CFU/plate,0,50,25.0,T,A,anguyen,2025-07-20T17:00:00,jchen,2025-07-21T20:00:00,T
900905,500905,VIABLE_AIR_USP,0,14,14,14.0,CFU/m3,0,200,100.0,T,A,anguyen,2025-07-20T18:00:00,jchen,2025-07-20T21:00:00,T
900906,500906,SETTLE_PLATE_TSA,0,9,9,9.0,CFU/plate,0,100,50.0,T,A,dpatel,2025-07-21T14:00:00,skwon,2025-07-22T16:00:00,T
900907,500907,VIABLE_AIR_USP,0,24,24,24.0,CFU/m3,0,400,200.0,T,A,mrodriguez,2025-07-21T08:00:00,skwon,2025-07-21T13:00:00,T
900908,500908,SETTLE_PLATE_TSA,0,0,0,0.0,CFU/plate,0,1,1.0,T,A,skwon,2025-07-21T08:00:00,tolawale,2025-07-21T18:00:00,T
900909,500909,VIABLE_AIR_USP,0,0,0,0.0,CFU/m3,0,1,1.0,T,A,tolawale,2025-07-21T16:00:00,mrodriguez,2025-07-22T07:00:00,T
900910,500910,SETTLE_PLATE_TSA,0,0,0,0.0,CFU/plate,0,5,3.0,T,A,skwon,2025-07-22T09:00:00,jchen,2025-07-23T01:00:00,T
900911,500911,VIABLE_AIR_USP,0,1,1,1.0,CFU/m3,0,20,10.0,T,A,jchen,2025-07-22T16:00:00,skwon,2025-07-23T18:00:00,T
900912,500912,SETTLE_PLATE_TSA,0,3,3,3.0,CFU/plate,0,50,25.0,T,A,anguyen,2025-07-28T11:00:00,tolawale,2025-07-29T02:00:00,T
900913,500913,VIABLE_AIR_USP,0,8,8,8.0,CFU/m3,0,200,100.0,T,A,tolawale,2025-07-22T08:00:00,anguyen,2025-07-23T12:00:00,T
900914,500914,SETTLE_PLATE_TSA,0,2,2,2.0,CFU/plate,0,100,50.0,T,A,skwon,2025-07-22T14:00:00,skwon,2025-07-23T20:00:00,T
900915,500915,VIABLE_AIR_USP,0,30,30,30.0,CFU/m3,0,400,200.0,T,A,jchen,2025-07-26T14:00:00,tolawale,2025-07-27T15:00:00,T
900916,500916,BIOBURDEN_USP61,0,4,4,4.0,CFU/device,0,100,50.0,T,A,anguyen,2025-07-23T06:00:00,dpatel,2025-07-23T17:00:00,T
900917,500917,LAL_KINETIC,0,2.55,2.55,2.55,EU/device,0,20,10.0,T,A,jchen,2025-07-21T07:00:00,dpatel,2025-07-22T02:00:00,T
900918,500918,BIOBURDEN_USP61,0,6,6,6.0,CFU/device,0,100,50.0,T,A,anguyen,2025-07-21T09:00:00,dpatel,2025-07-21T12:00:00,T
900919,500919,LAL_KINETIC,0,0.6,0.6,0.6,EU/device,0,20,10.0,T,A,dpatel,2025-07-21T10:00:00,jchen,2025-07-21T13:00:00,T
900920,500920,BIOBURDEN_USP61,0,3,3,3.0,CFU/device,0,100,50.0,T,A,skwon,2025-07-22T06:00:00,anguyen,2025-07-22T15:00:00,T
900921,500921,LAL_KINETIC,0,0.22,0.22,0.22,EU/device,0,20,10.0,T,A,tolawale,2025-07-23T10:00:00,mrodriguez,2025-07-24T05:00:00,T
900922,500922,BIOBURDEN_USP61,0,6,6,6.0,CFU/device,0,100,50.0,T,A,tolawale,2025-07-21T10:00:00,tolawale,2025-07-22T00:00:00,T
900923,500923,LAL_KINETIC,0,1.03,1.03,1.03,EU/device,0,20,10.0,T,A,jchen,2025-07-22T07:00:00,mrodriguez,2025-07-23T01:00:00,T
900924,500924,SETTLE_PLATE_TSA,0,0,0,0.0,CFU/plate,0,1,1.0,T,A,jchen,2025-07-23T15:00:00,jchen,2025-07-23T19:00:00,T
900925,500925,VIABLE_AIR_USP,0,0,0,0.0,CFU/m3,0,1,1.0,T,A,skwon,2025-07-22T12:00:00,skwon,2025-07-23T11:00:00,T
900926,500926,SETTLE_PLATE_TSA,0,2,2,2.0,CFU/plate,0,5,3.0,T,A,dpatel,2025-07-23T16:00:00,tolawale,2025-07-24T16:00:00,T
900927,500927,VIABLE_AIR_USP,0,2,2,2.0,CFU/m3,0,20,10.0,T,A,mrodriguez,2025-07-23T14:00:00,anguyen,2025-07-23T20:00:00,T
900928,500928,SETTLE_PLATE_TSA,0,2,2,2.0,CFU/plate,0,50,25.0,T,A,skwon,2025-07-22T15:00:00,anguyen,2025-07-23T04:00:00,T
900929,500929,VIABLE_AIR_USP,0,9,9,9.0,CFU/m3,0,200,100.0,T,A,jchen,2025-07-23T06:00:00,jchen,2025-07-24T00:00:00,T
900930,500930,SETTLE_PLATE_TSA,0,2,2,2.0,CFU/plate,0,100,50.0,T,A,dpatel,2025-07-22T10:00:00,skwon,2025-07-23T13:00:00,T
900931,500931,VIABLE_AIR_USP,0,32,32,32.0,CFU/m3,0,400,200.0,T,A,dpatel,2025-07-23T08:00:00,dpatel,2025-07-23T13:00:00,T
900932,500932,SETTLE_PLATE_TSA,0,0,0,0.0,CFU/plate,0,1,1.0,T,A,skwon,2025-07-24T14:00:00,skwon,2025-07-25T17:00:00,T
900933,500933,VIABLE_AIR_USP,0,0,0,0.0,CFU/m3,0,1,1.0,T,A,mrodriguez,2025-07-24T17:00:00,mrodriguez,2025-07-25T16:00:00,T
900934,500934,SETTLE_PLATE_TSA,0,1,1,1.0,CFU/plate,0,5,3.0,T,A,anguyen,2025-07-24T12:00:00,dpatel,2025-07-24T21:00:00,T
900935,500935,VIABLE_AIR_USP,0,3,3,3.0,CFU/m3,0,20,10.0,T,A,tolawale,2025-07-23T11:00:00,anguyen,2025-07-24T11:00:00,T
900936,500936,SETTLE_PLATE_TSA,0,3,3,3.0,CFU/plate,0,50,25.0,T,A,anguyen,2025-07-23T11:00:00,anguyen,2025-07-24T08:00:00,T
900937,500937,VIABLE_AIR_USP,0,3,3,3.0,CFU/m3,0,200,100.0,T,A,anguyen,2025-07-24T18:00:00,jchen,2025-07-26T00:00:00,T
900938,500938,SETTLE_PLATE_TSA,0,1,1,1.0,CFU/plate,0,100,50.0,T,A,dpatel,2025-07-23T13:00:00,anguyen,2025-07-23T17:00:00,T
900939,500939,VIABLE_AIR_USP,0,21,21,21.0,CFU/m3,0,400,200.0,T,A,jchen,2025-07-23T15:00:00,skwon,2025-07-24T06:00:00,T
900940,500940,SETTLE_PLATE_TSA,0,0,0,0.0,CFU/plate,0,1,1.0,T,A,skwon,2025-07-24T09:00:00,dpatel,2025-07-25T04:00:00,T
900941,500941,VIABLE_AIR_USP,0,1,1,1.0,CFU/m3,0,1,1.0,F,A,jchen,2025-07-25T10:00:00,dpatel,2025-07-25T13:00:00,T
900942,500942,SETTLE_PLATE_TSA,0,0,0,0.0,CFU/plate,0,5,3.0,T,A,dpatel,2025-07-25T10:00:00,jchen,2025-07-26T00:00:00,T
900943,500943,VIABLE_AIR_USP,0,0,0,0.0,CFU/m3,0,20,10.0,T,A,anguyen,2025-07-25T11:00:00,dpatel,2025-07-25T21:00:00,T
900944,500944,SETTLE_PLATE_TSA,0,1,1,1.0,CFU/plate,0,50,25.0,T,A,skwon,2025-07-28T06:00:00,anguyen,2025-07-28T16:00:00,T
900945,500945,VIABLE_AIR_USP,0,8,8,8.0,CFU/m3,0,200,100.0,T,A,anguyen,2025-07-24T11:00:00,skwon,2025-07-25T07:00:00,T
900946,500946,SETTLE_PLATE_TSA,0,7,7,7.0,CFU/plate,0,100,50.0,T,A,dpatel,2025-07-24T10:00:00,anguyen,2025-07-25T05:00:00,T
900947,500947,VIABLE_AIR_USP,0,21,21,21.0,CFU/m3,0,400,200.0,T,A,skwon,2025-07-25T08:00:00,skwon,2025-07-25T10:00:00,T
900948,500948,SETTLE_PLATE_TSA,0,0,0,0.0,CFU/plate,0,1,1.0,T,A,dpatel,2025-07-25T17:00:00,mrodriguez,2025-07-26T04:00:00,T
900949,500949,VIABLE_AIR_USP,0,1,1,1.0,CFU/m3,0,1,1.0,F,A,jchen,2025-07-26T11:00:00,tolawale,2025-07-27T15:00:00,T
900950,500950,SETTLE_PLATE_TSA,0,0,0,0.0,CFU/plate,0,5,3.0,T,A,anguyen,2025-07-26T15:00:00,tolawale,2025-07-27T13:00:00,T
900951,500951,VIABLE_AIR_USP,0,2,2,2.0,CFU/m3,0,20,10.0,T,A,tolawale,2025-07-26T10:00:00,dpatel,2025-07-27T02:00:00,T
900952,500952,SETTLE_PLATE_TSA,0,3,3,3.0,CFU/plate,0,50,25.0,T,A,tolawale,2025-07-26T07:00:00,tolawale,2025-07-27T13:00:00,T
900953,500953,VIABLE_AIR_USP,0,12,12,12.0,CFU/m3,0,200,100.0,T,A,tolawale,2025-07-26T18:00:00,tolawale,2025-07-26T22:00:00,T
900954,500954,SETTLE_PLATE_TSA,0,8,8,8.0,CFU/plate,0,100,50.0,T,A,tolawale,2025-07-26T14:00:00,tolawale,2025-07-27T04:00:00,T
900955,500955,VIABLE_AIR_USP,0,26,26,26.0,CFU/m3,0,400,200.0,T,A,skwon,2025-07-25T13:00:00,tolawale,2025-07-25T15:00:00,T
900956,500956,SETTLE_PLATE_TSA,0,0,0,0.0,CFU/plate,0,1,1.0,T,A,mrodriguez,2025-07-27T11:00:00,dpatel,2025-07-27T20:00:00,T
900957,500957,VIABLE_AIR_USP,0,0,0,0.0,CFU/m3,0,1,1.0,T,A,tolawale,2025-07-26T09:00:00,skwon,2025-07-26T17:00:00,T
900958,500958,SETTLE_PLATE_TSA,0,0,0,0.0,CFU/plate,0,5,3.0,T,A,anguyen,2025-07-26T12:00:00,mrodriguez,2025-07-26T16:00:00,T
900959,500959,VIABLE_AIR_USP,0,1,1,1.0,CFU/m3,0,20,10.0,T,A,dpatel,2025-07-26T15:00:00,mrodriguez,2025-07-27T16:00:00,T
900960,500960,SETTLE_PLATE_TSA,0,2,2,2.0,CFU/plate,0,50,25.0,T,A,anguyen,2025-07-27T10:00:00,tolawale,2025-07-28T01:00:00,T
900961,500961,VIABLE_AIR_USP,0,14,14,14.0,CFU/m3,0,200,100.0,T,A,dpatel,2025-07-27T10:00:00,anguyen,2025-07-27T15:00:00,T
900962,500962,SETTLE_PLATE_TSA,0,7,7,7.0,CFU/plate,0,100,50.0,T,A,jchen,2025-07-26T10:00:00,anguyen,2025-07-26T20:00:00,T
900963,500963,VIABLE_AIR_USP,0,28,28,28.0,CFU/m3,0,400,200.0,T,A,skwon,2025-07-26T06:00:00,tolawale,2025-07-27T07:00:00,T
900964,500964,SETTLE_PLATE_TSA,0,0,0,0.0,CFU/plate,0,1,1.0,T,A,mrodriguez,2025-07-28T08:00:00,jchen,2025-07-29T06:00:00,T
900965,500965,VIABLE_AIR_USP,0,1,1,1.0,CFU/m3,0,1,1.0,F,A,jchen,2025-07-28T13:00:00,skwon,2025-07-28T22:00:00,T
900966,500966,SETTLE_PLATE_TSA,0,0,0,0.0,CFU/plate,0,5,3.0,T,A,mrodriguez,2025-07-28T11:00:00,anguyen,2025-07-29T09:00:00,T
900967,500967,VIABLE_AIR_USP,0,2,2,2.0,CFU/m3,0,20,10.0,T,A,jchen,2025-07-27T08:00:00,jchen,2025-07-27T11:00:00,T
900968,500968,SETTLE_PLATE_TSA,0,1,1,1.0,CFU/plate,0,50,25.0,T,A,jchen,2025-07-27T17:00:00,skwon,2025-07-27T20:00:00,T
900969,500969,VIABLE_AIR_USP,0,11,11,11.0,CFU/m3,0,200,100.0,T,A,skwon,2025-07-27T17:00:00,skwon,2025-07-28T07:00:00,T
900970,500970,SETTLE_PLATE_TSA,0,6,6,6.0,CFU/plate,0,100,50.0,T,A,tolawale,2025-07-27T15:00:00,anguyen,2025-07-28T09:00:00,T
900971,500971,VIABLE_AIR_USP,0,17,17,17.0,CFU/m3,0,400,200.0,T,A,jchen,2025-07-27T09:00:00,mrodriguez,2025-07-28T15:00:00,T
900972,500972,SETTLE_PLATE_TSA,0,0,0,0.0,CFU/plate,0,1,1.0,T,A,skwon,2025-07-29T10:00:00,jchen,2025-07-29T19:00:00,T
900973,500973,VIABLE_AIR_USP,0,0,0,0.0,CFU/m3,0,1,1.0,T,A,anguyen,2025-07-29T12:00:00,mrodriguez,2025-07-30T08:00:00,T
900974,500974,SETTLE_PLATE_TSA,0,0,0,0.0,CFU/plate,0,5,3.0,T,A,dpatel,2025-07-28T18:00:00,tolawale,2025-07-29T14:00:00,T
900975,500975,VIABLE_AIR_USP,0,1,1,1.0,CFU/m3,0,20,10.0,T,A,anguyen,2025-07-28T13:00:00,mrodriguez,2025-07-29T02:00:00,T
900976,500976,SETTLE_PLATE_TSA,0,4,4,4.0,CFU/plate,0,50,25.0,T,A,dpatel,2025-07-29T13:00:00,dpatel,2025-07-30T10:00:00,T
900977,500977,VIABLE_AIR_USP,0,13,13,13.0,CFU/m3,0,200,100.0,T,A,dpatel,2025-07-29T15:00:00,skwon,2025-07-29T22:00:00,T
900978,500978,SETTLE_PLATE_TSA,0,6,6,6.0,CFU/plate,0,100,50.0,T,A,mrodriguez,2025-07-28T12:00:00,mrodriguez,2025-07-29T04:00:00,T
900979,500979,VIABLE_AIR_USP,0,21,21,21.0,CFU/m3,0,400,200.0,T,A,tolawale,2025-07-29T10:00:00,dpatel,2025-07-30T14:00:00,T
900980,500980,BIOBURDEN_USP61,0,5,5,5.0,CFU/device,0,100,50.0,T,A,jchen,2025-07-28T10:00:00,mrodriguez,2025-07-28T21:00:00,T
900981,500981,LAL_KINETIC,0,1.48,1.48,1.48,EU/device,0,20,10.0,T,A,dpatel,2025-07-28T10:00:00,mrodriguez,2025-07-28T12:00:00,T
900982,500982,BIOBURDEN_USP61,0,2,2,2.0,CFU/device,0,100,50.0,T,A,dpatel,2025-07-30T07:00:00,mrodriguez,2025-07-30T16:00:00,T
900983,500983,LAL_KINETIC,0,0.89,0.89,0.89,EU/device,0,20,10.0,T,A,mrodriguez,2025-07-29T06:00:00,tolawale,2025-07-29T11:00:00,T
900984,500984,BIOBURDEN_USP61,0,3,3,3.0,CFU/device,0,100,50.0,T,A,dpatel,2025-07-29T07:00:00,dpatel,2025-07-29T16:00:00,T
900985,500985,LAL_KINETIC,0,1.86,1.86,1.86,EU/device,0,20,10.0,T,A,anguyen,2025-07-30T07:00:00,jchen,2025-07-30T22:00:00,T
900986,500986,SETTLE_PLATE_TSA,0,0,0,0.0,CFU/plate,0,1,1.0,T,A,anguyen,2025-07-30T12:00:00,tolawale,2025-07-31T09:00:00,T
900987,500987,VIABLE_AIR_USP,0,0,0,0.0,CFU/m3,0,1,1.0,T,A,anguyen,2025-07-30T08:00:00,jchen,2025-07-30T20:00:00,T
900988,500988,SETTLE_PLATE_TSA,0,0,0,0.0,CFU/plate,0,5,3.0,T,A,anguyen,2025-07-30T10:00:00,skwon,2025-07-31T11:00:00,T
900989,500989,VIABLE_AIR_USP,0,0,0,0.0,CFU/m3,0,20,10.0,T,A,jchen,2025-07-30T18:00:00,anguyen,2025-07-31T07:00:00,T
900990,500990,SETTLE_PLATE_TSA,0,2,2,2.0,CFU/plate,0,50,25.0,T,A,anguyen,2025-07-30T15:00:00,skwon,2025-07-31T01:00:00,T
900991,500991,VIABLE_AIR_USP,0,12,12,12.0,CFU/m3,0,200,100.0,T,A,tolawale,2025-08-02T13:00:00,skwon,2025-08-03T05:00:00,T
900992,500992,SETTLE_PLATE_TSA,0,3,3,3.0,CFU/plate,0,100,50.0,T,A,anguyen,2025-07-30T13:00:00,mrodriguez,2025-07-31T08:00:00,T
900993,500993,VIABLE_AIR_USP,0,24,24,24.0,CFU/m3,0,400,200.0,T,A,skwon,2025-07-29T08:00:00,,2025-07-30T00:00:00,T
900994,500994,SETTLE_PLATE_TSA,0,0,0,0.0,CFU/plate,0,1,1.0,T,A,skwon,2025-07-31T14:00:00,jchen,2025-08-01T00:00:00,T
900995,500995,VIABLE_AIR_USP,0,0,0,0.0,CFU/m3,0,1,1.0,T,A,dpatel,2025-07-31T08:00:00,anguyen,2025-07-31T19:00:00,T
900996,500996,SETTLE_PLATE_TSA,0,0,0,0.0,CFU/plate,0,5,3.0,T,A,mrodriguez,2025-07-30T13:00:00,mrodriguez,2025-07-30T16:00:00,T
900997,500997,VIABLE_AIR_USP,0,1,1,1.0,CFU/m3,0,20,10.0,T,A,dpatel,2025-07-31T11:00:00,mrodriguez,2025-08-01T11:00:00,T
900998,500998,SETTLE_PLATE_TSA,0,4,4,4.0,CFU/plate,0,50,25.0,T,A,dpatel,2025-08-04T14:00:00,skwon,2025-08-05T18:00:00,T
900999,500999,VIABLE_AIR_USP,0,12,12,12.0,CFU/m3,0,200,100.0,T,A,tolawale,2025-08-06T12:00:00,mrodriguez,2025-08-07T17:00:00,T
901000,501000,SETTLE_PLATE_TSA,0,6,6,6.0,CFU/plate,0,100,50.0,T,A,mrodriguez,2025-07-31T16:00:00,dpatel,2025-08-01T04:00:00,T
901001,501001,VIABLE_AIR_USP,0,24,24,24.0,CFU/m3,0,400,200.0,T,A,tolawale,2025-07-31T16:00:00,jchen,2025-08-01T21:00:00,T
901002,501002,SETTLE_PLATE_TSA,0,0,0,0.0,CFU/plate,0,1,1.0,T,A,dpatel,2025-07-31T14:00:00,dpatel,2025-08-01T17:00:00,T
901003,501003,VIABLE_AIR_USP,0,0,0,0.0,CFU/m3,0,1,1.0,T,A,skwon,2025-08-01T17:00:00,anguyen,2025-08-02T04:00:00,T
901004,501004,SETTLE_PLATE_TSA,0,0,0,0.0,CFU/plate,0,5,3.0,T,A,mrodriguez,2025-08-01T13:00:00,skwon,2025-08-02T03:00:00,T
901005,501005,VIABLE_AIR_USP,0,1,1,1.0,CFU/m3,0,20,10.0,T,A,mrodriguez,2025-08-01T16:00:00,jchen,2025-08-02T14:00:00,T
901006,501006,SETTLE_PLATE_TSA,0,4,4,4.0,CFU/plate,0,50,25.0,T,A,mrodriguez,2025-08-07T17:00:00,mrodriguez,2025-08-07T19:00:00,T
901007,501007,VIABLE_AIR_USP,0,6,6,6.0,CFU/m3,0,200,100.0,T,A,dpatel,2025-08-01T17:00:00,jchen,2025-08-01T21:00:00,T
901008,501008,SETTLE_PLATE_TSA,0,5,5,5.0,CFU/plate,0,100,50.0,T,A,dpatel,2025-08-01T13:00:00,mrodriguez,2025-08-01T20:00:00,T
901009,501009,VIABLE_AIR_USP,0,22,22,22.0,CFU/m3,0,400,200.0,T,A,tolawale,2025-07-31T11:00:00,dpatel,2025-08-01T16:00:00,T
901010,501010,SETTLE_PLATE_TSA,0,0,0,0.0,CFU/plate,0,1,1.0,T,A,mrodriguez,2025-08-02T12:00:00,tolawale,2025-08-03T06:00:00,T
901011,501011,VIABLE_AIR_USP,0,0,0,0.0,CFU/m3,0,1,1.0,T,A,jchen,2025-08-02T08:00:00,anguyen,2025-08-03T12:00:00,T
901012,501012,SETTLE_PLATE_TSA,0,0,0,0.0,CFU/plate,0,5,3.0,T,A,anguyen,2025-08-02T15:00:00,tolawale,2025-08-03T11:00:00,T
901013,501013,VIABLE_AIR_USP,0,1,1,1.0,CFU/m3,0,20,10.0,T,A,dpatel,2025-08-02T15:00:00,skwon,2025-08-03T12:00:00,T
901014,501014,SETTLE_PLATE_TSA,0,2,2,2.0,CFU/plate,0,50,25.0,T,A,skwon,2025-08-01T10:00:00,jchen,2025-08-02T00:00:00,T
901015,501015,VIABLE_AIR_USP,0,16,16,16.0,CFU/m3,0,200,100.0,T,A,dpatel,2025-08-02T08:00:00,tolawale,2025-08-03T08:00:00,T
901016,501016,SETTLE_PLATE_TSA,0,2,2,2.0,CFU/plate,0,100,50.0,T,A,anguyen,2025-08-02T10:00:00,anguyen,2025-08-03T12:00:00,T
901017,501017,VIABLE_AIR_USP,0,20,20,20.0,CFU/m3,0,400,200.0,T,A,skwon,2025-08-02T11:00:00,skwon,2025-08-03T05:00:00,T
901018,501018,SETTLE_PLATE_TSA,0,0,0,0.0,CFU/plate,0,1,1.0,T,A,skwon,2025-08-03T12:00:00,jchen,2025-08-04T02:00:00,T
901019,501019,VIABLE_AIR_USP,0,0,0,0.0,CFU/m3,0,1,1.0,T,A,dpatel,2025-08-03T14:00:00,jchen,2025-08-04T06:00:00,T
901020,501020,SETTLE_PLATE_TSA,0,0,0,0.0,CFU/plate,0,5,3.0,T,A,mrodriguez,2025-08-03T11:00:00,anguyen,2025-08-03T18:00:00,T
901021,501021,VIABLE_AIR_USP,0,2,2,2.0,CFU/m3,0,20,10.0,T,A,jchen,2025-08-03T10:00:00,jchen,2025-08-03T14:00:00,T
901022,501022,SETTLE_PLATE_TSA,0,6,6,6.0,CFU/plate,0,50,25.0,T,A,dpatel,2025-08-02T17:00:00,tolawale,2025-08-03T01:00:00,T
901023,501023,VIABLE_AIR_USP,0,13,13,13.0,CFU/m3,0,200,100.0,T,A,tolawale,2025-08-02T16:00:00,skwon,2025-08-03T16:00:00,T
901024,501024,SETTLE_PLATE_TSA,0,6,6,6.0,CFU/plate,0,100,50.0,T,A,skwon,2025-08-02T11:00:00,jchen,2025-08-02T20:00:00,T
901025,501025,VIABLE_AIR_USP,0,20,20,20.0,CFU/m3,0,400,200.0,T,A,jchen,2025-08-02T07:00:00,tolawale,2025-08-02T16:00:00,T
901026,501026,SETTLE_PLATE_TSA,0,0,0,0.0,CFU/plate,0,1,1.0,T,A,skwon,2025-08-04T11:00:00,mrodriguez,2025-08-05T06:00:00,T
901027,501027,VIABLE_AIR_USP,0,0,0,0.0,CFU/m3,0,1,1.0,T,A,skwon,2025-08-03T13:00:00,dpatel,2025-08-03T21:00:00,T
901028,501028,SETTLE_PLATE_TSA,0,1,1,1.0,CFU/plate,0,5,3.0,T,A,tolawale,2025-08-04T12:00:00,jchen,2025-08-05T04:00:00,T
901029,501029,VIABLE_AIR_USP,0,1,1,1.0,CFU/m3,0,20,10.0,T,A,tolawale,2025-08-03T09:00:00,skwon,2025-08-04T15:00:00,T
901030,501030,SETTLE_PLATE_TSA,0,5,5,5.0,CFU/plate,0,50,25.0,T,A,jchen,2025-08-03T13:00:00,dpatel,2025-08-03T18:00:00,T
901031,501031,VIABLE_AIR_USP,0,15,15,15.0,CFU/m3,0,200,100.0,T,A,tolawale,2025-08-03T14:00:00,tolawale,2025-08-03T21:00:00,T
901032,501032,SETTLE_PLATE_TSA,0,2,2,2.0,CFU/plate,0,100,50.0,T,A,dpatel,2025-08-10T13:00:00,tolawale,2025-08-11T03:00:00,T
901033,501033,VIABLE_AIR_USP,0,23,23,23.0,CFU/m3,0,400,200.0,T,A,anguyen,2025-08-03T13:00:00,jchen,2025-08-03T15:00:00,T
901034,501034,SETTLE_PLATE_TSA,0,0,0,0.0,CFU/plate,0,1,1.0,T,A,mrodriguez,2025-08-04T11:00:00,dpatel,2025-08-05T00:00:00,T
901035,501035,VIABLE_AIR_USP,0,0,0,0.0,CFU/m3,0,1,1.0,T,A,mrodriguez,2025-08-04T16:00:00,mrodriguez,2025-08-05T17:00:00,T
901036,501036,SETTLE_PLATE_TSA,0,0,0,0.0,CFU/plate,0,5,3.0,T,A,anguyen,2025-08-05T10:00:00,mrodriguez,2025-08-06T12:00:00,T
901037,501037,VIABLE_AIR_USP,0,2,2,2.0,CFU/m3,0,20,10.0,T,A,dpatel,2025-08-04T11:00:00,tolawale,2025-08-05T14:00:00,T
901038,501038,SETTLE_PLATE_TSA,0,1,1,1.0,CFU/plate,0,50,25.0,T,A,anguyen,2025-08-05T09:00:00,jchen,2025-08-05T13:00:00,T
901039,501039,VIABLE_AIR_USP,0,8,8,8.0,CFU/m3,0,200,100.0,T,A,tolawale,2025-08-04T08:00:00,anguyen,2025-08-04T12:00:00,T
901040,501040,SETTLE_PLATE_TSA,0,6,6,6.0,CFU/plate,0,100,50.0,T,A,anguyen,2025-08-05T11:00:00,mrodriguez,2025-08-05T18:00:00,T
901041,501041,VIABLE_AIR_USP,0,20,20,20.0,CFU/m3,0,400,200.0,T,A,anguyen,2025-08-05T14:00:00,dpatel,2025-08-06T12:00:00,T
901042,501042,BIOBURDEN_USP61,0,6,6,6.0,CFU/device,0,100,50.0,T,A,skwon,2025-08-05T08:00:00,skwon,2025-08-05T15:00:00,T
901043,501043,LAL_KINETIC,0,2.04,2.04,2.04,EU/device,0,20,10.0,T,A,anguyen,2025-08-06T09:00:00,skwon,2025-08-07T00:00:00,T
901044,501044,BIOBURDEN_USP61,0,3,3,3.0,CFU/device,0,100,50.0,T,A,dpatel,2025-08-06T06:00:00,anguyen,2025-08-07T01:00:00,T
901045,501045,LAL_KINETIC,0,0.68,0.68,0.68,EU/device,0,20,10.0,T,A,dpatel,2025-08-05T07:00:00,skwon,2025-08-05T23:00:00,T
901046,501046,BIOBURDEN_USP61,0,6,6,6.0,CFU/device,0,100,50.0,T,A,dpatel,2025-08-04T06:00:00,mrodriguez,2025-08-04T23:00:00,T
901047,501047,LAL_KINETIC,0,2.03,2.03,2.03,EU/device,0,20,10.0,T,A,jchen,2025-08-04T07:00:00,tolawale,2025-08-05T01:00:00,T
901048,501048,BIOBURDEN_USP61,0,2,2,2.0,CFU/device,0,100,50.0,T,A,skwon,2025-08-06T09:00:00,skwon,2025-08-06T22:00:00,T
901049,501049,LAL_KINETIC,0,1.96,1.96,1.96,EU/device,0,20,10.0,T,A,tolawale,2025-08-06T08:00:00,jchen,2025-08-06T12:00:00,T
901050,501050,SETTLE_PLATE_TSA,0,0,0,0.0,CFU/plate,0,1,1.0,T,A,anguyen,2025-08-06T13:00:00,dpatel,2025-08-07T15:00:00,T
901051,501051,VIABLE_AIR_USP,0,0,0,0.0,CFU/m3,0,1,1.0,T,A,tolawale,2025-08-05T15:00:00,mrodriguez,2025-08-06T06:00:00,T
901052,501052,SETTLE_PLATE_TSA,0,0,0,0.0,CFU/plate,0,5,3.0,T,A,tolawale,2025-08-05T10:00:00,skwon,2025-08-05T20:00:00,T
901053,501053,VIABLE_AIR_USP,0,0,0,0.0,CFU/m3,0,20,10.0,T,A,dpatel,2025-08-05T07:00:00,tolawale,2025-08-05T12:00:00,T
901054,501054,SETTLE_PLATE_TSA,0,3,3,3.0,CFU/plate,0,50,25.0,T,A,tolawale,2025-08-05T17:00:00,mrodriguez,2025-08-06T01:00:00,T
901055,501055,VIABLE_AIR_USP,0,9,9,9.0,CFU/m3,0,200,100.0,T,A,tolawale,2025-08-06T12:00:00,tolawale,2025-08-07T13:00:00,T
901056,501056,SETTLE_PLATE_TSA,0,4,4,4.0,CFU/plate,0,100,50.0,T,A,dpatel,2025-08-06T13:00:00,tolawale,2025-08-07T14:00:00,T
901057,501057,VIABLE_AIR_USP,0,25,25,25.0,CFU/m3,0,400,200.0,T,A,skwon,2025-08-08T13:00:00,tolawale,2025-08-09T07:00:00,T
901058,501058,SETTLE_PLATE_TSA,0,0,0,0.0,CFU/plate,0,1,1.0,T,A,mrodriguez,2025-08-06T10:00:00,anguyen,2025-08-07T03:00:00,T
901059,501059,VIABLE_AIR_USP,0,0,0,0.0,CFU/m3,0,1,1.0,T,A,anguyen,2025-08-06T12:00:00,mrodriguez,2025-08-06T15:00:00,T
901060,501060,SETTLE_PLATE_TSA,0,0,0,0.0,CFU/plate,0,5,3.0,T,A,skwon,2025-08-06T10:00:00,jchen,2025-08-06T14:00:00,T
901061,501061,VIABLE_AIR_USP,0,2,2,2.0,CFU/m3,0,20,10.0,T,A,jchen,2025-08-06T15:00:00,jchen,2025-08-07T08:00:00,T
901062,501062,SETTLE_PLATE_TSA,0,5,5,5.0,CFU/plate,0,50,25.0,T,A,tolawale,2025-08-06T07:00:00,jchen,2025-08-06T15:00:00,T
901063,501063,VIABLE_AIR_USP,0,13,13,13.0,CFU/m3,0,200,100.0,T,A,dpatel,2025-08-07T15:00:00,dpatel,2025-08-08T12:00:00,T
901064,501064,SETTLE_PLATE_TSA,0,4,4,4.0,CFU/plate,0,100,50.0,T,A,mrodriguez,2025-08-07T14:00:00,dpatel,2025-08-08T11:00:00,T
901065,501065,VIABLE_AIR_USP,0,31,31,31.0,CFU/m3,0,400,200.0,T,A,jchen,2025-08-07T08:00:00,jchen,2025-08-07T10:00:00,T
901066,501066,SETTLE_PLATE_TSA,0,0,0,0.0,CFU/plate,0,1,1.0,T,A,dpatel,2025-08-08T15:00:00,mrodriguez,2025-08-09T06:00:00,T
901067,501067,VIABLE_AIR_USP,0,0,0,0.0,CFU/m3,0,1,1.0,T,A,jchen,2025-08-07T13:00:00,mrodriguez,2025-08-08T12:00:00,T
901068,501068,SETTLE_PLATE_TSA,0,0,0,0.0,CFU/plate,0,5,3.0,T,A,jchen,2025-08-08T11:00:00,dpatel,2025-08-09T12:00:00,T
901069,501069,VIABLE_AIR_USP,0,1,1,1.0,CFU/m3,0,20,10.0,T,A,anguyen,2025-08-07T09:00:00,dpatel,2025-08-08T02:00:00,T
901070,501070,SETTLE_PLATE_TSA,0,4,4,4.0,CFU/plate,0,50,25.0,T,A,mrodriguez,2025-08-07T16:00:00,mrodriguez,2025-08-08T15:00:00,T
901071,501071,VIABLE_AIR_USP,0,12,12,12.0,CFU/m3,0,200,100.0,T,A,tolawale,2025-08-07T13:00:00,mrodriguez,2025-08-08T13:00:00,T
901072,501072,SETTLE_PLATE_TSA,0,9,9,9.0,CFU/plate,0,100,50.0,T,A,dpatel,2025-08-08T16:00:00,jchen,2025-08-09T22:00:00,T
901073,501073,VIABLE_AIR_USP,0,15,15,15.0,CFU/m3,0,400,200.0,T,A,tolawale,2025-08-07T15:00:00,anguyen,2025-08-08T20:00:00,T
901074,501074,SETTLE_PLATE_TSA,0,0,0,0.0,CFU/plate,0,1,1.0,T,A,tolawale,2025-08-09T14:00:00,mrodriguez,2025-08-10T19:00:00,T
901075,501075,VIABLE_AIR_USP,0,0,0,0.0,CFU/m3,0,1,1.0,T,A,dpatel,2025-08-08T11:00:00,mrodriguez,2025-08-09T12:00:00,T
901076,501076,SETTLE_PLATE_TSA,0,0,0,0.0,CFU/plate,0,5,3.0,T,A,dpatel,2025-08-09T16:00:00,jchen,2025-08-10T12:00:00,T
901077,501077,VIABLE_AIR_USP,0,0,0,0.0,CFU/m3,0,20,10.0,T,A,anguyen,2025-08-09T16:00:00,tolawale,2025-08-10T04:00:00,T
901078,501078,SETTLE_PLATE_TSA,0,4,4,4.0,CFU/plate,0,50,25.0,T,A,tolawale,2025-08-08T11:00:00,anguyen,2025-08-09T01:00:00,T
901079,501079,VIABLE_AIR_USP,0,13,13,13.0,CFU/m3,0,200,100.0,T,A,mrodriguez,2025-08-09T11:00:00,skwon,2025-08-10T04:00:00,T
901080,501080,SETTLE_PLATE_TSA,0,7,7,7.0,CFU/plate,0,100,50.0,T,A,tolawale,2025-08-08T12:00:00,tolawale,2025-08-08T23:00:00,T
901081,501081,VIABLE_AIR_USP,0,22,22,22.0,CFU/m3,0,400,200.0,T,A,skwon,2025-08-08T17:00:00,skwon,2025-08-09T04:00:00,T
901082,501082,SETTLE_PLATE_TSA,0,0,0,0.0,CFU/plate,0,1,1.0,T,A,tolawale,2025-08-09T07:00:00,skwon,2025-08-10T12:00:00,T
901083,501083,VIABLE_AIR_USP,0,0,0,0.0,CFU/m3,0,1,1.0,T,A,tolawale,2025-08-09T08:00:00,dpatel,2025-08-10T03:00:00,T
901084,501084,SETTLE_PLATE_TSA,0,0,0,0.0,CFU/plate,0,5,3.0,T,A,skwon,2025-08-10T12:00:00,tolawale,2025-08-11T12:00:00,T
901085,501085,VIABLE_AIR_USP,0,2,2,2.0,CFU/m3,0,20,10.0,T,A,jchen,2025-08-09T13:00:00,mrodriguez,2025-08-10T05:00:00,T
901086,501086,SETTLE_PLATE_TSA,0,3,3,3.0,CFU/plate,0,50,25.0,T,A,dpatel,2025-08-09T12:00:00,mrodriguez,2025-08-10T15:00:00,T
901087,501087,VIABLE_AIR_USP,0,12,12,12.0,CFU/m3,0,200,100.0,T,A,dpatel,2025-08-09T08:00:00,tolawale,2025-08-09T22:00:00,T
901088,501088,SETTLE_PLATE_TSA,0,10,10,10.0,CFU/plate,0,100,50.0,T,A,dpatel,2025-08-09T06:00:00,tolawale,2025-08-09T11:00:00,T
901089,501089,VIABLE_AIR_USP,0,19,19,19.0,CFU/m3,0,400,200.0,T,A,mrodriguez,2025-08-10T12:00:00,mrodriguez,2025-08-10T15:00:00,T
901090,501090,SETTLE_PLATE_TSA,0,0,0,0.0,CFU/plate,0,1,1.0,T,A,mrodriguez,2025-08-11T11:00:00,tolawale,2025-08-12T13:00:00,T
901091,501091,VIABLE_AIR_USP,0,0,0,0.0,CFU/m3,0,1,1.0,T,A,dpatel,2025-08-13T10:00:00,tolawale,2025-08-13T15:00:00,T
901092,501092,SETTLE_PLATE_TSA,0,1,1,1.0,CFU/plate,0,5,3.0,T,A,jchen,2025-08-11T11:00:00,jchen,2025-08-12T11:00:00,T
901093,501093,VIABLE_AIR_USP,0,3,3,3.0,CFU/m3,0,20,10.0,T,A,skwon,2025-08-11T11:00:00,jchen,2025-08-12T07:00:00,T
901094,501094,SETTLE_PLATE_TSA,0,3,3,3.0,CFU/plate,0,50,25.0,T,A,mrodriguez,2025-08-10T16:00:00,anguyen,2025-08-11T11:00:00,T
901095,501095,VIABLE_AIR_USP,0,8,8,8.0,CFU/m3,0,200,100.0,T,A,anguyen,2025-08-10T13:00:00,mrodriguez,2025-08-11T12:00:00,T
901096,501096,SETTLE_PLATE_TSA,0,5,5,5.0,CFU/plate,0,100,50.0,T,A,anguyen,2025-08-11T07:00:00,anguyen,2025-08-11T10:00:00,T
901097,501097,VIABLE_AIR_USP,0,15,15,15.0,CFU/m3,0,400,200.0,T,A,jchen,2025-08-10T08:00:00,dpatel,2025-08-10T13:00:00,T
901098,501098,SETTLE_PLATE_TSA,0,0,0,0.0,CFU/plate,0,1,1.0,T,A,skwon,2025-08-11T10:00:00,anguyen,2025-08-11T21:00:00,T
901099,501099,VIABLE_AIR_USP,0,0,0,0.0,CFU/m3,0,1,1.0,T,A,tolawale,2025-08-11T15:00:00,anguyen,2025-08-12T15:00:00,T
901100,501100,SETTLE_PLATE_TSA,0,0,0,0.0,CFU/plate,0,5,3.0,T,A,anguyen,2025-08-11T10:00:00,mrodriguez,2025-08-11T19:00:00,T
901101,501101,VIABLE_AIR_USP,0,1,1,1.0,CFU/m3,0,20,10.0,T,A,mrodriguez,2025-08-11T12:00:00,tolawale,2025-08-11T22:00:00,T
901102,501102,SETTLE_PLATE_TSA,0,4,4,4.0,CFU/plate,0,50,25.0,T,A,dpatel,2025-08-11T16:00:00,dpatel,2025-08-12T08:00:00,T
901103,501103,VIABLE_AIR_USP,0,9,9,9.0,CFU/m3,0,200,100.0,T,A,anguyen,2025-08-12T10:00:00,anguyen,2025-08-13T10:00:00,T
901104,501104,SETTLE_PLATE_TSA,0,8,8,8.0,CFU/plate,0,100,50.0,T,A,mrodriguez,2025-08-12T15:00:00,mrodriguez,2025-08-12T17:00:00,T
901105,501105,VIABLE_AIR_USP,0,16,16,16.0,CFU/m3,0,400,200.0,T,A,anguyen,2025-08-12T07:00:00,jchen,2025-08-12T19:00:00,T
901106,501106,BIOBURDEN_USP61,0,3,3,3.0,CFU/device,0,100,50.0,T,A,mrodriguez,2025-08-12T07:00:00,skwon,2025-08-12T09:00:00,T
901107,501107,LAL_KINETIC,0,1.89,1.89,1.89,EU/device,0,20,10.0,T,A,skwon,2025-08-11T07:00:00,anguyen,2025-08-11T12:00:00,T
901108,501108,BIOBURDEN_USP61,0,6,6,6.0,CFU/device,0,100,50.0,T,A,skwon,2025-08-11T10:00:00,tolawale,2025-08-12T04:00:00,T
901109,501109,LAL_KINETIC,0,3.31,3.31,3.31,EU/device,0,20,10.0,T,A,dpatel,2025-08-13T10:00:00,jchen,2025-08-13T20:00:00,T
901110,501110,BIOBURDEN_USP61,0,2,2,2.0,CFU/device,0,100,50.0,T,A,mrodriguez,2025-08-12T09:00:00,anguyen,2025-08-13T04:00:00,T
901111,501111,LAL_KINETIC,0,2.2,2.2,2.2,EU/device,0,20,10.0,T,A,skwon,2025-08-13T09:00:00,jchen,2025-08-13T15:00:00,T
901112,501112,SETTLE_PLATE_TSA,0,0,0,0.0,CFU/plate,0,1,1.0,T,A,tolawale,2025-08-13T11:00:00,tolawale,2025-08-13T14:00:00,T
901113,501113,VIABLE_AIR_USP,0,1,1,1.0,CFU/m3,0,1,1.0,F,A,tolawale,2025-08-13T09:00:00,skwon,2025-08-14T01:00:00,T
901114,501114,SETTLE_PLATE_TSA,0,0,0,0.0,CFU/plate,0,5,3.0,T,A,dpatel,2025-08-12T11:00:00,jchen,2025-08-13T02:00:00,T
901115,501115,VIABLE_AIR_USP,0,1,1,1.0,CFU/m3,0,20,10.0,T,A,tolawale,2025-08-12T08:00:00,jchen,2025-08-13T04:00:00,T
901116,501116,SETTLE_PLATE_TSA,0,0,0,0.0,CFU/plate,0,50,25.0,T,A,jchen,2025-08-13T17:00:00,skwon,2025-08-14T18:00:00,T
901117,501117,VIABLE_AIR_USP,0,10,10,10.0,CFU/m3,0,200,100.0,T,A,tolawale,2025-08-12T13:00:00,jchen,2025-08-13T17:00:00,T
901118,501118,SETTLE_PLATE_TSA,0,4,4,4.0,CFU/plate,0,100,50.0,T,A,tolawale,2025-08-12T14:00:00,anguyen,2025-08-12T21:00:00,T
901119,501119,VIABLE_AIR_USP,0,28,28,28.0,CFU/m3,0,400,200.0,T,A,jchen,2025-08-12T15:00:00,skwon,2025-08-13T04:00:00,T
901120,501120,SETTLE_PLATE_TSA,0,0,0,0.0,CFU/plate,0,1,1.0,T,A,jchen,2025-08-13T16:00:00,dpatel,2025-08-14T21:00:00,T
901121,501121,VIABLE_AIR_USP,0,0,0,0.0,CFU/m3,0,1,1.0,T,A,dpatel,2025-08-14T11:00:00,anguyen,2025-08-14T22:00:00,T
901122,501122,SETTLE_PLATE_TSA,0,1,1,1.0,CFU/plate,0,5,3.0,T,A,anguyen,2025-08-13T14:00:00,skwon,2025-08-13T16:00:00,T
901123,501123,VIABLE_AIR_USP,0,3,3,3.0,CFU/m3,0,20,10.0,T,A,jchen,2025-08-17T14:00:00,jchen,2025-08-18T03:00:00,T
901124,501124,SETTLE_PLATE_TSA,0,6,6,6.0,CFU/plate,0,50,25.0,T,A,anguyen,2025-08-13T12:00:00,jchen,2025-08-13T17:00:00,T
901125,501125,VIABLE_AIR_USP,0,18,18,18.0,CFU/m3,0,200,100.0,T,A,mrodriguez,2025-08-14T12:00:00,mrodriguez,2025-08-15T01:00:00,T
901126,501126,SETTLE_PLATE_TSA,0,8,8,8.0,CFU/plate,0,100,50.0,T,A,skwon,2025-08-14T08:00:00,tolawale,2025-08-14T14:00:00,T
901127,501127,VIABLE_AIR_USP,0,23,23,23.0,CFU/m3,0,400,200.0,T,A,tolawale,2025-08-13T12:00:00,skwon,2025-08-13T15:00:00,T
901128,501128,SETTLE_PLATE_TSA,0,0,0,0.0,CFU/plate,0,1,1.0,T,A,mrodriguez,2025-08-15T10:00:00,skwon,2025-08-15T15:00:00,T
901129,501129,VIABLE_AIR_USP,0,0,0,0.0,CFU/m3,0,1,1.0,T,A,dpatel,2025-08-15T15:00:00,skwon,2025-08-16T16:00:00,T
901130,501130,SETTLE_PLATE_TSA,0,1,1,1.0,CFU/plate,0,5,3.0,T,A,mrodriguez,2025-08-14T09:00:00,dpatel,2025-08-14T12:00:00,T
901131,501131,VIABLE_AIR_USP,0,2,2,2.0,CFU/m3,0,20,10.0,T,A,tolawale,2025-08-20T14:00:00,jchen,2025-08-21T01:00:00,T
901132,501132,SETTLE_PLATE_TSA,0,2,2,2.0,CFU/plate,0,50,25.0,T,A,mrodriguez,2025-08-14T13:00:00,dpatel,2025-08-14T23:00:00,T
901133,501133,VIABLE_AIR_USP,0,13,13,13.0,CFU/m3,0,200,100.0,T,A,tolawale,2025-08-14T14:00:00,tolawale,2025-08-15T14:00:00,T
901134,501134,SETTLE_PLATE_TSA,0,6,6,6.0,CFU/plate,0,100,50.0,T,A,anguyen,2025-08-14T10:00:00,skwon,2025-08-14T15:00:00,T
901135,501135,VIABLE_AIR_USP,0,28,28,28.0,CFU/m3,0,400,200.0,T,A,mrodriguez,2025-08-14T08:00:00,skwon,2025-08-15T13:00:00,T
901136,501136,SETTLE_PLATE_TSA,0,0,0,0.0,CFU/plate,0,1,1.0,T,A,mrodriguez,2025-08-16T07:00:00,tolawale,2025-08-17T01:00:00,T
901137,501137,VIABLE_AIR_USP,0,0,0,0.0,CFU/m3,0,1,1.0,T,A,dpatel,2025-08-16T12:00:00,jchen,2025-08-16T21:00:00,T
901138,501138,SETTLE_PLATE_TSA,0,2,2,2.0,CFU/plate,0,5,3.0,T,A,tolawale,2025-08-15T10:00:00,anguyen,2025-08-16T03:00:00,T
901139,501139,VIABLE_AIR_USP,0,1,1,1.0,CFU/m3,0,20,10.0,T,A,dpatel,2025-08-16T12:00:00,jchen,2025-08-16T23:00:00,T
901140,501140,SETTLE_PLATE_TSA,0,2,2,2.0,CFU/plate,0,50,25.0,T,A,mrodriguez,2025-08-16T18:00:00,mrodriguez,2025-08-17T15:00:00,T
901141,501141,VIABLE_AIR_USP,0,18,18,18.0,CFU/m3,0,200,100.0,T,A,anguyen,2025-08-15T09:00:00,anguyen,2025-08-16T07:00:00,T
901142,501142,SETTLE_PLATE_TSA,0,3,3,3.0,CFU/plate,0,100,50.0,T,A,tolawale,2025-08-15T08:00:00,dpatel,2025-08-16T03:00:00,T
901143,501143,VIABLE_AIR_USP,0,23,23,23.0,CFU/m3,0,400,200.0,T,A,mrodriguez,2025-08-15T09:00:00,skwon,2025-08-15T15:00:00,T
901144,501144,SETTLE_PLATE_TSA,0,0,0,0.0,CFU/plate,0,1,1.0,T,A,dpatel,2025-08-17T11:00:00,skwon,2025-08-18T02:00:00,T
901145,501145,VIABLE_AIR_USP,0,0,0,0.0,CFU/m3,0,1,1.0,T,A,jchen,2025-08-17T12:00:00,anguyen,2025-08-17T23:00:00,T
901146,501146,SETTLE_PLATE_TSA,0,1,1,1.0,CFU/plate,0,5,3.0,T,A,tolawale,2025-08-17T15:00:00,jchen,2025-08-18T20:00:00,T
901147,501147,VIABLE_AIR_USP,0,0,0,0.0,CFU/m3,0,20,10.0,T,A,skwon,2025-08-17T16:00:00,mrodriguez,2025-08-18T13:00:00,T
901148,501148,SETTLE_PLATE_TSA,0,4,4,4.0,CFU/plate,0,50,25.0,T,A,mrodriguez,2025-08-16T18:00:00,tolawale,2025-08-17T10:00:00,T
901149,501149,VIABLE_AIR_USP,0,12,12,12.0,CFU/m3,0,200,100.0,T,A,dpatel,2025-08-17T12:00:00,mrodriguez,2025-08-18T07:00:00,T
901150,501150,SETTLE_PLATE_TSA,0,2,2,2.0,CFU/plate,0,100,50.0,T,A,jchen,2025-08-17T10:00:00,tolawale,2025-08-17T20:00:00,T
901151,501151,VIABLE_AIR_USP,0,16,16,16.0,CFU/m3,0,400,200.0,T,A,anguyen,2025-08-17T12:00:00,tolawale,2025-08-18T00:00:00,T
901152,501152,SETTLE_PLATE_TSA,0,0,0,0.0,CFU/plate,0,1,1.0,T,A,skwon,2025-08-18T12:00:00,jchen,2025-08-18T15:00:00,T
901153,501153,VIABLE_AIR_USP,0,0,0,0.0,CFU/m3,0,1,1.0,T,A,tolawale,2025-08-17T11:00:00,tolawale,2025-08-17T13:00:00,T
901154,501154,SETTLE_PLATE_TSA,0,0,0,0.0,CFU/plate,0,5,3.0,T,A,tolawale,2025-08-18T10:00:00,tolawale,2025-08-19T15:00:00,T
901155,501155,VIABLE_AIR_USP,0,1,1,1.0,CFU/m3,0,20,10.0,T,A,skwon,2025-08-18T10:00:00,skwon,2025-08-19T06:00:00,T
901156,501156,SETTLE_PLATE_TSA,0,1,1,1.0,CFU/plate,0,50,25.0,T,A,dpatel,2025-08-18T10:00:00,skwon,2025-08-19T03:00:00,T
901157,501157,VIABLE_AIR_USP,0,11,11,11.0,CFU/m3,0,200,100.0,T,A,mrodriguez,2025-08-17T11:00:00,mrodriguez,2025-08-17T13:00:00,T
901158,501158,SETTLE_PLATE_TSA,0,4,4,4.0,CFU/plate,0,100,50.0,T,A,mrodriguez,2025-08-17T16:00:00,tolawale,2025-08-18T01:00:00,T
901159,501159,VIABLE_AIR_USP,0,20,20,20.0,CFU/m3,0,400,200.0,T,A,tolawale,2025-08-17T07:00:00,jchen,2025-08-17T21:00:00,T
901160,501160,SETTLE_PLATE_TSA,0,0,0,0.0,CFU/plate,0,1,1.0,T,A,mrodriguez,2025-08-18T10:00:00,anguyen,2025-08-18T16:00:00,T
901161,501161,VIABLE_AIR_USP,0,0,0,0.0,CFU/m3,0,1,1.0,T,A,jchen,2025-08-19T07:00:00,skwon,2025-08-19T15:00:00,T
901162,501162,SETTLE_PLATE_TSA,0,0,0,0.0,CFU/plate,0,5,3.0,T,A,dpatel,2025-08-18T10:00:00,tolawale,2025-08-18T13:00:00,T
901163,501163,VIABLE_AIR_USP,0,1,1,1.0,CFU/m3,0,20,10.0,T,A,jchen,2025-08-21T11:00:00,jchen,2025-08-22T06:00:00,T
901164,501164,SETTLE_PLATE_TSA,0,2,2,2.0,CFU/plate,0,50,25.0,T,A,jchen,2025-08-18T10:00:00,mrodriguez,2025-08-19T01:00:00,T
901165,501165,VIABLE_AIR_USP,0,6,6,6.0,CFU/m3,0,200,100.0,T,A,mrodriguez,2025-08-19T09:00:00,jchen,2025-08-20T02:00:00,T
901166,501166,SETTLE_PLATE_TSA,0,6,6,6.0,CFU/plate,0,100,50.0,T,A,jchen,2025-08-18T13:00:00,anguyen,2025-08-18T17:00:00,T
901167,501167,VIABLE_AIR_USP,0,26,26,26.0,CFU/m3,0,400,200.0,T,A,anguyen,2025-08-18T15:00:00,tolawale,2025-08-18T21:00:00,T
901168,501168,BIOBURDEN_USP61,0,2,2,2.0,CFU/device,0,100,50.0,T,A,dpatel,2025-08-19T06:00:00,tolawale,2025-08-19T19:00:00,T
901169,501169,LAL_KINETIC,0,0.49,0.49,0.49,EU/device,0,20,10.0,T,A,jchen,2025-08-18T06:00:00,mrodriguez,2025-08-18T12:00:00,T
901170,501170,BIOBURDEN_USP61,0,7,7,7.0,CFU/device,0,100,50.0,T,A,jchen,2025-08-20T06:00:00,dpatel,2025-08-20T21:00:00,T
901171,501171,LAL_KINETIC,0,2.28,2.28,2.28,EU/device,0,20,10.0,T,A,jchen,2025-08-19T07:00:00,skwon,2025-08-19T13:00:00,T
901172,501172,BIOBURDEN_USP61,0,4,4,4.0,CFU/device,0,100,50.0,T,A,skwon,2025-08-20T09:00:00,tolawale,2025-08-21T00:00:00,T
901173,501173,LAL_KINETIC,0,1.11,1.11,1.11,EU/device,0,20,10.0,T,A,mrodriguez,2025-08-20T08:00:00,skwon,2025-08-20T17:00:00,T
901174,501174,SETTLE_PLATE_TSA,0,0,0,0.0,CFU/plate,0,1,1.0,T,A,skwon,2025-08-19T16:00:00,tolawale,2025-08-19T20:00:00,T
901175,501175,VIABLE_AIR_USP,0,0,0,0.0,CFU/m3,0,1,1.0,T,A,tolawale,2025-08-19T11:00:00,jchen,2025-08-19T20:00:00,T
901176,501176,SETTLE_PLATE_TSA,0,1,1,1.0,CFU/plate,0,5,3.0,T,A,anguyen,2025-08-19T09:00:00,dpatel,2025-08-19T12:00:00,T
901177,501177,VIABLE_AIR_USP,0,1,1,1.0,CFU/m3,0,20,10.0,T,A,dpatel,2025-08-20T10:00:00,jchen,2025-08-20T18:00:00,T
901178,501178,SETTLE_PLATE_TSA,0,2,2,2.0,CFU/plate,0,50,25.0,T,A,skwon,2025-08-20T12:00:00,jchen,2025-08-20T15:00:00,T
901179,501179,VIABLE_AIR_USP,0,20,20,20.0,CFU/m3,0,200,100.0,T,A,skwon,2025-08-19T06:00:00,mrodriguez,2025-08-19T12:00:00,T
901180,501180,SETTLE_PLATE_TSA,0,8,8,8.0,CFU/plate,0,100,50.0,T,A,anguyen,2025-08-20T08:00:00,skwon,2025-08-21T10:00:00,T
901181,501181,VIABLE_AIR_USP,0,25,25,25.0,CFU/m3,0,400,200.0,T,A,tolawale,2025-08-20T16:00:00,skwon,2025-08-21T17:00:00,T
901182,501182,SETTLE_PLATE_TSA,0,0,0,0.0,CFU/plate,0,1,1.0,T,A,dpatel,2025-08-20T06:00:00,anguyen,2025-08-21T03:00:00,T
901183,501183,VIABLE_AIR_USP,0,0,0,0.0,CFU/m3,0,1,1.0,T,A,skwon,2025-08-21T17:00:00,anguyen,2025-08-22T17:00:00,T
901184,501184,SETTLE_PLATE_TSA,0,0,0,0.0,CFU/plate,0,5,3.0,T,A,skwon,2025-08-21T08:00:00,mrodriguez,2025-08-22T02:00:00,T
901185,501185,VIABLE_AIR_USP,0,1,1,1.0,CFU/m3,0,20,10.0,T,A,anguyen,2025-08-26T11:00:00,anguyen,2025-08-27T15:00:00,T
901186,501186,SETTLE_PLATE_TSA,0,4,4,4.0,CFU/plate,0,50,25.0,T,A,skwon,2025-08-21T15:00:00,dpatel,2025-08-21T22:00:00,T
901187,501187,VIABLE_AIR_USP,0,15,15,15.0,CFU/m3,0,200,100.0,T,A,dpatel,2025-08-20T12:00:00,jchen,2025-08-21T09:00:00,T
901188,501188,SETTLE_PLATE_TSA,0,6,6,6.0,CFU/plate,0,100,50.0,T,A,jchen,2025-08-20T14:00:00,mrodriguez,2025-08-20T22:00:00,T
901189,501189,VIABLE_AIR_USP,0,20,20,20.0,CFU/m3,0,400,200.0,T,A,mrodriguez,2025-08-20T13:00:00,dpatel,2025-08-20T16:00:00,T
901190,501190,SETTLE_PLATE_TSA,0,0,0,0.0,CFU/plate,0,1,1.0,T,A,dpatel,2025-08-22T14:00:00,skwon,2025-08-22T22:00:00,T
901191,501191,VIABLE_AIR_USP,0,0,0,0.0,CFU/m3,0,1,1.0,T,A,tolawale,2025-08-22T13:00:00,anguyen,2025-08-23T19:00:00,T
901192,501192,SETTLE_PLATE_TSA,0,0,0,0.0,CFU/plate,0,5,3.0,T,A,anguyen,2025-08-22T06:00:00,mrodriguez,2025-08-22T17:00:00,T
901193,501193,VIABLE_AIR_USP,0,4,4,4.0,CFU/m3,0,20,10.0,T,A,tolawale,2025-08-21T09:00:00,tolawale,2025-08-22T12:00:00,T
901194,501194,SETTLE_PLATE_TSA,0,2,2,2.0,CFU/plate,0,50,25.0,T,A,anguyen,2025-08-22T14:00:00,dpatel,2025-08-23T17:00:00,T
901195,501195,VIABLE_AIR_USP,0,12,12,12.0,CFU/m3,0,200,100.0,T,A,skwon,2025-08-27T13:00:00,anguyen,2025-08-27T21:00:00,T
901196,501196,SETTLE_PLATE_TSA,0,3,3,3.0,CFU/plate,0,100,50.0,T,A,tolawale,2025-08-21T10:00:00,anguyen,2025-08-21T16:00:00,T
901197,501197,VIABLE_AIR_USP,0,32,32,32.0,CFU/m3,0,400,200.0,T,A,skwon,2025-08-22T08:00:00,jchen,2025-08-22T19:00:00,T
901198,501198,SETTLE_PLATE_TSA,0,0,0,0.0,CFU/plate,0,1,1.0,T,A,jchen,2025-08-23T12:00:00,skwon,2025-08-24T05:00:00,T
901199,501199,VIABLE_AIR_USP,0,0,0,0.0,CFU/m3,0,1,1.0,T,A,jchen,2025-08-23T07:00:00,skwon,2025-08-23T20:00:00,T
901200,501200,SETTLE_PLATE_TSA,0,0,0,0.0,CFU/plate,0,5,3.0,T,A,skwon,2025-08-23T12:00:00,skwon,2025-08-23T16:00:00,T
901201,501201,VIABLE_AIR_USP,0,1,1,1.0,CFU/m3,0,20,10.0,T,A,tolawale,2025-08-25T11:00:00,jchen,2025-08-26T11:00:00,T
901202,501202,SETTLE_PLATE_TSA,0,5,5,5.0,CFU/plate,0,50,25.0,T,A,skwon,2025-08-23T09:00:00,skwon,2025-08-23T18:00:00,T
901203,501203,VIABLE_AIR_USP,0,10,10,10.0,CFU/m3,0,200,100.0,T,A,skwon,2025-08-23T09:00:00,tolawale,2025-08-23T13:00:00,T
901204,501204,SETTLE_PLATE_TSA,0,5,5,5.0,CFU/plate,0,100,50.0,T,A,mrodriguez,2025-08-22T14:00:00,skwon,2025-08-23T02:00:00,T
901205,501205,VIABLE_AIR_USP,0,25,25,25.0,CFU/m3,0,400,200.0,T,A,jchen,2025-08-22T17:00:00,mrodriguez,2025-08-22T23:00:00,T
901206,501206,SETTLE_PLATE_TSA,0,0,0,0.0,CFU/plate,0,1,1.0,T,A,jchen,2025-08-24T10:00:00,skwon,2025-08-25T13:00:00,T
901207,501207,VIABLE_AIR_USP,0,0,0,0.0,CFU/m3,0,1,1.0,T,A,jchen,2025-08-23T13:00:00,tolawale,2025-08-23T23:00:00,T
901208,501208,SETTLE_PLATE_TSA,0,0,0,0.0,CFU/plate,0,5,3.0,T,A,dpatel,2025-08-24T13:00:00,anguyen,2025-08-25T18:00:00,T
901209,501209,VIABLE_AIR_USP,0,1,1,1.0,CFU/m3,0,20,10.0,T,A,mrodriguez,2025-08-23T14:00:00,mrodriguez,2025-08-24T02:00:00,T
901210,501210,SETTLE_PLATE_TSA,0,1,1,1.0,CFU/plate,0,50,25.0,T,A,skwon,2025-08-23T15:00:00,anguyen,2025-08-24T04:00:00,T
901211,501211,VIABLE_AIR_USP,0,7,7,7.0,CFU/m3,0,200,100.0,T,A,anguyen,2025-08-23T07:00:00,anguyen,2025-08-24T08:00:00,T
901212,501212,SETTLE_PLATE_TSA,0,6,6,6.0,CFU/plate,0,100,50.0,T,A,jchen,2025-08-24T10:00:00,jchen,2025-08-25T03:00:00,T
901213,501213,VIABLE_AIR_USP,0,29,29,29.0,CFU/m3,0,400,200.0,T,A,dpatel,2025-08-23T16:00:00,tolawale,2025-08-24T20:00:00,T
901214,501214,SETTLE_PLATE_TSA,0,0,0,0.0,CFU/plate,0,1,1.0,T,A,jchen,2025-08-24T12:00:00,mrodriguez,2025-08-25T12:00:00,T
901215,501215,VIABLE_AIR_USP,0,0,0,0.0,CFU/m3,0,1,1.0,T,A,dpatel,2025-08-24T07:00:00,jchen,2025-08-24T20:00:00,T
901216,501216,SETTLE_PLATE_TSA,0,1,1,1.0,CFU/plate,0,5,3.0,T,A,jchen,2025-08-25T16:00:00,dpatel,2025-08-26T07:00:00,T
901217,501217,VIABLE_AIR_USP,0,0,0,0.0,CFU/m3,0,20,10.0,T,A,anguyen,2025-08-25T10:00:00,skwon,2025-08-25T17:00:00,T
901218,501218,SETTLE_PLATE_TSA,0,0,0,0.0,CFU/plate,0,50,25.0,T,A,mrodriguez,2025-08-25T14:00:00,tolawale,2025-08-26T19:00:00,T
901219,501219,VIABLE_AIR_USP,0,16,16,16.0,CFU/m3,0,200,100.0,T,A,tolawale,2025-08-24T09:00:00,jchen,2025-08-25T12:00:00,T
901220,501220,SETTLE_PLATE_TSA,0,3,3,3.0,CFU/plate,0,100,50.0,T,A,skwon,2025-08-24T13:00:00,jchen,2025-08-25T07:00:00,T
901221,501221,VIABLE_AIR_USP,0,34,34,34.0,CFU/m3,0,400,200.0,T,A,mrodriguez,2025-08-25T17:00:00,mrodriguez,2025-08-26T07:00:00,T
901222,501222,SETTLE_PLATE_TSA,0,0,0,0.0,CFU/plate,0,1,1.0,T,A,skwon,2025-08-26T08:00:00,anguyen,2025-08-26T21:00:00,T
901223,501223,VIABLE_AIR_USP,0,0,0,0.0,CFU/m3,0,1,1.0,T,A,dpatel,2025-08-26T11:00:00,jchen,2025-08-26T13:00:00,T
901224,501224,SETTLE_PLATE_TSA,0,0,0,0.0,CFU/plate,0,5,3.0,T,A,anguyen,2025-08-26T13:00:00,skwon,2025-08-26T20:00:00,T
901225,501225,VIABLE_AIR_USP,0,4,4,4.0,CFU/m3,0,20,10.0,T,A,mrodriguez,2025-08-26T09:00:00,skwon,2025-08-27T12:00:00,T
901226,501226,SETTLE_PLATE_TSA,0,2,2,2.0,CFU/plate,0,50,25.0,T,A,tolawale,2025-08-26T17:00:00,mrodriguez,2025-08-27T00:00:00,T
901227,501227,VIABLE_AIR_USP,0,10,10,10.0,CFU/m3,0,200,100.0,T,A,anguyen,2025-08-26T11:00:00,mrodriguez,2025-08-27T15:00:00,T
901228,501228,SETTLE_PLATE_TSA,0,6,6,6.0,CFU/plate,0,100,50.0,T,A,jchen,2025-08-28T08:00:00,tolawale,2025-08-28T10:00:00,T
901229,501229,VIABLE_AIR_USP,0,22,22,22.0,CFU/m3,0,400,200.0,T,A,anguyen,2025-08-25T13:00:00,dpatel,2025-08-26T11:00:00,T
901230,501230,BIOBURDEN_USP61,0,3,3,3.0,CFU/device,0,100,50.0,T,A,anguyen,2025-08-25T07:00:00,tolawale,2025-08-25T21:00:00,T
901231,501231,LAL_KINETIC,0,0.58,0.58,0.58,EU/device,0,20,10.0,T,A,dpatel,2025-08-25T06:00:00,jchen,2025-08-25T12:00:00,T
901232,501232,SETTLE_PLATE_TSA,0,0,0,0.0,CFU/plate,0,1,1.0,T,A,anguyen,2025-08-26T13:00:00,jchen,2025-08-26T23:00:00,T
901233,501233,VIABLE_AIR_USP,0,0,0,0.0,CFU/m3,0,1,1.0,T,A,mrodriguez,2025-08-27T08:00:00,skwon,2025-08-27T23:00:00,T
901234,501234,SETTLE_PLATE_TSA,0,0,0,0.0,CFU/plate,0,5,3.0,T,A,tolawale,2025-08-27T14:00:00,mrodriguez,2025-08-28T17:00:00,T
901235,501235,VIABLE_AIR_USP,0,2,2,2.0,CFU/m3,0,20,10.0,T,A,tolawale,2025-08-26T08:00:00,skwon,2025-08-26T20:00:00,T
901236,501236,SETTLE_PLATE_TSA,0,2,2,2.0,CFU/plate,0,50,25.0,T,A,jchen,2025-08-27T11:00:00,jchen,2025-08-27T19:00:00,T
901237,501237,VIABLE_AIR_USP,0,19,19,19.0,CFU/m3,0,200,100.0,T,A,anguyen,2025-08-26T15:00:00,jchen,2025-08-26T20:00:00,T
901238,501238,SETTLE_PLATE_TSA,0,8,8,8.0,CFU/plate,0,100,50.0,T,A,tolawale,2025-08-26T10:00:00,mrodriguez,2025-08-26T20:00:00,T
901239,501239,VIABLE_AIR_USP,0,17,17,17.0,CFU/m3,0,400,200.0,T,A,tolawale,2025-08-27T15:00:00,skwon,2025-08-28T16:00:00,T
901240,501240,SETTLE_PLATE_TSA,0,0,0,0.0,CFU/plate,0,1,1.0,T,A,dpatel,2025-08-28T13:00:00,anguyen,2025-08-28T18:00:00,T
901241,501241,VIABLE_AIR_USP,0,0,0,0.0,CFU/m3,0,1,1.0,T,A,tolawale,2025-08-28T13:00:00,dpatel,2025-08-29T10:00:00,T
901242,501242,SETTLE_PLATE_TSA,0,0,0,0.0,CFU/plate,0,5,3.0,T,A,anguyen,2025-08-27T11:00:00,jchen,2025-08-28T00:00:00,T
901243,501243,VIABLE_AIR_USP,0,2,2,2.0,CFU/m3,0,20,10.0,T,A,anguyen,2025-08-28T10:00:00,anguyen,2025-08-29T07:00:00,T
901244,501244,SETTLE_PLATE_TSA,0,2,2,2.0,CFU/plate,0,50,25.0,T,A,mrodriguez,2025-08-28T08:00:00,jchen,2025-08-28T21:00:00,T
901245,501245,VIABLE_AIR_USP,0,20,20,20.0,CFU/m3,0,200,100.0,T,A,dpatel,2025-08-28T09:00:00,tolawale,2025-08-28T11:00:00,T
901246,501246,SETTLE_PLATE_TSA,0,5,5,5.0,CFU/plate,0,100,50.0,T,A,skwon,2025-08-28T10:00:00,skwon,2025-08-29T05:00:00,T
901247,501247,VIABLE_AIR_USP,0,20,20,20.0,CFU/m3,0,400,200.0,T,A,anguyen,2025-08-28T08:00:00,skwon,2025-08-29T04:00:00,T
901248,501248,SETTLE_PLATE_TSA,0,0,0,0.0,CFU/plate,0,1,1.0,T,A,dpatel,2025-08-28T15:00:00,dpatel,2025-08-29T08:00:00,T
901249,501249,VIABLE_AIR_USP,0,0,0,0.0,CFU/m3,0,1,1.0,T,A,skwon,2025-08-29T12:00:00,jchen,2025-08-29T21:00:00,T
901250,501250,SETTLE_PLATE_TSA,0,1,1,1.0,CFU/plate,0,5,3.0,T,A,jchen,2025-08-29T12:00:00,jchen,2025-08-30T16:00:00,T
901251,501251,VIABLE_AIR_USP,0,1,1,1.0,CFU/m3,0,20,10.0,T,A,jchen,2025-08-28T11:00:00,skwon,2025-08-29T04:00:00,T
901252,501252,SETTLE_PLATE_TSA,0,2,2,2.0,CFU/plate,0,50,25.0,T,A,dpatel,2025-08-29T15:00:00,skwon,2025-08-30T12:00:00,T
901253,501253,VIABLE_AIR_USP,0,9,9,9.0,CFU/m3,0,200,100.0,T,A,skwon,2025-08-28T14:00:00,jchen,2025-08-29T11:00:00,T
901254,501254,SETTLE_PLATE_TSA,0,3,3,3.0,CFU/plate,0,100,50.0,T,A,jchen,2025-08-29T10:00:00,mrodriguez,2025-08-29T17:00:00,T
901255,501255,VIABLE_AIR_USP,0,26,26,26.0,CFU/m3,0,400,200.0,T,A,anguyen,2025-08-28T12:00:00,jchen,2025-08-29T18:00:00,T
901256,501256,SETTLE_PLATE_TSA,0,0,0,0.0,CFU/plate,0,1,1.0,T,A,dpatel,2025-08-30T10:00:00,mrodriguez,2025-08-31T10:00:00,T
901257,501257,VIABLE_AIR_USP,0,0,0,0.0,CFU/m3,0,1,1.0,T,A,mrodriguez,2025-08-29T12:00:00,tolawale,2025-08-30T10:00:00,T
901258,501258,SETTLE_PLATE_TSA,0,0,0,0.0,CFU/plate,0,5,3.0,T,A,anguyen,2025-08-30T11:00:00,skwon,2025-08-30T23:00:00,T
901259,501259,VIABLE_AIR_USP,0,2,2,2.0,CFU/m3,0,20,10.0,T,A,dpatel,2025-08-30T16:00:00,tolawale,2025-08-31T20:00:00,T
901260,501260,SETTLE_PLATE_TSA,0,5,5,5.0,CFU/plate,0,50,25.0,T,A,jchen,2025-08-29T09:00:00,mrodriguez,2025-08-29T11:00:00,T
901261,501261,VIABLE_AIR_USP,0,16,16,16.0,CFU/m3,0,200,100.0,T,A,mrodriguez,2025-08-30T12:00:00,anguyen,2025-08-31T16:00:00,T
901262,501262,SETTLE_PLATE_TSA,0,4,4,4.0,CFU/plate,0,100,50.0,T,A,tolawale,2025-08-29T16:00:00,mrodriguez,2025-08-29T21:00:00,T
901263,501263,VIABLE_AIR_USP,0,25,25,25.0,CFU/m3,0,400,200.0,T,A,skwon,2025-08-29T15:00:00,dpatel,2025-08-29T23:00:00,T
901264,501264,SETTLE_PLATE_TSA,0,1,1,1.0,CFU/plate,0,1,1.0,F,A,anguyen,2025-08-30T15:00:00,tolawale,2025-08-31T21:00:00,T
901265,501265,VIABLE_AIR_USP,0,0,0,0.0,CFU/m3,0,1,1.0,T,A,dpatel,2025-09-06T14:00:00,jchen,2025-09-07T03:00:00,T
901266,501266,SETTLE_PLATE_TSA,0,0,0,0.0,CFU/plate,0,5,3.0,T,A,skwon,2025-08-31T16:00:00,dpatel,2025-09-01T07:00:00,T
901267,501267,VIABLE_AIR_USP,0,2,2,2.0,CFU/m3,0,20,10.0,T,A,dpatel,2025-08-31T14:00:00,mrodriguez,2025-08-31T22:00:00,T
901268,501268,SETTLE_PLATE_TSA,0,3,3,3.0,CFU/plate,0,50,25.0,T,A,anguyen,2025-08-31T09:00:00,tolawale,2025-09-01T08:00:00,T
901269,501269,VIABLE_AIR_USP,0,13,13,13.0,CFU/m3,0,200,100.0,T,A,mrodriguez,2025-08-30T10:00:00,anguyen,2025-08-30T19:00:00,T
901270,501270,SETTLE_PLATE_TSA,0,7,7,7.0,CFU/plate,0,100,50.0,T,A,tolawale,2025-08-31T16:00:00,tolawale,2025-08-31T21:00:00,T
901271,501271,VIABLE_AIR_USP,0,29,29,29.0,CFU/m3,0,400,200.0,T,A,skwon,2025-08-30T13:00:00,tolawale,2025-08-31T11:00:00,T
901272,501272,SETTLE_PLATE_TSA,0,0,0,0.0,CFU/plate,0,1,1.0,T,A,jchen,2025-09-01T10:00:00,mrodriguez,2025-09-02T15:00:00,T
901273,501273,VIABLE_AIR_USP,0,0,0,0.0,CFU/m3,0,1,1.0,T,A,mrodriguez,2025-09-01T08:00:00,skwon,2025-09-01T10:00:00,T
901274,501274,SETTLE_PLATE_TSA,0,0,0,0.0,CFU/plate,0,5,3.0,T,A,dpatel,2025-08-31T07:00:00,skwon,2025-09-01T04:00:00,T
901275,501275,VIABLE_AIR_USP,0,0,0,0.0,CFU/m3,0,20,10.0,T,A,mrodriguez,2025-08-31T09:00:00,dpatel,2025-09-01T05:00:00,T
901276,501276,SETTLE_PLATE_TSA,0,4,4,4.0,CFU/plate,0,50,25.0,T,A,mrodriguez,2025-08-31T11:00:00,dpatel,2025-08-31T22:00:00,T
901277,501277,VIABLE_AIR_USP,0,14,14,14.0,CFU/m3,0,200,100.0,T,A,anguyen,2025-09-01T12:00:00,jchen,2025-09-02T01:00:00,T
901278,501278,SETTLE_PLATE_TSA,0,7,7,7.0,CFU/plate,0,100,50.0,T,A,anguyen,2025-09-01T09:00:00,anguyen,2025-09-01T19:00:00,T
901279,501279,VIABLE_AIR_USP,0,28,28,28.0,CFU/m3,0,400,200.0,T,A,mrodriguez,2025-08-31T08:00:00,jchen,2025-08-31T21:00:00,T
901280,501280,SETTLE_PLATE_TSA,0,0,0,0.0,CFU/plate,0,1,1.0,T,A,dpatel,2025-09-01T12:00:00,jchen,2025-09-02T02:00:00,T
901281,501281,VIABLE_AIR_USP,0,0,0,0.0,CFU/m3,0,1,1.0,T,A,skwon,2025-09-01T14:00:00,dpatel,2025-09-02T13:00:00,T
901282,501282,SETTLE_PLATE_TSA,0,1,1,1.0,CFU/plate,0,5,3.0,T,A,dpatel,2025-09-02T09:00:00,anguyen,2025-09-03T00:00:00,T
901283,501283,VIABLE_AIR_USP,0,1,1,1.0,CFU/m3,0,20,10.0,T,A,dpatel,2025-09-01T15:00:00,skwon,2025-09-02T14:00:00,T
901284,501284,SETTLE_PLATE_TSA,0,6,6,6.0,CFU/plate,0,50,25.0,T,A,anguyen,2025-09-01T12:00:00,jchen,2025-09-02T05:00:00,T
901285,501285,VIABLE_AIR_USP,0,9,9,9.0,CFU/m3,0,200,100.0,T,A,skwon,2025-09-06T07:00:00,dpatel,2025-09-06T10:00:00,T
901286,501286,SETTLE_PLATE_TSA,0,4,4,4.0,CFU/plate,0,100,50.0,T,A,jchen,2025-09-02T10:00:00,tolawale,2025-09-03T13:00:00,T
901287,501287,VIABLE_AIR_USP,0,25,25,25.0,CFU/m3,0,400,200.0,T,A,mrodriguez,2025-09-02T12:00:00,skwon,2025-09-03T13:00:00,T
901288,501288,BIOBURDEN_USP61,0,4,4,4.0,CFU/device,0,100,50.0,T,A,jchen,2025-09-02T07:00:00,tolawale,2025-09-02T20:00:00,T
901289,501289,LAL_KINETIC,0,2.48,2.48,2.48,EU/device,0,20,10.0,T,A,skwon,2025-09-02T09:00:00,dpatel,2025-09-02T14:00:00,T
901290,501290,BIOBURDEN_USP61,0,6,6,6.0,CFU/device,0,100,50.0,T,A,skwon,2025-09-03T10:00:00,mrodriguez,2025-09-03T22:00:00,T
901291,501291,LAL_KINETIC,0,2.57,2.57,2.57,EU/device,0,20,10.0,T,A,dpatel,2025-09-01T07:00:00,mrodriguez,2025-09-01T22:00:00,T
901292,501292,SETTLE_PLATE_TSA,0,0,0,0.0,CFU/plate,0,1,1.0,T,A,anguyen,2025-09-03T16:00:00,skwon,2025-09-03T23:00:00,T
901293,501293,VIABLE_AIR_USP,0,0,0,0.0,CFU/m3,0,1,1.0,T,A,skwon,2025-09-03T17:00:00,skwon,2025-09-04T06:00:00,T
901294,501294,SETTLE_PLATE_TSA,0,0,0,0.0,CFU/plate,0,5,3.0,T,A,jchen,2025-09-02T15:00:00,anguyen,2025-09-02T19:00:00,T
901295,501295,VIABLE_AIR_USP,0,2,2,2.0,CFU/m3,0,20,10.0,T,A,anguyen,2025-09-02T15:00:00,dpatel,2025-09-03T21:00:00,T
901296,501296,SETTLE_PLATE_TSA,0,4,4,4.0,CFU/plate,0,50,25.0,T,A,skwon,2025-09-03T15:00:00,jchen,2025-09-04T07:00:00,T
901297,501297,VIABLE_AIR_USP,0,10,10,10.0,CFU/m3,0,200,100.0,T,A,dpatel,2025-09-03T13:00:00,jchen,2025-09-04T13:00:00,T
901298,501298,SETTLE_PLATE_TSA,0,1,1,1.0,CFU/plate,0,100,50.0,T,A,anguyen,2025-09-03T09:00:00,tolawale,2025-09-03T18:00:00,T
901299,501299,VIABLE_AIR_USP,0,23,23,23.0,CFU/m3,0,400,200.0,T,A,tolawale,2025-09-02T15:00:00,mrodriguez,2025-09-03T12:00:00,T
901300,501300,SETTLE_PLATE_TSA,0,0,0,0.0,CFU/plate,0,1,1.0,T,A,anguyen,2025-09-03T10:00:00,skwon,2025-09-03T18:00:00,T
901301,501301,VIABLE_AIR_USP,0,0,0,0.0,CFU/m3,0,1,1.0,T,A,skwon,2025-09-03T14:00:00,mrodriguez,2025-09-04T04:00:00,T
901302,501302,SETTLE_PLATE_TSA,0,2,2,2.0,CFU/plate,0,5,3.0,T,A,anguyen,2025-09-03T14:00:00,jchen,2025-09-03T20:00:00,T
901303,501303,VIABLE_AIR_USP,0,1,1,1.0,CFU/m3,0,20,10.0,T,A,mrodriguez,2025-09-03T14:00:00,dpatel,2025-09-04T07:00:00,T
901304,501304,SETTLE_PLATE_TSA,0,1,1,1.0,CFU/plate,0,50,25.0,T,A,dpatel,2025-09-04T15:00:00,skwon,2025-09-05T15:00:00,T
901305,501305,VIABLE_AIR_USP,0,13,13,13.0,CFU/m3,0,200,100.0,T,A,mrodriguez,2025-09-09T10:00:00,jchen,2025-09-10T06:00:00,T
901306,501306,SETTLE_PLATE_TSA,0,5,5,5.0,CFU/plate,0,100,50.0,T,A,skwon,2025-09-08T12:00:00,skwon,2025-09-09T04:00:00,T
901307,501307,VIABLE_AIR_USP,0,22,22,22.0,CFU/m3,0,400,200.0,T,A,dpatel,2025-09-03T12:00:00,anguyen,2025-09-04T18:00:00,T
901308,501308,SETTLE_PLATE_TSA,0,0,0,0.0,CFU/plate,0,1,1.0,T,A,tolawale,2025-09-05T14:00:00,dpatel,2025-09-06T14:00:00,T
901309,501309,VIABLE_AIR_USP,0,0,0,0.0,CFU/m3,0,1,1.0,T,A,skwon,2025-09-05T14:00:00,tolawale,2025-09-06T07:00:00,T
901310,501310,SETTLE_PLATE_TSA,0,0,0,0.0,CFU/plate,0,5,3.0,T,A,tolawale,2025-09-04T15:00:00,dpatel,2025-09-05T11:00:00,T
901311,501311,VIABLE_AIR_USP,0,2,2,2.0,CFU/m3,0,20,10.0,T,A,jchen,2025-09-08T12:00:00,jchen,2025-09-08T17:00:00,T
901312,501312,SETTLE_PLATE_TSA,0,1,1,1.0,CFU/plate,0,50,25.0,T,A,dpatel,2025-09-04T10:00:00,tolawale,2025-09-05T16:00:00,T
901313,501313,VIABLE_AIR_USP,0,7,7,7.0,CFU/m3,0,200,100.0,T,A,jchen,2025-09-05T10:00:00,jchen,2025-09-05T13:00:00,T
901314,501314,SETTLE_PLATE_TSA,0,4,4,4.0,CFU/plate,0,100,50.0,T,A,tolawale,2025-09-04T15:00:00,skwon,2025-09-04T20:00:00,T
901315,501315,VIABLE_AIR_USP,0,18,18,18.0,CFU/m3,0,400,200.0,T,A,anguyen,2025-09-05T17:00:00,dpatel,2025-09-06T09:00:00,T
901316,501316,SETTLE_PLATE_TSA,0,0,0,0.0,CFU/plate,0,1,1.0,T,A,skwon,2025-09-05T08:00:00,tolawale,2025-09-06T04:00:00,T
901317,501317,VIABLE_AIR_USP,0,0,0,0.0,CFU/m3,0,1,1.0,T,A,mrodriguez,2025-09-09T06:00:00,anguyen,2025-09-09T19:00:00,T
901318,501318,SETTLE_PLATE_TSA,0,0,0,0.0,CFU/plate,0,5,3.0,T,A,mrodriguez,2025-09-06T11:00:00,anguyen,2025-09-07T15:00:00,T
901319,501319,VIABLE_AIR_USP,0,0,0,0.0,CFU/m3,0,20,10.0,T,A,dpatel,2025-09-05T11:00:00,tolawale,2025-09-06T03:00:00,T
901320,501320,SETTLE_PLATE_TSA,0,0,0,0.0,CFU/plate,0,50,25.0,T,A,jchen,2025-09-06T11:00:00,mrodriguez,2025-09-06T16:00:00,T
901321,501321,VIABLE_AIR_USP,0,13,13,13.0,CFU/m3,0,200,100.0,T,A,dpatel,2025-09-10T14:00:00,dpatel,2025-09-11T04:00:00,T
901322,501322,SETTLE_PLATE_TSA,0,2,2,2.0,CFU/plate,0,100,50.0,T,A,jchen,2025-09-05T16:00:00,dpatel,2025-09-06T13:00:00,T
901323,501323,VIABLE_AIR_USP,0,29,29,29.0,CFU/m3,0,400,200.0,T,A,anguyen,2025-09-05T13:00:00,jchen,2025-09-05T23:00:00,T
901324,501324,SETTLE_PLATE_TSA,0,0,0,0.0,CFU/plate,0,1,1.0,T,A,mrodriguez,2025-09-06T10:00:00,tolawale,2025-09-06T18:00:00,T
901325,501325,VIABLE_AIR_USP,0,0,0,0.0,CFU/m3,0,1,1.0,T,A,mrodriguez,2025-09-06T11:00:00,anguyen,2025-09-06T15:00:00,T
901326,501326,SETTLE_PLATE_TSA,0,0,0,0.0,CFU/plate,0,5,3.0,T,A,skwon,2025-09-07T10:00:00,skwon,2025-09-07T15:00:00,T
901327,501327,VIABLE_AIR_USP,0,2,2,2.0,CFU/m3,0,20,10.0,T,A,skwon,2025-09-06T08:00:00,mrodriguez,2025-09-06T11:00:00,T
901328,501328,SETTLE_PLATE_TSA,0,4,4,4.0,CFU/plate,0,50,25.0,T,A,anguyen,2025-09-07T12:00:00,skwon,2025-09-08T12:00:00,T
901329,501329,VIABLE_AIR_USP,0,5,5,5.0,CFU/m3,0,200,100.0,T,A,mrodriguez,2025-09-06T15:00:00,dpatel,2025-09-07T04:00:00,T
901330,501330,SETTLE_PLATE_TSA,0,7,7,7.0,CFU/plate,0,100,50.0,T,A,mrodriguez,2025-09-06T10:00:00,anguyen,2025-09-07T01:00:00,T
901331,501331,VIABLE_AIR_USP,0,22,22,22.0,CFU/m3,0,400,200.0,T,A,tolawale,2025-09-06T07:00:00,skwon,2025-09-06T10:00:00,T
901332,501332,SETTLE_PLATE_TSA,0,0,0,0.0,CFU/plate,0,1,1.0,T,A,dpatel,2025-09-07T12:00:00,skwon,2025-09-07T18:00:00,T
901333,501333,VIABLE_AIR_USP,0,0,0,0.0,CFU/m3,0,1,1.0,T,A,tolawale,2025-09-08T14:00:00,tolawale,2025-09-08T22:00:00,T
901334,501334,SETTLE_PLATE_TSA,0,1,1,1.0,CFU/plate,0,5,3.0,T,A,skwon,2025-09-08T15:00:00,mrodriguez,2025-09-09T02:00:00,T
901335,501335,VIABLE_AIR_USP,0,1,1,1.0,CFU/m3,0,20,10.0,T,A,dpatel,2025-09-07T08:00:00,tolawale,2025-09-07T21:00:00,T
901336,501336,SETTLE_PLATE_TSA,0,3,3,3.0,CFU/plate,0,50,25.0,T,A,jchen,2025-09-07T16:00:00,tolawale,2025-09-08T01:00:00,T
901337,501337,VIABLE_AIR_USP,0,13,13,13.0,CFU/m3,0,200,100.0,T,A,dpatel,2025-09-07T06:00:00,skwon,2025-09-07T15:00:00,T
901338,501338,SETTLE_PLATE_TSA,0,4,4,4.0,CFU/plate,0,100,50.0,T,A,jchen,2025-09-07T10:00:00,skwon,2025-09-07T20:00:00,T
901339,501339,VIABLE_AIR_USP,0,23,23,23.0,CFU/m3,0,400,200.0,T,A,jchen,2025-09-08T13:00:00,skwon,2025-09-08T15:00:00,T
901340,501340,SETTLE_PLATE_TSA,0,0,0,0.0,CFU/plate,0,1,1.0,T,A,skwon,2025-09-09T15:00:00,dpatel,2025-09-09T18:00:00,T
901341,501341,VIABLE_AIR_USP,0,0,0,0.0,CFU/m3,0,1,1.0,T,A,jchen,2025-09-09T12:00:00,mrodriguez,2025-09-10T15:00:00,T
901342,501342,SETTLE_PLATE_TSA,0,0,0,0.0,CFU/plate,0,5,3.0,T,A,skwon,2025-09-08T11:00:00,tolawale,2025-09-09T06:00:00,T
901343,501343,VIABLE_AIR_USP,0,1,1,1.0,CFU/m3,0,20,10.0,T,A,anguyen,2025-09-09T10:00:00,tolawale,2025-09-10T00:00:00,T
901344,501344,SETTLE_PLATE_TSA,0,4,4,4.0,CFU/plate,0,50,25.0,T,A,jchen,2025-09-09T08:00:00,dpatel,2025-09-09T17:00:00,T
901345,501345,VIABLE_AIR_USP,0,9,9,9.0,CFU/m3,0,200,100.0,T,A,jchen,2025-09-09T13:00:00,tolawale,2025-09-10T12:00:00,T
901346,501346,SETTLE_PLATE_TSA,0,8,8,8.0,CFU/plate,0,100,50.0,T,A,dpatel,2025-09-09T10:00:00,skwon,2025-09-10T15:00:00,T
901347,501347,VIABLE_AIR_USP,0,27,27,27.0,CFU/m3,0,400,200.0,T,A,jchen,2025-09-09T16:00:00,mrodriguez,2025-09-10T14:00:00,T
901348,501348,BIOBURDEN_USP61,0,2,2,2.0,CFU/device,0,100,50.0,T,A,anguyen,2025-09-09T10:00:00,mrodriguez,2025-09-09T14:00:00,T
901349,501349,LAL_KINETIC,0,1.55,1.55,1.55,EU/device,0,20,10.0,T,A,dpatel,2025-09-09T08:00:00,mrodriguez,2025-09-10T01:00:00,T
901350,501350,BIOBURDEN_USP61,0,5,5,5.0,CFU/device,0,100,50.0,T,A,tolawale,2025-09-08T10:00:00,tolawale,2025-09-08T19:00:00,T
901351,501351,LAL_KINETIC,0,2.14,2.14,2.14,EU/device,0,20,10.0,T,A,mrodriguez,2025-09-10T06:00:00,anguyen,2025-09-11T00:00:00,T
901352,501352,SETTLE_PLATE_TSA,0,0,0,0.0,CFU/plate,0,1,1.0,T,A,jchen,2025-09-10T11:00:00,dpatel,2025-09-10T13:00:00,T
901353,501353,VIABLE_AIR_USP,0,0,0,0.0,CFU/m3,0,1,1.0,T,A,anguyen,2025-09-09T07:00:00,jchen,2025-09-10T01:00:00,T
901354,501354,SETTLE_PLATE_TSA,0,0,0,0.0,CFU/plate,0,5,3.0,T,A,dpatel,2025-09-10T08:00:00,dpatel,2025-09-11T06:00:00,T
901355,501355,VIABLE_AIR_USP,0,4,4,4.0,CFU/m3,0,20,10.0,T,A,anguyen,2025-09-10T14:00:00,dpatel,2025-09-11T20:00:00,T
901356,501356,SETTLE_PLATE_TSA,0,0,0,0.0,CFU/plate,0,50,25.0,T,A,jchen,2025-09-09T14:00:00,jchen,2025-09-09T20:00:00,T
901357,501357,VIABLE_AIR_USP,0,16,16,16.0,CFU/m3,0,200,100.0,T,A,dpatel,2025-09-10T10:00:00,jchen,2025-09-11T00:00:00,T
901358,501358,SETTLE_PLATE_TSA,0,7,7,7.0,CFU/plate,0,100,50.0,T,A,tolawale,2025-09-09T12:00:00,anguyen,2025-09-10T08:00:00,T
901359,501359,VIABLE_AIR_USP,0,27,27,27.0,CFU/m3,0,400,200.0,T,A,anguyen,2025-09-09T16:00:00,anguyen,2025-09-10T15:00:00,T
901360,501360,SETTLE_PLATE_TSA,0,0,0,0.0,CFU/plate,0,1,1.0,T,A,anguyen,2025-09-10T12:00:00,mrodriguez,2025-09-10T21:00:00,T
901361,501361,VIABLE_AIR_USP,0,0,0,0.0,CFU/m3,0,1,1.0,T,A,tolawale,2025-09-11T11:00:00,anguyen,2025-09-11T15:00:00,T
901362,501362,SETTLE_PLATE_TSA,0,0,0,0.0,CFU/plate,0,5,3.0,T,A,anguyen,2025-09-11T12:00:00,anguyen,2025-09-12T08:00:00,T
901363,501363,VIABLE_AIR_USP,0,2,2,2.0,CFU/m3,0,20,10.0,T,A,tolawale,2025-09-10T13:00:00,dpatel,2025-09-11T16:00:00,T
901364,501364,SETTLE_PLATE_TSA,0,3,3,3.0,CFU/plate,0,50,25.0,T,A,skwon,2025-09-10T16:00:00,mrodriguez,2025-09-11T14:00:00,T
901365,501365,VIABLE_AIR_USP,0,15,15,15.0,CFU/m3,0,200,100.0,T,A,mrodriguez,2025-09-11T14:00:00,tolawale,2025-09-12T14:00:00,T
901366,501366,SETTLE_PLATE_TSA,0,4,4,4.0,CFU/plate,0,100,50.0,T,A,jchen,2025-09-10T11:00:00,skwon,2025-09-11T05:00:00,T
901367,501367,VIABLE_AIR_USP,0,26,26,26.0,CFU/m3,0,400,200.0,T,A,mrodriguez,2025-09-10T12:00:00,dpatel,2025-09-10T17:00:00,T
901368,501368,SETTLE_PLATE_TSA,0,0,0,0.0,CFU/plate,0,1,1.0,T,A,tolawale,2025-09-16T13:00:00,skwon,2025-09-17T04:00:00,T
901369,501369,VIABLE_AIR_USP,0,0,0,0.0,CFU/m3,0,1,1.0,T,A,dpatel,2025-09-11T11:00:00,anguyen,2025-09-12T12:00:00,T
901370,501370,SETTLE_PLATE_TSA,0,0,0,0.0,CFU/plate,0,5,3.0,T,A,anguyen,2025-09-12T16:00:00,mrodriguez,2025-09-13T04:00:00,T
901371,501371,VIABLE_AIR_USP,0,2,2,2.0,CFU/m3,0,20,10.0,T,A,dpatel,2025-09-11T13:00:00,dpatel,2025-09-12T00:00:00,T
901372,501372,SETTLE_PLATE_TSA,0,1,1,1.0,CFU/plate,0,50,25.0,T,A,anguyen,2025-09-12T14:00:00,dpatel,2025-09-13T02:00:00,T
901373,501373,VIABLE_AIR_USP,0,6,6,6.0,CFU/m3,0,200,100.0,T,A,jchen,2025-09-11T13:00:00,anguyen,2025-09-12T07:00:00,T
901374,501374,SETTLE_PLATE_TSA,0,4,4,4.0,CFU/plate,0,100,50.0,T,A,dpatel,2025-09-11T10:00:00,skwon,2025-09-11T20:00:00,T
901375,501375,VIABLE_AIR_USP,0,22,22,22.0,CFU/m3,0,400,200.0,T,A,dpatel,2025-09-12T08:00:00,dpatel,2025-09-12T17:00:00,T
901376,501376,SETTLE_PLATE_TSA,0,1,1,1.0,CFU/plate,0,1,1.0,F,A,anguyen,2025-09-12T10:00:00,anguyen,2025-09-13T16:00:00,T
901377,501377,VIABLE_AIR_USP,0,0,0,0.0,CFU/m3,0,1,1.0,T,A,dpatel,2025-09-13T13:00:00,skwon,2025-09-14T07:00:00,T
901378,501378,SETTLE_PLATE_TSA,0,0,0,0.0,CFU/plate,0,5,3.0,T,A,skwon,2025-09-13T10:00:00,dpatel,2025-09-13T14:00:00,T
901379,501379,VIABLE_AIR_USP,0,1,1,1.0,CFU/m3,0,20,10.0,T,A,dpatel,2025-09-12T07:00:00,anguyen,2025-09-12T19:00:00,T
901380,501380,SETTLE_PLATE_TSA,0,1,1,1.0,CFU/plate,0,50,25.0,T,A,tolawale,2025-09-13T10:00:00,tolawale,2025-09-14T01:00:00,T
901381,501381,VIABLE_AIR_USP,0,13,13,13.0,CFU/m3,0,200,100.0,T,A,mrodriguez,2025-09-12T08:00:00,anguyen,2025-09-12T17:00:00,T
901382,501382,SETTLE_PLATE_TSA,0,10,10,10.0,CFU/plate,0,100,50.0,T,A,dpatel,2025-09-13T09:00:00,dpatel,2025-09-14T10:00:00,T
901383,501383,VIABLE_AIR_USP,0,35,35,35.0,CFU/m3,0,400,200.0,T,A,anguyen,2025-09-12T06:00:00,skwon,2025-09-12T21:00:00,T
901384,501384,SETTLE_PLATE_TSA,0,0,0,0.0,CFU/plate,0,1,1.0,T,A,jchen,2025-09-14T13:00:00,mrodriguez,2025-09-15T11:00:00,T
901385,501385,VIABLE_AIR_USP,0,0,0,0.0,CFU/m3,0,1,1.0,T,A,anguyen,2025-09-13T13:00:00,dpatel,2025-09-14T17:00:00,T
901386,501386,SETTLE_PLATE_TSA,0,0,0,0.0,CFU/plate,0,5,3.0,T,A,anguyen,2025-09-14T13:00:00,jchen,2025-09-14T18:00:00,T
901387,501387,VIABLE_AIR_USP,0,2,2,2.0,CFU/m3,0,20,10.0,T,A,skwon,2025-09-14T11:00:00,jchen,2025-09-15T10:00:00,T
901388,501388,SETTLE_PLATE_TSA,0,0,0,0.0,CFU/plate,0,50,25.0,T,A,dpatel,2025-09-13T13:00:00,anguyen,2025-09-14T17:00:00,T
901389,501389,VIABLE_AIR_USP,0,15,15,15.0,CFU/m3,0,200,100.0,T,A,jchen,2025-09-13T13:00:00,dpatel,2025-09-13T16:00:00,T
901390,501390,SETTLE_PLATE_TSA,0,4,4,4.0,CFU/plate,0,100,50.0,T,A,skwon,2025-09-14T15:00:00,dpatel,2025-09-15T01:00:00,T
901391,501391,VIABLE_AIR_USP,0,27,27,27.0,CFU/m3,0,400,200.0,T,A,dpatel,2025-09-13T11:00:00,mrodriguez,2025-09-14T03:00:00,T
901392,501392,SETTLE_PLATE_TSA,0,0,0,0.0,CFU/plate,0,1,1.0,T,A,mrodriguez,2025-09-14T15:00:00,anguyen,2025-09-14T21:00:00,T
901393,501393,VIABLE_AIR_USP,0,0,0,0.0,CFU/m3,0,1,1.0,T,A,skwon,2025-09-15T11:00:00,jchen,2025-09-16T13:00:00,T
901394,501394,SETTLE_PLATE_TSA,0,1,1,1.0,CFU/plate,0,5,3.0,T,A,dpatel,2025-09-14T15:00:00,mrodriguez,2025-09-15T05:00:00,T
901395,501395,VIABLE_AIR_USP,0,0,0,0.0,CFU/m3,0,20,10.0,T,A,dpatel,2025-09-14T15:00:00,jchen,2025-09-15T16:00:00,T
901396,501396,SETTLE_PLATE_TSA,0,3,3,3.0,CFU/plate,0,50,25.0,T,A,jchen,2025-09-15T10:00:00,dpatel,2025-09-15T17:00:00,T
901397,501397,VIABLE_AIR_USP,0,13,13,13.0,CFU/m3,0,200,100.0,T,A,jchen,2025-09-14T13:00:00,mrodriguez,2025-09-15T11:00:00,T
901398,501398,SETTLE_PLATE_TSA,0,7,7,7.0,CFU/plate,0,100,50.0,T,A,jchen,2025-09-15T06:00:00,anguyen,2025-09-15T08:00:00,T
901399,501399,VIABLE_AIR_USP,0,21,21,21.0,CFU/m3,0,400,200.0,T,A,jchen,2025-09-15T10:00:00,dpatel,2025-09-16T14:00:00,T
901400,501400,SETTLE_PLATE_TSA,0,0,0,0.0,CFU/plate,0,1,1.0,T,A,tolawale,2025-09-20T17:00:00,dpatel,2025-09-21T01:00:00,T
901401,501401,VIABLE_AIR_USP,0,0,0,0.0,CFU/m3,0,1,1.0,T,A,skwon,2025-09-16T11:00:00,anguyen,2025-09-16T20:00:00,T
901402,501402,SETTLE_PLATE_TSA,0,0,0,0.0,CFU/plate,0,5,3.0,T,A,anguyen,2025-09-15T17:00:00,dpatel,2025-09-16T18:00:00,T
901403,501403,VIABLE_AIR_USP,0,2,2,2.0,CFU/m3,0,20,10.0,T,A,skwon,2025-09-15T12:00:00,skwon,2025-09-16T14:00:00,T
901404,501404,SETTLE_PLATE_TSA,0,5,5,5.0,CFU/plate,0,50,25.0,T,A,tolawale,2025-09-15T07:00:00,mrodriguez,2025-09-15T12:00:00,T
901405,501405,VIABLE_AIR_USP,0,11,11,11.0,CFU/m3,0,200,100.0,T,A,anguyen,2025-09-15T15:00:00,anguyen,2025-09-16T12:00:00,T
901406,501406,SETTLE_PLATE_TSA,0,5,5,5.0,CFU/plate,0,100,50.0,T,A,skwon,2025-09-16T11:00:00,jchen,2025-09-17T15:00:00,T
901407,501407,VIABLE_AIR_USP,0,28,28,28.0,CFU/m3,0,400,200.0,T,A,anguyen,2025-09-15T14:00:00,anguyen,2025-09-16T14:00:00,T
901408,501408,BIOBURDEN_USP61,0,6,6,6.0,CFU/device,0,100,50.0,T,A,dpatel,2025-09-16T07:00:00,anguyen,2025-09-17T00:00:00,T
901409,501409,LAL_KINETIC,0,0.68,0.68,0.68,EU/device,0,20,10.0,T,A,jchen,2025-09-16T06:00:00,mrodriguez,2025-09-16T10:00:00,T
901410,501410,BIOBURDEN_USP61,0,3,3,3.0,CFU/device,0,100,50.0,T,A,tolawale,2025-09-15T10:00:00,skwon,2025-09-15T17:00:00,T
901411,501411,LAL_KINETIC,0,0.17,0.17,0.17,EU/device,0,20,10.0,T,A,jchen,2025-09-16T06:00:00,tolawale,2025-09-16T23:00:00,T
901412,501412,BIOBURDEN_USP61,0,6,6,6.0,CFU/device,0,100,50.0,T,A,tolawale,2025-09-17T07:00:00,jchen,2025-09-17T22:00:00,T
901413,501413,LAL_KINETIC,0,1.32,1.32,1.32,EU/device,0,20,10.0,T,A,jchen,2025-09-16T08:00:00,tolawale,2025-09-16T19:00:00,T
901414,501414,BIOBURDEN_USP61,0,4,4,4.0,CFU/device,0,100,50.0,T,A,anguyen,2025-09-17T08:00:00,dpatel,2025-09-17T15:00:00,T
901415,501415,LAL_KINETIC,0,0.87,0.87,0.87,EU/device,0,20,10.0,T,A,tolawale,2025-09-15T10:00:00,anguyen,2025-09-15T23:00:00,T
901416,501416,BIOBURDEN_USP61,0,5,5,5.0,CFU/device,0,100,50.0,T,A,tolawale,2025-09-17T08:00:00,anguyen,2025-09-17T14:00:00,T
901417,501417,LAL_KINETIC,0,1.44,1.44,1.44,EU/device,0,20,10.0,T,A,jchen,2025-09-16T09:00:00,mrodriguez,2025-09-17T00:00:00,T
901418,501418,SETTLE_PLATE_TSA,0,0,0,0.0,CFU/plate,0,1,1.0,T,A,tolawale,2025-09-16T16:00:00,jchen,2025-09-17T08:00:00,T
901419,501419,VIABLE_AIR_USP,0,0,0,0.0,CFU/m3,0,1,1.0,T,A,anguyen,2025-09-17T17:00:00,dpatel,2025-09-18T23:00:00,T
901420,501420,SETTLE_PLATE_TSA,0,0,0,0.0,CFU/plate,0,5,3.0,T,A,dpatel,2025-09-17T12:00:00,skwon,2025-09-18T01:00:00,T
901421,501421,VIABLE_AIR_USP,0,0,0,0.0,CFU/m3,0,20,10.0,T,A,anguyen,2025-09-16T11:00:00,jchen,2025-09-17T07:00:00,T
901422,501422,SETTLE_PLATE_TSA,0,5,5,5.0,CFU/plate,0,50,25.0,T,A,dpatel,2025-09-16T15:00:00,skwon,2025-09-17T11:00:00,T
901423,501423,VIABLE_AIR_USP,0,12,12,12.0,CFU/m3,0,200,100.0,T,A,anguyen,2025-09-17T13:00:00,mrodriguez,2025-09-17T20:00:00,T
901424,501424,SETTLE_PLATE_TSA,0,6,6,6.0,CFU/plate,0,100,50.0,T,A,mrodriguez,2025-09-17T10:00:00,jchen,2025-09-17T22:00:00,T
901425,501425,VIABLE_AIR_USP,0,22,22,22.0,CFU/m3,0,400,200.0,T,A,skwon,2025-09-17T13:00:00,mrodriguez,2025-09-18T07:00:00,T
901426,501426,SETTLE_PLATE_TSA,0,0,0,0.0,CFU/plate,0,1,1.0,T,A,tolawale,2025-09-18T17:00:00,jchen,2025-09-19T05:00:00,T
901427,501427,VIABLE_AIR_USP,0,0,0,0.0,CFU/m3,0,1,1.0,T,A,mrodriguez,2025-09-18T09:00:00,anguyen,2025-09-19T13:00:00,T
901428,501428,SETTLE_PLATE_TSA,0,1,1,1.0,CFU/plate,0,5,3.0,T,A,tolawale,2025-09-18T13:00:00,dpatel,2025-09-18T20:00:00,T
901429,501429,VIABLE_AIR_USP,0,1,1,1.0,CFU/m3,0,20,10.0,T,A,tolawale,2025-09-17T14:00:00,tolawale,2025-09-18T03:00:00,T
901430,501430,SETTLE_PLATE_TSA,0,2,2,2.0,CFU/plate,0,50,25.0,T,A,dpatel,2025-09-17T13:00:00,dpatel,2025-09-18T01:00:00,T
901431,501431,VIABLE_AIR_USP,0,11,11,11.0,CFU/m3,0,200,100.0,T,A,jchen,2025-09-17T14:00:00,skwon,2025-09-18T12:00:00,T
901432,501432,SETTLE_PLATE_TSA,0,7,7,7.0,CFU/plate,0,100,50.0,T,A,tolawale,2025-09-24T08:00:00,skwon,2025-09-25T13:00:00,T
901433,501433,VIABLE_AIR_USP,0,25,25,25.0,CFU/m3,0,400,200.0,T,A,skwon,2025-09-17T09:00:00,anguyen,2025-09-17T22:00:00,T
901434,501434,SETTLE_PLATE_TSA,0,0,0,0.0,CFU/plate,0,1,1.0,T,A,mrodriguez,2025-09-18T07:00:00,tolawale,2025-09-18T23:00:00,T
901435,501435,VIABLE_AIR_USP,0,0,0,0.0,CFU/m3,0,1,1.0,T,A,anguyen,2025-09-18T06:00:00,dpatel,2025-09-18T18:00:00,T
901436,501436,SETTLE_PLATE_TSA,0,0,0,0.0,CFU/plate,0,5,3.0,T,A,tolawale,2025-09-18T16:00:00,tolawale,2025-09-19T07:00:00,T
901437,501437,VIABLE_AIR_USP,0,0,0,0.0,CFU/m3,0,20,10.0,T,A,anguyen,2025-09-19T08:00:00,jchen,2025-09-19T15:00:00,T
901438,501438,SETTLE_PLATE_TSA,0,3,3,3.0,CFU/plate,0,50,25.0,T,A,skwon,2025-09-18T14:00:00,dpatel,2025-09-19T00:00:00,T
901439,501439,VIABLE_AIR_USP,0,13,13,13.0,CFU/m3,0,200,100.0,T,A,anguyen,2025-09-18T16:00:00,jchen,2025-09-18T20:00:00,T
901440,501440,SETTLE_PLATE_TSA,0,7,7,7.0,CFU/plate,0,100,50.0,T,A,dpatel,2025-09-18T09:00:00,mrodriguez,2025-09-19T12:00:00,T
901441,501441,VIABLE_AIR_USP,0,22,22,22.0,CFU/m3,0,400,200.0,T,A,jchen,2025-09-18T13:00:00,tolawale,2025-09-19T17:00:00,T
901442,501442,SETTLE_PLATE_TSA,0,0,0,0.0,CFU/plate,0,1,1.0,T,A,dpatel,2025-09-24T09:00:00,anguyen,2025-09-24T19:00:00,T
901443,501443,VIABLE_AIR_USP,0,0,0,0.0,CFU/m3,0,1,1.0,T,A,mrodriguez,2025-09-19T09:00:00,tolawale,2025-09-19T20:00:00,T
901444,501444,SETTLE_PLATE_TSA,0,0,0,0.0,CFU/plate,0,5,3.0,T,A,dpatel,2025-09-20T17:00:00,tolawale,2025-09-21T09:00:00,T
901445,501445,VIABLE_AIR_USP,0,0,0,0.0,CFU/m3,0,20,10.0,T,A,anguyen,2025-09-19T12:00:00,tolawale,2025-09-20T01:00:00,T
901446,501446,SETTLE_PLATE_TSA,0,4,4,4.0,CFU/plate,0,50,25.0,T,A,tolawale,2025-09-20T09:00:00,dpatel,2025-09-21T03:00:00,T
901447,501447,VIABLE_AIR_USP,0,12,12,12.0,CFU/m3,0,200,100.0,T,A,jchen,2025-09-19T15:00:00,anguyen,2025-09-19T21:00:00,T
901448,501448,SETTLE_PLATE_TSA,0,9,9,9.0,CFU/plate,0,100,50.0,T,A,jchen,2025-09-19T15:00:00,mrodriguez,2025-09-20T20:00:00,T
901449,501449,VIABLE_AIR_USP,0,24,24,24.0,CFU/m3,0,400,200.0,T,A,dpatel,2025-09-19T10:00:00,mrodriguez,2025-09-19T23:00:00,T
901450,501450,SETTLE_PLATE_TSA,0,0,0,0.0,CFU/plate,0,1,1.0,T,A,skwon,2025-09-21T12:00:00,skwon,2025-09-22T13:00:00,T
901451,501451,VIABLE_AIR_USP,0,0,0,0.0,CFU/m3,0,1,1.0,T,A,tolawale,2025-09-21T15:00:00,dpatel,2025-09-22T14:00:00,T
901452,501452,SETTLE_PLATE_TSA,0,0,0,0.0,CFU/plate,0,5,3.0,T,A,jchen,2025-09-21T16:00:00,mrodriguez,2025-09-22T12:00:00,T
901453,501453,VIABLE_AIR_USP,0,3,3,3.0,CFU/m3,0,20,10.0,T,A,anguyen,2025-09-20T10:00:00,dpatel,2025-09-20T16:00:00,T
901454,501454,SETTLE_PLATE_TSA,0,3,3,3.0,CFU/plate,0,50,25.0,T,A,dpatel,2025-09-20T11:00:00,mrodriguez,2025-09-21T03:00:00,T
901455,501455,VIABLE_AIR_USP,0,8,8,8.0,CFU/m3,0,200,100.0,T,A,mrodriguez,2025-09-21T11:00:00,mrodriguez,2025-09-21T15:00:00,T
901456,501456,SETTLE_PLATE_TSA,0,6,6,6.0,CFU/plate,0,100,50.0,T,A,tolawale,2025-09-21T06:00:00,dpatel,2025-09-21T23:00:00,T
901457,501457,VIABLE_AIR_USP,0,24,24,24.0,CFU/m3,0,400,200.0,T,A,tolawale,2025-09-20T17:00:00,skwon,2025-09-21T16:00:00,T
901458,501458,SETTLE_PLATE_TSA,0,0,0,0.0,CFU/plate,0,1,1.0,T,A,mrodriguez,2025-09-21T15:00:00,dpatel,2025-09-22T17:00:00,T
901459,501459,VIABLE_AIR_USP,0,0,0,0.0,CFU/m3,0,1,1.0,T,A,anguyen,2025-09-21T14:00:00,tolawale,2025-09-22T07:00:00,T
901460,501460,SETTLE_PLATE_TSA,0,0,0,0.0,CFU/plate,0,5,3.0,T,A,anguyen,2025-09-21T12:00:00,anguyen,2025-09-22T01:00:00,T
901461,501461,VIABLE_AIR_USP,0,1,1,1.0,CFU/m3,0,20,10.0,T,A,anguyen,2025-09-21T13:00:00,mrodriguez,2025-09-21T19:00:00,T
901462,501462,SETTLE_PLATE_TSA,0,7,7,7.0,CFU/plate,0,50,25.0,T,A,jchen,2025-09-21T15:00:00,dpatel,2025-09-21T21:00:00,T
901463,501463,VIABLE_AIR_USP,0,14,14,14.0,CFU/m3,0,200,100.0,T,A,jchen,2025-09-22T11:00:00,tolawale,2025-09-22T18:00:00,T
901464,501464,SETTLE_PLATE_TSA,0,5,5,5.0,CFU/plate,0,100,50.0,T,A,jchen,2025-09-21T15:00:00,mrodriguez,2025-09-22T18:00:00,T
901465,501465,VIABLE_AIR_USP,0,25,25,25.0,CFU/m3,0,400,200.0,T,A,anguyen,2025-09-22T10:00:00,tolawale,2025-09-23T03:00:00,T
901466,501466,SETTLE_PLATE_TSA,0,0,0,0.0,CFU/plate,0,1,1.0,T,A,skwon,2025-09-22T15:00:00,skwon,2025-09-23T09:00:00,T
901467,501467,VIABLE_AIR_USP,0,0,0,0.0,CFU/m3,0,1,1.0,T,A,dpatel,2025-09-22T16:00:00,tolawale,2025-09-23T11:00:00,T
901468,501468,SETTLE_PLATE_TSA,0,0,0,0.0,CFU/plate,0,5,3.0,T,A,tolawale,2025-09-22T16:00:00,tolawale,2025-09-23T20:00:00,T
901469,501469,VIABLE_AIR_USP,0,0,0,0.0,CFU/m3,0,20,10.0,T,A,jchen,2025-09-22T10:00:00,skwon,2025-09-23T15:00:00,T
901470,501470,SETTLE_PLATE_TSA,0,1,1,1.0,CFU/plate,0,50,25.0,T,A,dpatel,2025-09-23T08:00:00,mrodriguez,2025-09-24T03:00:00,T
901471,501471,VIABLE_AIR_USP,0,11,11,11.0,CFU/m3,0,200,100.0,T,A,jchen,2025-09-23T09:00:00,dpatel,2025-09-24T06:00:00,T
901472,501472,SETTLE_PLATE_TSA,0,7,7,7.0,CFU/plate,0,100,50.0,T,A,mrodriguez,2025-09-22T09:00:00,tolawale,2025-09-23T10:00:00,T
901473,501473,VIABLE_AIR_USP,0,16,16,16.0,CFU/m3,0,400,200.0,T,A,dpatel,2025-09-22T16:00:00,jchen,2025-09-23T12:00:00,T
901474,501474,BIOBURDEN_USP61,0,4,4,4.0,CFU/device,0,100,50.0,T,A,anguyen,2025-09-24T07:00:00,anguyen,2025-09-24T12:00:00,T
901475,501475,LAL_KINETIC,0,3.14,3.14,3.14,EU/device,0,20,10.0,T,A,dpatel,2025-09-24T06:00:00,skwon,2025-09-24T17:00:00,T
901476,501476,BIOBURDEN_USP61,0,3,3,3.0,CFU/device,0,100,50.0,T,A,skwon,2025-09-22T06:00:00,dpatel,2025-09-22T14:00:00,T
901477,501477,LAL_KINETIC,0,0.69,0.69,0.69,EU/device,0,20,10.0,T,A,anguyen,2025-09-24T08:00:00,tolawale,2025-09-25T03:00:00,T
901478,501478,BIOBURDEN_USP61,0,1,1,1.0,CFU/device,0,100,50.0,T,A,skwon,2025-09-22T10:00:00,tolawale,2025-09-23T01:00:00,T
901479,501479,LAL_KINETIC,0,0.84,0.84,0.84,EU/device,0,20,10.0,T,A,dpatel,2025-09-24T07:00:00,skwon,2025-09-24T10:00:00,T
901480,501480,BIOBURDEN_USP61,0,5,5,5.0,CFU/device,0,100,50.0,T,A,dpatel,2025-09-22T08:00:00,jchen,2025-09-22T23:00:00,T
901481,501481,LAL_KINETIC,0,1.96,1.96,1.96,EU/device,0,20,10.0,T,A,tolawale,2025-09-22T09:00:00,skwon,2025-09-22T19:00:00,T
901482,501482,SETTLE_PLATE_TSA,0,0,0,0.0,CFU/plate,0,1,1.0,T,A,jchen,2025-09-23T13:00:00,anguyen,2025-09-23T22:00:00,T
901483,501483,VIABLE_AIR_USP,0,0,0,0.0,CFU/m3,0,1,1.0,T,A,skwon,2025-09-24T18:00:00,anguyen,2025-09-25T08:00:00,T
901484,501484,SETTLE_PLATE_TSA,0,0,0,0.0,CFU/plate,0,5,3.0,T,A,dpatel,2025-09-23T15:00:00,skwon,2025-09-24T20:00:00,T
901485,501485,VIABLE_AIR_USP,0,1,1,1.0,CFU/m3,0,20,10.0,T,A,tolawale,2025-09-24T07:00:00,jchen,2025-09-25T06:00:00,T
901486,501486,SETTLE_PLATE_TSA,0,1,1,1.0,CFU/plate,0,50,25.0,T,A,jchen,2025-09-24T12:00:00,skwon,2025-09-24T23:00:00,T
901487,501487,VIABLE_AIR_USP,0,11,11,11.0,CFU/m3,0,200,100.0,T,A,mrodriguez,2025-09-23T11:00:00,skwon,2025-09-24T07:00:00,T
901488,501488,SETTLE_PLATE_TSA,0,6,6,6.0,CFU/plate,0,100,50.0,T,A,anguyen,2025-09-23T14:00:00,skwon,2025-09-24T09:00:00,T
901489,501489,VIABLE_AIR_USP,0,17,17,17.0,CFU/m3,0,400,200.0,T,A,jchen,2025-09-23T07:00:00,mrodriguez,2025-09-24T03:00:00,T
901490,501490,SETTLE_PLATE_TSA,0,0,0,0.0,CFU/plate,0,1,1.0,T,A,anguyen,2025-09-24T15:00:00,dpatel,2025-09-25T21:00:00,T
901491,501491,VIABLE_AIR_USP,0,0,0,0.0,CFU/m3,0,1,1.0,T,A,tolawale,2025-09-25T16:00:00,skwon,2025-09-26T11:00:00,T
901492,501492,SETTLE_PLATE_TSA,0,0,0,0.0,CFU/plate,0,5,3.0,T,A,skwon,2025-09-25T11:00:00,skwon,2025-09-26T16:00:00,T
901493,501493,VIABLE_AIR_USP,0,2,2,2.0,CFU/m3,0,20,10.0,T,A,dpatel,2025-09-24T11:00:00,tolawale,2025-09-25T01:00:00,T
901494,501494,SETTLE_PLATE_TSA,0,4,4,4.0,CFU/plate,0,50,25.0,T,A,mrodriguez,2025-09-24T11:00:00,anguyen,2025-09-25T08:00:00,T
901495,501495,VIABLE_AIR_USP,0,9,9,9.0,CFU/m3,0,200,100.0,T,A,anguyen,2025-09-24T15:00:00,mrodriguez,2025-09-25T12:00:00,T
901496,501496,SETTLE_PLATE_TSA,0,11,11,11.0,CFU/plate,0,100,50.0,T,A,dpatel,2025-10-01T12:00:00,mrodriguez,2025-10-02T07:00:00,T
901497,501497,VIABLE_AIR_USP,0,28,28,28.0,CFU/m3,0,400,200.0,T,A,skwon,2025-09-24T09:00:00,mrodriguez,2025-09-25T02:00:00,T
901498,501498,SETTLE_PLATE_TSA,0,0,0,0.0,CFU/plate,0,1,1.0,T,A,jchen,2025-09-26T13:00:00,anguyen,2025-09-26T22:00:00,T
901499,501499,VIABLE_AIR_USP,0,0,0,0.0,CFU/m3,0,1,1.0,T,A,mrodriguez,2025-09-25T12:00:00,mrodriguez,2025-09-26T17:00:00,T
901500,501500,SETTLE_PLATE_TSA,0,0,0,0.0,CFU/plate,0,5,3.0,T,A,tolawale,2025-10-01T14:00:00,jchen,2025-10-02T07:00:00,T
901501,501501,VIABLE_AIR_USP,0,2,2,2.0,CFU/m3,0,20,10.0,T,A,tolawale,2025-09-25T15:00:00,jchen,2025-09-26T08:00:00,T
901502,501502,SETTLE_PLATE_TSA,0,2,2,2.0,CFU/plate,0,50,25.0,T,A,dpatel,2025-09-26T12:00:00,jchen,2025-09-27T15:00:00,T
901503,501503,VIABLE_AIR_USP,0,11,11,11.0,CFU/m3,0,200,100.0,T,A,anguyen,2025-09-25T10:00:00,tolawale,2025-09-25T23:00:00,T
901504,501504,SETTLE_PLATE_TSA,0,6,6,6.0,CFU/plate,0,100,50.0,T,A,mrodriguez,2025-09-26T10:00:00,skwon,2025-09-27T02:00:00,T
901505,501505,VIABLE_AIR_USP,0,26,26,26.0,CFU/m3,0,400,200.0,T,A,dpatel,2025-09-26T13:00:00,tolawale,2025-09-27T16:00:00,T
901506,501506,SETTLE_PLATE_TSA,0,0,0,0.0,CFU/plate,0,1,1.0,T,A,jchen,2025-09-26T18:00:00,mrodriguez,2025-09-27T05:00:00,T
901507,501507,VIABLE_AIR_USP,0,0,0,0.0,CFU/m3,0,1,1.0,T,A,dpatel,2025-09-27T12:00:00,dpatel,2025-09-28T08:00:00,T
901508,501508,SETTLE_PLATE_TSA,0,0,0,0.0,CFU/plate,0,5,3.0,T,A,mrodriguez,2025-09-26T10:00:00,skwon,2025-09-27T07:00:00,T
901509,501509,VIABLE_AIR_USP,0,1,1,1.0,CFU/m3,0,20,10.0,T,A,jchen,2025-09-27T09:00:00,dpatel,2025-09-28T05:00:00,T
901510,501510,SETTLE_PLATE_TSA,0,5,5,5.0,CFU/plate,0,50,25.0,T,A,skwon,2025-09-26T15:00:00,anguyen,2025-09-27T13:00:00,T
901511,501511,VIABLE_AIR_USP,0,14,14,14.0,CFU/m3,0,200,100.0,T,A,anguyen,2025-09-27T10:00:00,skwon,2025-09-28T15:00:00,T
901512,501512,SETTLE_PLATE_TSA,0,5,5,5.0,CFU/plate,0,100,50.0,T,A,tolawale,2025-09-27T09:00:00,mrodriguez,2025-09-27T20:00:00,T
901513,501513,VIABLE_AIR_USP,0,22,22,22.0,CFU/m3,0,400,200.0,T,A,tolawale,2025-09-26T15:00:00,anguyen,2025-09-27T08:00:00,T
901514,501514,SETTLE_PLATE_TSA,0,0,0,0.0,CFU/plate,0,1,1.0,T,A,mrodriguez,2025-09-28T10:00:00,jchen,2025-09-29T00:00:00,T
901515,501515,VIABLE_AIR_USP,0,0,0,0.0,CFU/m3,0,1,1.0,T,A,jchen,2025-09-27T10:00:00,anguyen,2025-09-28T02:00:00,T
901516,501516,SETTLE_PLATE_TSA,0,1,1,1.0,CFU/plate,0,5,3.0,T,A,tolawale,2025-09-27T10:00:00,skwon,2025-09-28T10:00:00,T
901517,501517,VIABLE_AIR_USP,0,1,1,1.0,CFU/m3,0,20,10.0,T,A,dpatel,2025-09-27T13:00:00,mrodriguez,2025-09-28T14:00:00,T
901518,501518,SETTLE_PLATE_TSA,0,5,5,5.0,CFU/plate,0,50,25.0,T,A,mrodriguez,2025-09-28T14:00:00,jchen,2025-09-28T19:00:00,T
901519,501519,VIABLE_AIR_USP,0,13,13,13.0,CFU/m3,0,200,100.0,T,A,mrodriguez,2025-09-28T07:00:00,jchen,2025-09-29T00:00:00,T
901520,501520,SETTLE_PLATE_TSA,0,8,8,8.0,CFU/plate,0,100,50.0,T,A,skwon,2025-09-27T16:00:00,tolawale,2025-09-28T21:00:00,T
901521,501521,VIABLE_AIR_USP,0,21,21,21.0,CFU/m3,0,400,200.0,T,A,anguyen,2025-09-28T07:00:00,anguyen,2025-09-28T17:00:00,T
901522,501522,SETTLE_PLATE_TSA,0,0,0,0.0,CFU/plate,0,1,1.0,T,A,dpatel,2025-09-29T11:00:00,mrodriguez,2025-09-29T21:00:00,T
901523,501523,VIABLE_AIR_USP,0,0,0,0.0,CFU/m3,0,1,1.0,T,A,anguyen,2025-09-29T11:00:00,skwon,2025-09-30T13:00:00,T
901524,501524,SETTLE_PLATE_TSA,0,0,0,0.0,CFU/plate,0,5,3.0,T,A,skwon,2025-09-28T15:00:00,jchen,2025-09-29T14:00:00,T
901525,501525,VIABLE_AIR_USP,0,1,1,1.0,CFU/m3,0,20,10.0,T,A,dpatel,2025-09-28T12:00:00,mrodriguez,2025-09-29T14:00:00,T
901526,501526,SETTLE_PLATE_TSA,0,1,1,1.0,CFU/plate,0,50,25.0,T,A,dpatel,2025-09-29T09:00:00,anguyen,2025-09-30T08:00:00,T
901527,501527,VIABLE_AIR_USP,0,13,13,13.0,CFU/m3,0,200,100.0,T,A,dpatel,2025-09-29T09:00:00,anguyen,2025-09-30T14:00:00,T
901528,501528,SETTLE_PLATE_TSA,0,3,3,3.0,CFU/plate,0,100,50.0,T,A,skwon,2025-09-29T14:00:00,skwon,2025-09-29T23:00:00,T
901529,501529,VIABLE_AIR_USP,0,27,27,27.0,CFU/m3,0,400,200.0,T,A,dpatel,2025-09-29T13:00:00,dpatel,2025-09-30T17:00:00,T
901530,501530,SETTLE_PLATE_TSA,0,0,0,0.0,CFU/plate,0,1,1.0,T,A,skwon,2025-09-29T16:00:00,dpatel,2025-09-29T19:00:00,T
901531,501531,VIABLE_AIR_USP,0,0,0,0.0,CFU/m3,0,1,1.0,T,A,skwon,2025-09-29T10:00:00,tolawale,2025-09-29T18:00:00,T
901532,501532,SETTLE_PLATE_TSA,0,0,0,0.0,CFU/plate,0,5,3.0,T,A,dpatel,2025-09-30T11:00:00,tolawale,2025-10-01T06:00:00,T
901533,501533,VIABLE_AIR_USP,0,0,0,0.0,CFU/m3,0,20,10.0,T,A,anguyen,2025-09-30T08:00:00,mrodriguez,2025-09-30T12:00:00,T
901534,501534,SETTLE_PLATE_TSA,0,8,8,8.0,CFU/plate,0,50,25.0,T,A,skwon,2025-09-29T16:00:00,skwon,2025-09-30T16:00:00,T
901535,501535,VIABLE_AIR_USP,0,17,17,17.0,CFU/m3,0,200,100.0,T,A,anguyen,2025-09-29T10:00:00,dpatel,2025-09-30T08:00:00,T
901536,501536,SETTLE_PLATE_TSA,0,4,4,4.0,CFU/plate,0,100,50.0,T,A,jchen,2025-09-29T13:00:00,skwon,2025-09-30T15:00:00,T
901537,501537,VIABLE_AIR_USP,0,31,31,31.0,CFU/m3,0,400,200.0,T,A,anguyen,2025-09-29T15:00:00,mrodriguez,2025-09-29T19:00:00,T
901538,501538,BIOBURDEN_USP61,0,2,2,2.0,CFU/device,0,100,50.0,T,A,dpatel,2025-10-01T10:00:00,jchen,2025-10-01T12:00:00,T
901539,501539,LAL_KINETIC,0,0.1,0.1,0.1,EU/device,0,20,10.0,T,A,dpatel,2025-09-30T08:00:00,dpatel,2025-09-30T16:00:00,T
901540,501540,BIOBURDEN_USP61,0,5,5,5.0,CFU/device,0,100,50.0,T,A,dpatel,2025-09-29T08:00:00,anguyen,2025-09-29T18:00:00,T
901541,501541,LAL_KINETIC,0,1.83,1.83,1.83,EU/device,0,20,10.0,T,A,mrodriguez,2025-09-29T06:00:00,skwon,2025-09-29T21:00:00,T
901542,501542,BIOBURDEN_USP61,0,5,5,5.0,CFU/device,0,100,50.0,T,A,jchen,2025-10-01T10:00:00,anguyen,2025-10-01T23:00:00,T
901543,501543,LAL_KINETIC,0,0.8,0.8,0.8,EU/device,0,20,10.0,T,A,jchen,2025-10-01T09:00:00,skwon,2025-10-01T21:00:00,T
901544,501544,BIOBURDEN_USP61,0,2,2,2.0,CFU/device,0,100,50.0,T,A,tolawale,2025-09-29T06:00:00,anguyen,2025-09-30T02:00:00,T
901545,501545,LAL_KINETIC,0,2.03,2.03,2.03,EU/device,0,20,10.0,T,A,anguyen,2025-09-29T06:00:00,anguyen,2025-09-30T00:00:00,T
901546,501546,SETTLE_PLATE_TSA,0,0,0,0.0,CFU/plate,0,1,1.0,T,A,jchen,2025-10-01T11:00:00,tolawale,2025-10-02T03:00:00,T
901547,501547,VIABLE_AIR_USP,0,0,0,0.0,CFU/m3,0,1,1.0,T,A,jchen,2025-10-01T15:00:00,tolawale,2025-10-02T09:00:00,T
901548,501548,SETTLE_PLATE_TSA,0,2,2,2.0,CFU/plate,0,5,3.0,T,A,skwon,2025-09-30T12:00:00,mrodriguez,2025-09-30T14:00:00,T
901549,501549,VIABLE_AIR_USP,0,1,1,1.0,CFU/m3,0,20,10.0,T,A,dpatel,2025-10-01T15:00:00,tolawale,2025-10-02T07:00:00,T
901550,501550,SETTLE_PLATE_TSA,0,4,4,4.0,CFU/plate,0,50,25.0,T,A,tolawale,2025-09-30T11:00:00,mrodriguez,2025-10-01T13:00:00,T
901551,501551,VIABLE_AIR_USP,0,10,10,10.0,CFU/m3,0,200,100.0,T,A,jchen,2025-09-30T08:00:00,jchen,2025-10-01T03:00:00,T
901552,501552,SETTLE_PLATE_TSA,0,9,9,9.0,CFU/plate,0,100,50.0,T,A,tolawale,2025-10-01T09:00:00,mrodriguez,2025-10-02T00:00:00,T
901553,501553,VIABLE_AIR_USP,0,31,31,31.0,CFU/m3,0,400,200.0,T,A,dpatel,2025-10-06T08:00:00,jchen,2025-10-07T12:00:00,T
901554,501554,SETTLE_PLATE_TSA,0,0,0,0.0,CFU/plate,0,1,1.0,T,A,skwon,2025-10-07T13:00:00,skwon,2025-10-07T21:00:00,T
901555,501555,VIABLE_AIR_USP,0,0,0,0.0,CFU/m3,0,1,1.0,T,A,jchen,2025-10-01T08:00:00,jchen,2025-10-02T10:00:00,T
901556,501556,SETTLE_PLATE_TSA,0,0,0,0.0,CFU/plate,0,5,3.0,T,A,dpatel,2025-10-02T16:00:00,jchen,2025-10-03T00:00:00,T
901557,501557,VIABLE_AIR_USP,0,0,0,0.0,CFU/m3,0,20,10.0,T,A,skwon,2025-10-01T15:00:00,skwon,2025-10-01T17:00:00,T
901558,501558,SETTLE_PLATE_TSA,0,1,1,1.0,CFU/plate,0,50,25.0,T,A,dpatel,2025-10-02T07:00:00,dpatel,2025-10-02T22:00:00,T
901559,501559,VIABLE_AIR_USP,0,9,9,9.0,CFU/m3,0,200,100.0,T,A,tolawale,2025-10-02T13:00:00,tolawale,2025-10-02T15:00:00,T
901560,501560,SETTLE_PLATE_TSA,0,6,6,6.0,CFU/plate,0,100,50.0,T,A,mrodriguez,2025-10-01T06:00:00,mrodriguez,2025-10-01T12:00:00,T
901561,501561,VIABLE_AIR_USP,0,29,29,29.0,CFU/m3,0,400,200.0,T,A,jchen,2025-10-01T13:00:00,skwon,2025-10-02T02:00:00,T
901562,501562,SETTLE_PLATE_TSA,0,1,1,1.0,CFU/plate,0,1,1.0,F,A,mrodriguez,2025-10-02T09:00:00,mrodriguez,2025-10-02T22:00:00,T
901563,501563,VIABLE_AIR_USP,0,0,0,0.0,CFU/m3,0,1,1.0,T,A,dpatel,2025-10-02T08:00:00,skwon,2025-10-02T20:00:00,T
901564,501564,SETTLE_PLATE_TSA,0,0,0,0.0,CFU/plate,0,5,3.0,T,A,jchen,2025-10-02T11:00:00,dpatel,2025-10-02T16:00:00,T
901565,501565,VIABLE_AIR_USP,0,2,2,2.0,CFU/m3,0,20,10.0,T,A,skwon,2025-10-02T13:00:00,anguyen,2025-10-03T05:00:00,T
901566,501566,SETTLE_PLATE_TSA,0,3,3,3.0,CFU/plate,0,50,25.0,T,A,dpatel,2025-10-03T08:00:00,anguyen,2025-10-03T20:00:00,T
901567,501567,VIABLE_AIR_USP,0,9,9,9.0,CFU/m3,0,200,100.0,T,A,tolawale,2025-10-03T17:00:00,mrodriguez,2025-10-04T18:00:00,T
901568,501568,SETTLE_PLATE_TSA,0,11,11,11.0,CFU/plate,0,100,50.0,T,A,mrodriguez,2025-10-02T13:00:00,jchen,2025-10-03T00:00:00,T
901569,501569,VIABLE_AIR_USP,0,19,19,19.0,CFU/m3,0,400,200.0,T,A,mrodriguez,2025-10-03T13:00:00,tolawale,2025-10-04T13:00:00,T
901570,501570,SETTLE_PLATE_TSA,0,0,0,0.0,CFU/plate,0,1,1.0,T,A,dpatel,2025-10-03T15:00:00,tolawale,2025-10-04T06:00:00,T
901571,501571,VIABLE_AIR_USP,0,0,0,0.0,CFU/m3,0,1,1.0,T,A,tolawale,2025-10-04T06:00:00,mrodriguez,2025-10-05T09:00:00,T
901572,501572,SETTLE_PLATE_TSA,0,0,0,0.0,CFU/plate,0,5,3.0,T,A,mrodriguez,2025-10-04T06:00:00,skwon,2025-10-05T02:00:00,T
901573,501573,VIABLE_AIR_USP,0,1,1,1.0,CFU/m3,0,20,10.0,T,A,tolawale,2025-10-04T14:00:00,anguyen,2025-10-04T22:00:00,T
901574,501574,SETTLE_PLATE_TSA,0,4,4,4.0,CFU/plate,0,50,25.0,T,A,tolawale,2025-10-04T11:00:00,dpatel,2025-10-05T17:00:00,T
901575,501575,VIABLE_AIR_USP,0,17,17,17.0,CFU/m3,0,200,100.0,T,A,anguyen,2025-10-03T14:00:00,dpatel,2025-10-04T16:00:00,T
901576,501576,SETTLE_PLATE_TSA,0,6,6,6.0,CFU/plate,0,100,50.0,T,A,tolawale,2025-10-10T11:00:00,skwon,2025-10-10T16:00:00,T
901577,501577,VIABLE_AIR_USP,0,25,25,25.0,CFU/m3,0,400,200.0,T,A,anguyen,2025-10-03T11:00:00,skwon,2025-10-03T22:00:00,T
901578,501578,SETTLE_PLATE_TSA,0,0,0,0.0,CFU/plate,0,1,1.0,T,A,mrodriguez,2025-10-04T12:00:00,mrodriguez,2025-10-05T16:00:00,T
901579,501579,VIABLE_AIR_USP,0,0,0,0.0,CFU/m3,0,1,1.0,T,A,tolawale,2025-10-04T15:00:00,anguyen,2025-10-05T09:00:00,T
901580,501580,SETTLE_PLATE_TSA,0,0,0,0.0,CFU/plate,0,5,3.0,T,A,mrodriguez,2025-10-04T12:00:00,anguyen,2025-10-05T10:00:00,T
901581,501581,VIABLE_AIR_USP,0,0,0,0.0,CFU/m3,0,20,10.0,T,A,anguyen,2025-10-05T10:00:00,skwon,2025-10-05T20:00:00,T
901582,501582,SETTLE_PLATE_TSA,0,1,1,1.0,CFU/plate,0,50,25.0,T,A,skwon,2025-10-04T13:00:00,dpatel,2025-10-04T15:00:00,T
901583,501583,VIABLE_AIR_USP,0,11,11,11.0,CFU/m3,0,200,100.0,T,A,mrodriguez,2025-10-04T08:00:00,mrodriguez,2025-10-05T10:00:00,T
901584,501584,SETTLE_PLATE_TSA,0,10,10,10.0,CFU/plate,0,100,50.0,T,A,skwon,2025-10-05T13:00:00,mrodriguez,2025-10-06T09:00:00,T
901585,501585,VIABLE_AIR_USP,0,27,27,27.0,CFU/m3,0,400,200.0,T,A,mrodriguez,2025-10-05T08:00:00,jchen,2025-10-06T14:00:00,T
901586,501586,SETTLE_PLATE_TSA,0,0,0,0.0,CFU/plate,0,1,1.0,T,A,mrodriguez,2025-10-06T12:00:00,jchen,2025-10-06T14:00:00,T
901587,501587,VIABLE_AIR_USP,0,0,0,0.0,CFU/m3,0,1,1.0,T,A,jchen,2025-10-06T13:00:00,dpatel,2025-10-07T12:00:00,T
901588,501588,SETTLE_PLATE_TSA,0,0,0,0.0,CFU/plate,0,5,3.0,T,A,skwon,2025-10-06T14:00:00,dpatel,2025-10-06T17:00:00,T
901589,501589,VIABLE_AIR_USP,0,0,0,0.0,CFU/m3,0,20,10.0,T,A,skwon,2025-10-06T13:00:00,jchen,2025-10-06T22:00:00,T
901590,501590,SETTLE_PLATE_TSA,0,4,4,4.0,CFU/plate,0,50,25.0,T,A,anguyen,2025-10-05T17:00:00,skwon,2025-10-06T21:00:00,T
901591,501591,VIABLE_AIR_USP,0,13,13,13.0,CFU/m3,0,200,100.0,T,A,dpatel,2025-10-06T10:00:00,dpatel,2025-10-07T08:00:00,T
901592,501592,SETTLE_PLATE_TSA,0,9,9,9.0,CFU/plate,0,100,50.0,T,A,jchen,2025-10-11T11:00:00,mrodriguez,2025-10-12T07:00:00,T
901593,501593,VIABLE_AIR_USP,0,16,16,16.0,CFU/m3,0,400,200.0,T,A,jchen,2025-10-06T16:00:00,skwon,2025-10-07T13:00:00,T
901594,501594,SETTLE_PLATE_TSA,0,0,0,0.0,CFU/plate,0,1,1.0,T,A,jchen,2025-10-06T10:00:00,dpatel,2025-10-06T15:00:00,T
901595,501595,VIABLE_AIR_USP,0,0,0,0.0,CFU/m3,0,1,1.0,T,A,skwon,2025-10-06T15:00:00,skwon,2025-10-07T13:00:00,T
901596,501596,SETTLE_PLATE_TSA,0,1,1,1.0,CFU/plate,0,5,3.0,T,A,skwon,2025-10-07T06:00:00,mrodriguez,2025-10-07T14:00:00,T
901597,501597,VIABLE_AIR_USP,0,0,0,0.0,CFU/m3,0,20,10.0,T,A,jchen,2025-10-07T08:00:00,dpatel,2025-10-08T09:00:00,T
901598,501598,SETTLE_PLATE_TSA,0,3,3,3.0,CFU/plate,0,50,25.0,T,A,dpatel,2025-10-06T12:00:00,dpatel,2025-10-07T04:00:00,T
901599,501599,VIABLE_AIR_USP,0,6,6,6.0,CFU/m3,0,200,100.0,T,A,mrodriguez,2025-10-07T14:00:00,mrodriguez,2025-10-08T16:00:00,T
901600,501600,SETTLE_PLATE_TSA,0,8,8,8.0,CFU/plate,0,100,50.0,T,A,dpatel,2025-10-06T13:00:00,jchen,2025-10-07T17:00:00,T
901601,501601,VIABLE_AIR_USP,0,30,30,30.0,CFU/m3,0,400,200.0,T,A,tolawale,2025-10-07T08:00:00,mrodriguez,2025-10-08T10:00:00,T
901602,501602,BIOBURDEN_USP61,0,6,6,6.0,CFU/device,0,100,50.0,T,A,skwon,2025-10-07T08:00:00,dpatel,2025-10-07T15:00:00,T
901603,501603,LAL_KINETIC,0,0.25,0.25,0.25,EU/device,0,20,10.0,T,A,jchen,2025-10-06T06:00:00,anguyen,2025-10-07T02:00:00,T
901604,501604,BIOBURDEN_USP61,0,0,0,0.0,CFU/device,0,100,50.0,T,A,anguyen,2025-10-08T08:00:00,anguyen,2025-10-08T15:00:00,T
901605,501605,LAL_KINETIC,0,0.25,0.25,0.25,EU/device,0,20,10.0,T,A,mrodriguez,2025-10-06T06:00:00,anguyen,2025-10-06T10:00:00,T
901606,501606,BIOBURDEN_USP61,0,4,4,4.0,CFU/device,0,100,50.0,T,A,dpatel,2025-10-06T09:00:00,dpatel,2025-10-06T21:00:00,T
901607,501607,LAL_KINETIC,0,0.65,0.65,0.65,EU/device,0,20,10.0,T,A,mrodriguez,2025-10-07T09:00:00,dpatel,2025-10-07T14:00:00,T
901608,501608,BIOBURDEN_USP61,0,2,2,2.0,CFU/device,0,100,50.0,T,A,mrodriguez,2025-10-07T08:00:00,anguyen,2025-10-07T11:00:00,T
901609,501609,LAL_KINETIC,0,0.59,0.59,0.59,EU/device,0,20,10.0,T,A,tolawale,2025-10-07T07:00:00,mrodriguez,2025-10-07T09:00:00,T
901610,501610,BIOBURDEN_USP61,0,9,9,9.0,CFU/device,0,100,50.0,T,A,mrodriguez,2025-10-07T07:00:00,jchen,2025-10-07T15:00:00,T
901611,501611,LAL_KINETIC,0,0.31,0.31,0.31,EU/device,0,20,10.0,T,A,mrodriguez,2025-10-06T08:00:00,skwon,2025-10-07T01:00:00,T
901612,501612,SETTLE_PLATE_TSA,0,0,0,0.0,CFU/plate,0,1,1.0,T,A,skwon,2025-10-08T13:00:00,tolawale,2025-10-09T14:00:00,T
901613,501613,VIABLE_AIR_USP,0,0,0,0.0,CFU/m3,0,1,1.0,T,A,dpatel,2025-10-08T11:00:00,dpatel,2025-10-08T23:00:00,T
901614,501614,SETTLE_PLATE_TSA,0,0,0,0.0,CFU/plate,0,5,3.0,T,A,dpatel,2025-10-07T15:00:00,jchen,2025-10-08T11:00:00,T
901615,501615,VIABLE_AIR_USP,0,1,1,1.0,CFU/m3,0,20,10.0,T,A,tolawale,2025-10-08T11:00:00,mrodriguez,2025-10-09T14:00:00,T
901616,501616,SETTLE_PLATE_TSA,0,1,1,1.0,CFU/plate,0,50,25.0,T,A,mrodriguez,2025-10-07T17:00:00,skwon,2025-10-08T14:00:00,T
901617,501617,VIABLE_AIR_USP,0,17,17,17.0,CFU/m3,0,200,100.0,T,A,mrodriguez,2025-10-13T14:00:00,dpatel,2025-10-14T12:00:00,T
901618,501618,SETTLE_PLATE_TSA,0,5,5,5.0,CFU/plate,0,100,50.0,T,A,tolawale,2025-10-08T10:00:00,jchen,2025-10-09T16:00:00,T
901619,501619,VIABLE_AIR_USP,0,20,20,20.0,CFU/m3,0,400,200.0,T,A,skwon,2025-10-07T15:00:00,skwon,2025-10-07T23:00:00,T
901620,501620,SETTLE_PLATE_TSA,0,0,0,0.0,CFU/plate,0,1,1.0,T,A,dpatel,2025-10-09T10:00:00,tolawale,2025-10-10T12:00:00,T
901621,501621,VIABLE_AIR_USP,0,0,0,0.0,CFU/m3,0,1,1.0,T,A,anguyen,2025-10-13T07:00:00,anguyen,2025-10-14T09:00:00,T
901622,501622,SETTLE_PLATE_TSA,0,0,0,0.0,CFU/plate,0,5,3.0,T,A,tolawale,2025-10-08T09:00:00,skwon,2025-10-08T11:00:00,T
901623,501623,VIABLE_AIR_USP,0,3,3,3.0,CFU/m3,0,20,10.0,T,A,jchen,2025-10-09T14:00:00,skwon,2025-10-10T17:00:00,T
901624,501624,SETTLE_PLATE_TSA,0,6,6,6.0,CFU/plate,0,50,25.0,T,A,mrodriguez,2025-10-09T10:00:00,dpatel,2025-10-10T10:00:00,T
901625,501625,VIABLE_AIR_USP,0,12,12,12.0,CFU/m3,0,200,100.0,T,A,dpatel,2025-10-08T12:00:00,jchen,2025-10-09T10:00:00,T
901626,501626,SETTLE_PLATE_TSA,0,6,6,6.0,CFU/plate,0,100,50.0,T,A,dpatel,2025-10-15T10:00:00,tolawale,2025-10-16T05:00:00,T
901627,501627,VIABLE_AIR_USP,0,20,20,20.0,CFU/m3,0,400,200.0,T,A,jchen,2025-10-08T07:00:00,dpatel,2025-10-08T19:00:00,T
901628,501628,SETTLE_PLATE_TSA,0,1,1,1.0,CFU/plate,0,1,1.0,F,A,dpatel,2025-10-09T13:00:00,skwon,2025-10-10T11:00:00,T
901629,501629,VIABLE_AIR_USP,0,0,0,0.0,CFU/m3,0,1,1.0,T,A,tolawale,2025-10-10T08:00:00,tolawale,2025-10-11T14:00:00,T
901630,501630,SETTLE_PLATE_TSA,0,1,1,1.0,CFU/plate,0,5,3.0,T,A,mrodriguez,2025-10-10T10:00:00,anguyen,2025-10-11T07:00:00,T
901631,501631,VIABLE_AIR_USP,0,3,3,3.0,CFU/m3,0,20,10.0,T,A,dpatel,2025-10-09T11:00:00,anguyen,2025-10-10T10:00:00,T
901632,501632,SETTLE_PLATE_TSA,0,5,5,5.0,CFU/plate,0,50,25.0,T,A,mrodriguez,2025-10-10T16:00:00,skwon,2025-10-11T15:00:00,T
901633,501633,VIABLE_AIR_USP,0,12,12,12.0,CFU/m3,0,200,100.0,T,A,tolawale,2025-10-10T09:00:00,mrodriguez,2025-10-10T22:00:00,T
901634,501634,SETTLE_PLATE_TSA,0,15,15,15.0,CFU/plate,0,100,50.0,T,A,skwon,2025-10-12T14:00:00,tolawale,2025-10-13T17:00:00,T
901635,501635,VIABLE_AIR_USP,0,26,26,26.0,CFU/m3,0,400,200.0,T,A,jchen,2025-10-09T15:00:00,anguyen,2025-10-10T09:00:00,T
901636,501636,SETTLE_PLATE_TSA,0,0,0,0.0,CFU/plate,0,1,1.0,T,A,anguyen,2025-10-11T14:00:00,mrodriguez,2025-10-11T20:00:00,T
901637,501637,VIABLE_AIR_USP,0,0,0,0.0,CFU/m3,0,1,1.0,T,A,skwon,2025-10-10T16:00:00,jchen,2025-10-10T18:00:00,T
901638,501638,SETTLE_PLATE_TSA,0,0,0,0.0,CFU/plate,0,5,3.0,T,A,skwon,2025-10-11T10:00:00,mrodriguez,2025-10-12T04:00:00,T
901639,501639,VIABLE_AIR_USP,0,1,1,1.0,CFU/m3,0,20,10.0,T,A,anguyen,2025-10-10T13:00:00,anguyen,2025-10-11T14:00:00,T
901640,501640,SETTLE_PLATE_TSA,0,3,3,3.0,CFU/plate,0,50,25.0,T,A,mrodriguez,2025-10-10T15:00:00,anguyen,2025-10-11T16:00:00,T
901641,501641,VIABLE_AIR_USP,0,11,11,11.0,CFU/m3,0,200,100.0,T,A,dpatel,2025-10-10T13:00:00,mrodriguez,2025-10-10T18:00:00,T
901642,501642,SETTLE_PLATE_TSA,0,6,6,6.0,CFU/plate,0,100,50.0,T,A,tolawale,2025-10-10T06:00:00,mrodriguez,2025-10-10T09:00:00,T
901643,501643,VIABLE_AIR_USP,0,20,20,20.0,CFU/m3,0,400,200.0,T,A,dpatel,2025-10-14T11:00:00,mrodriguez,2025-10-14T18:00:00,T
901644,501644,SETTLE_PLATE_TSA,0,0,0,0.0,CFU/plate,0,1,1.0,T,A,mrodriguez,2025-10-11T10:00:00,tolawale,2025-10-12T16:00:00,T
901645,501645,VIABLE_AIR_USP,0,0,0,0.0,CFU/m3,0,1,1.0,T,A,mrodriguez,2025-10-12T14:00:00,skwon,2025-10-13T14:00:00,T
901646,501646,SETTLE_PLATE_TSA,0,0,0,0.0,CFU/plate,0,5,3.0,T,A,mrodriguez,2025-10-12T12:00:00,tolawale,2025-10-13T09:00:00,T
901647,501647,VIABLE_AIR_USP,0,0,0,0.0,CFU/m3,0,20,10.0,T,A,tolawale,2025-10-11T09:00:00,jchen,2025-10-11T13:00:00,T
901648,501648,SETTLE_PLATE_TSA,0,2,2,2.0,CFU/plate,0,50,25.0,T,A,mrodriguez,2025-10-11T10:00:00,tolawale,2025-10-12T09:00:00,T
901649,501649,VIABLE_AIR_USP,0,13,13,13.0,CFU/m3,0,200,100.0,T,A,dpatel,2025-10-12T11:00:00,skwon,2025-10-13T13:00:00,T
901650,501650,SETTLE_PLATE_TSA,0,4,4,4.0,CFU/plate,0,100,50.0,T,A,anguyen,2025-10-11T08:00:00,skwon,2025-10-12T02:00:00,T
901651,501651,VIABLE_AIR_USP,0,31,31,31.0,CFU/m3,0,400,200.0,T,A,mrodriguez,2025-10-17T08:00:00,jchen,2025-10-17T12:00:00,T
901652,501652,SETTLE_PLATE_TSA,0,0,0,0.0,CFU/plate,0,1,1.0,T,A,skwon,2025-10-13T08:00:00,mrodriguez,2025-10-14T07:00:00,T
901653,501653,VIABLE_AIR_USP,0,0,0,0.0,CFU/m3,0,1,1.0,T,A,jchen,2025-10-12T13:00:00,mrodriguez,2025-10-13T18:00:00,T
901654,501654,SETTLE_PLATE_TSA,0,0,0,0.0,CFU/plate,0,5,3.0,T,A,skwon,2025-10-13T14:00:00,mrodriguez,2025-10-13T18:00:00,T
901655,501655,VIABLE_AIR_USP,0,1,1,1.0,CFU/m3,0,20,10.0,T,A,tolawale,2025-10-12T15:00:00,anguyen,2025-10-12T19:00:00,T
901656,501656,SETTLE_PLATE_TSA,0,0,0,0.0,CFU/plate,0,50,25.0,T,A,mrodriguez,2025-10-13T07:00:00,jchen,2025-10-13T12:00:00,T
901657,501657,VIABLE_AIR_USP,0,12,12,12.0,CFU/m3,0,200,100.0,T,A,jchen,2025-10-12T15:00:00,mrodriguez,2025-10-13T04:00:00,T
901658,501658,SETTLE_PLATE_TSA,0,4,4,4.0,CFU/plate,0,100,50.0,T,A,skwon,2025-10-15T12:00:00,jchen,2025-10-16T14:00:00,T
901659,501659,VIABLE_AIR_USP,0,31,31,31.0,CFU/m3,0,400,200.0,T,A,anguyen,2025-10-12T13:00:00,skwon,2025-10-13T09:00:00,T
901660,501660,SETTLE_PLATE_TSA,0,0,0,0.0,CFU/plate,0,1,1.0,T,A,skwon,2025-10-13T16:00:00,dpatel,2025-10-14T13:00:00,T
901661,501661,VIABLE_AIR_USP,0,0,0,0.0,CFU/m3,0,1,1.0,T,A,skwon,2025-10-13T16:00:00,mrodriguez,2025-10-14T11:00:00,T
901662,501662,SETTLE_PLATE_TSA,0,0,0,0.0,CFU/plate,0,5,3.0,T,A,skwon,2025-10-13T12:00:00,skwon,2025-10-14T13:00:00,T
901663,501663,VIABLE_AIR_USP,0,2,2,2.0,CFU/m3,0,20,10.0,T,A,jchen,2025-10-13T13:00:00,dpatel,2025-10-13T19:00:00,T
901664,501664,SETTLE_PLATE_TSA,0,4,4,4.0,CFU/plate,0,50,25.0,T,A,skwon,2025-10-14T16:00:00,dpatel,2025-10-15T06:00:00,T
901665,501665,VIABLE_AIR_USP,0,16,16,16.0,CFU/m3,0,200,100.0,T,A,mrodriguez,2025-10-13T12:00:00,mrodriguez,2025-10-13T20:00:00,T
901666,501666,SETTLE_PLATE_TSA,0,5,5,5.0,CFU/plate,0,100,50.0,T,A,anguyen,2025-10-14T14:00:00,mrodriguez,2025-10-15T12:00:00,T
901667,501667,VIABLE_AIR_USP,0,15,15,15.0,CFU/m3,0,400,200.0,T,A,jchen,2025-10-14T13:00:00,skwon,2025-10-15T19:00:00,T
901668,501668,BIOBURDEN_USP61,0,5,5,5.0,CFU/device,0,100,50.0,T,A,mrodriguez,2025-10-15T10:00:00,skwon,2025-10-16T00:00:00,T
901669,501669,LAL_KINETIC,0,1.19,1.19,1.19,EU/device,0,20,10.0,T,A,skwon,2025-10-13T07:00:00,anguyen,2025-10-13T15:00:00,T
901670,501670,BIOBURDEN_USP61,0,1,1,1.0,CFU/device,0,100,50.0,T,A,mrodriguez,2025-10-15T10:00:00,mrodriguez,2025-10-16T00:00:00,T
901671,501671,LAL_KINETIC,0,0.44,0.44,0.44,EU/device,0,20,10.0,T,A,skwon,2025-10-14T07:00:00,tolawale,2025-10-14T23:00:00,T
901672,501672,SETTLE_PLATE_TSA,0,0,0,0.0,CFU/plate,0,1,1.0,T,A,anguyen,2025-10-14T11:00:00,jchen,2025-10-15T14:00:00,T
901673,501673,VIABLE_AIR_USP,0,0,0,0.0,CFU/m3,0,1,1.0,T,A,dpatel,2025-10-15T11:00:00,mrodriguez,2025-10-15T19:00:00,T
901674,501674,SETTLE_PLATE_TSA,0,0,0,0.0,CFU/plate,0,5,3.0,T,A,dpatel,2025-10-15T13:00:00,tolawale,2025-10-16T06:00:00,T
901675,501675,VIABLE_AIR_USP,0,1,1,1.0,CFU/m3,0,20,10.0,T,A,jchen,2025-10-14T10:00:00,jchen,2025-10-14T17:00:00,T
901676,501676,SETTLE_PLATE_TSA,0,6,6,6.0,CFU/plate,0,50,25.0,T,A,mrodriguez,2025-10-15T13:00:00,jchen,2025-10-16T13:00:00,T
901677,501677,VIABLE_AIR_USP,0,5,5,5.0,CFU/m3,0,200,100.0,T,A,skwon,2025-10-14T09:00:00,skwon,2025-10-15T15:00:00,T
901678,501678,SETTLE_PLATE_TSA,0,7,7,7.0,CFU/plate,0,100,50.0,T,A,anguyen,2025-10-15T13:00:00,mrodriguez,2025-10-16T09:00:00,T
901679,501679,VIABLE_AIR_USP,0,23,23,23.0,CFU/m3,0,400,200.0,T,A,skwon,2025-10-15T11:00:00,jchen,2025-10-15T15:00:00,T
901680,501680,SETTLE_PLATE_TSA,0,0,0,0.0,CFU/plate,0,1,1.0,T,A,tolawale,2025-10-15T09:00:00,mrodriguez,2025-10-16T12:00:00,T
901681,501681,VIABLE_AIR_USP,0,0,0,0.0,CFU/m3,0,1,1.0,T,A,dpatel,2025-10-15T13:00:00,jchen,2025-10-16T10:00:00,T
901682,501682,SETTLE_PLATE_TSA,0,0,0,0.0,CFU/plate,0,5,3.0,T,A,mrodriguez,2025-10-16T12:00:00,anguyen,2025-10-17T06:00:00,T
901683,501683,VIABLE_AIR_USP,0,0,0,0.0,CFU/m3,0,20,10.0,T,A,skwon,2025-10-15T06:00:00,tolawale,2025-10-16T04:00:00,T
901684,501684,SETTLE_PLATE_TSA,0,3,3,3.0,CFU/plate,0,50,25.0,T,A,dpatel,2025-10-21T10:00:00,jchen,2025-10-21T22:00:00,T
901685,501685,VIABLE_AIR_USP,0,9,9,9.0,CFU/m3,0,200,100.0,T,A,jchen,2025-10-15T14:00:00,skwon,2025-10-16T04:00:00,T
901686,501686,SETTLE_PLATE_TSA,0,5,5,5.0,CFU/plate,0,100,50.0,T,A,tolawale,2025-10-16T16:00:00,skwon,2025-10-17T21:00:00,T
901687,501687,VIABLE_AIR_USP,0,21,21,21.0,CFU/m3,0,400,200.0,T,A,dpatel,2025-10-15T14:00:00,jchen,2025-10-16T01:00:00,T
901688,501688,SETTLE_PLATE_TSA,0,0,0,0.0,CFU/plate,0,1,1.0,T,A,tolawale,2025-10-16T06:00:00,jchen,2025-10-17T09:00:00,T
901689,501689,VIABLE_AIR_USP,0,0,0,0.0,CFU/m3,0,1,1.0,T,A,dpatel,2025-10-16T08:00:00,jchen,2025-10-17T13:00:00,T
901690,501690,SETTLE_PLATE_TSA,0,0,0,0.0,CFU/plate,0,5,3.0,T,A,anguyen,2025-10-17T13:00:00,jchen,2025-10-18T16:00:00,T
901691,501691,VIABLE_AIR_USP,0,0,0,0.0,CFU/m3,0,20,10.0,T,A,tolawale,2025-10-16T08:00:00,jchen,2025-10-16T12:00:00,T
901692,501692,SETTLE_PLATE_TSA,0,6,6,6.0,CFU/plate,0,50,25.0,T,A,mrodriguez,2025-10-19T13:00:00,anguyen,2025-10-20T01:00:00,T
901693,501693,VIABLE_AIR_USP,0,10,10,10.0,CFU/m3,0,200,100.0,T,A,tolawale,2025-10-16T14:00:00,tolawale,2025-10-17T01:00:00,T
901694,501694,SETTLE_PLATE_TSA,0,5,5,5.0,CFU/plate,0,100,50.0,T,A,mrodriguez,2025-10-16T11:00:00,mrodriguez,2025-10-16T19:00:00,T
901695,501695,VIABLE_AIR_USP,0,29,29,29.0,CFU/m3,0,400,200.0,T,A,mrodriguez,2025-10-16T13:00:00,mrodriguez,2025-10-16T20:00:00,T
901696,501696,SETTLE_PLATE_TSA,0,0,0,0.0,CFU/plate,0,1,1.0,T,A,dpatel,2025-10-18T13:00:00,dpatel,2025-10-19T04:00:00,T
901697,501697,VIABLE_AIR_USP,0,0,0,0.0,CFU/m3,0,1,1.0,T,A,jchen,2025-10-18T14:00:00,jchen,2025-10-19T16:00:00,T
901698,501698,SETTLE_PLATE_TSA,0,0,0,0.0,CFU/plate,0,5,3.0,T,A,tolawale,2025-10-18T09:00:00,skwon,2025-10-19T08:00:00,T
901699,501699,VIABLE_AIR_USP,0,3,3,3.0,CFU/m3,0,20,10.0,T,A,dpatel,2025-10-18T07:00:00,tolawale,2025-10-19T03:00:00,T
901700,501700,SETTLE_PLATE_TSA,0,1,1,1.0,CFU/plate,0,50,25.0,T,A,tolawale,2025-10-18T15:00:00,dpatel,2025-10-19T02:00:00,T
901701,501701,VIABLE_AIR_USP,0,15,15,15.0,CFU/m3,0,200,100.0,T,A,mrodriguez,2025-10-17T12:00:00,skwon,2025-10-18T03:00:00,T
901702,501702,SETTLE_PLATE_TSA,0,3,3,3.0,CFU/plate,0,100,50.0,T,A,skwon,2025-10-17T15:00:00,mrodriguez,2025-10-18T06:00:00,T
901703,501703,VIABLE_AIR_USP,0,23,23,23.0,CFU/m3,0,400,200.0,T,A,tolawale,2025-10-18T09:00:00,mrodriguez,2025-10-19T00:00:00,T
901704,501704,SETTLE_PLATE_TSA,0,0,0,0.0,CFU/plate,0,1,1.0,T,A,jchen,2025-10-24T09:00:00,mrodriguez,2025-10-24T19:00:00,T
901705,501705,VIABLE_AIR_USP,0,0,0,0.0,CFU/m3,0,1,1.0,T,A,mrodriguez,2025-10-19T12:00:00,anguyen,2025-10-19T20:00:00,T
901706,501706,SETTLE_PLATE_TSA,0,1,1,1.0,CFU/plate,0,5,3.0,T,A,mrodriguez,2025-10-18T14:00:00,dpatel,2025-10-18T19:00:00,T
901707,501707,VIABLE_AIR_USP,0,2,2,2.0,CFU/m3,0,20,10.0,T,A,dpatel,2025-10-19T13:00:00,jchen,2025-10-20T04:00:00,T
901708,501708,SETTLE_PLATE_TSA,0,4,4,4.0,CFU/plate,0,50,25.0,T,A,dpatel,2025-10-19T08:00:00,anguyen,2025-10-20T05:00:00,T
901709,501709,VIABLE_AIR_USP,0,17,17,17.0,CFU/m3,0,200,100.0,T,A,tolawale,2025-10-19T15:00:00,skwon,2025-10-19T19:00:00,T
901710,501710,SETTLE_PLATE_TSA,0,6,6,6.0,CFU/plate,0,100,50.0,T,A,dpatel,2025-10-19T14:00:00,anguyen,2025-10-20T17:00:00,T
901711,501711,VIABLE_AIR_USP,0,15,15,15.0,CFU/m3,0,400,200.0,T,A,tolawale,2025-10-18T13:00:00,anguyen,2025-10-19T16:00:00,T
901712,501712,SETTLE_PLATE_TSA,0,0,0,0.0,CFU/plate,0,1,1.0,T,A,anguyen,2025-10-19T17:00:00,jchen,2025-10-20T13:00:00,T
901713,501713,VIABLE_AIR_USP,0,0,0,0.0,CFU/m3,0,1,1.0,T,A,skwon,2025-10-20T07:00:00,skwon,2025-10-21T01:00:00,T
901714,501714,SETTLE_PLATE_TSA,0,0,0,0.0,CFU/plate,0,5,3.0,T,A,jchen,2025-10-19T12:00:00,dpatel,2025-10-20T12:00:00,T
901715,501715,VIABLE_AIR_USP,0,0,0,0.0,CFU/m3,0,20,10.0,T,A,skwon,2025-10-19T11:00:00,skwon,2025-10-20T00:00:00,T
901716,501716,SETTLE_PLATE_TSA,0,6,6,6.0,CFU/plate,0,50,25.0,T,A,skwon,2025-10-19T11:00:00,jchen,2025-10-20T08:00:00,T
901717,501717,VIABLE_AIR_USP,0,12,12,12.0,CFU/m3,0,200,100.0,T,A,tolawale,2025-10-20T09:00:00,skwon,2025-10-21T12:00:00,T
901718,501718,SETTLE_PLATE_TSA,0,7,7,7.0,CFU/plate,0,100,50.0,T,A,dpatel,2025-10-20T08:00:00,tolawale,2025-10-20T10:00:00,T
901719,501719,VIABLE_AIR_USP,0,23,23,23.0,CFU/m3,0,400,200.0,T,A,dpatel,2025-10-19T13:00:00,anguyen,2025-10-20T11:00:00,T
901720,501720,SETTLE_PLATE_TSA,0,0,0,0.0,CFU/plate,0,1,1.0,T,A,jchen,2025-10-21T12:00:00,anguyen,2025-10-21T20:00:00,T
901721,501721,VIABLE_AIR_USP,0,0,0,0.0,CFU/m3,0,1,1.0,T,A,anguyen,2025-10-20T08:00:00,anguyen,2025-10-20T11:00:00,T
901722,501722,SETTLE_PLATE_TSA,0,0,0,0.0,CFU/plate,0,5,3.0,T,A,tolawale,2025-10-20T14:00:00,skwon,2025-10-21T12:00:00,T
901723,501723,VIABLE_AIR_USP,0,1,1,1.0,CFU/m3,0,20,10.0,T,A,jchen,2025-10-21T10:00:00,jchen,2025-10-22T16:00:00,T
901724,501724,SETTLE_PLATE_TSA,0,5,5,5.0,CFU/plate,0,50,25.0,T,A,skwon,2025-10-20T09:00:00,anguyen,2025-10-20T15:00:00,T
901725,501725,VIABLE_AIR_USP,0,12,12,12.0,CFU/m3,0,200,100.0,T,A,jchen,2025-10-21T12:00:00,dpatel,2025-10-21T16:00:00,T
901726,501726,SETTLE_PLATE_TSA,0,6,6,6.0,CFU/plate,0,100,50.0,T,A,anguyen,2025-10-21T15:00:00,anguyen,2025-10-22T15:00:00,T
901727,501727,VIABLE_AIR_USP,0,17,17,17.0,CFU/m3,0,400,200.0,T,A,skwon,2025-10-21T10:00:00,tolawale,2025-10-21T19:00:00,T
901728,501728,BIOBURDEN_USP61,0,5,5,5.0,CFU/device,0,100,50.0,T,A,skwon,2025-10-20T07:00:00,mrodriguez,2025-10-20T10:00:00,T
901729,501729,LAL_KINETIC,0,1.16,1.16,1.16,EU/device,0,20,10.0,T,A,mrodriguez,2025-10-22T07:00:00,skwon,2025-10-22T19:00:00,T
901730,501730,SETTLE_PLATE_TSA,0,0,0,0.0,CFU/plate,0,1,1.0,T,A,jchen,2025-10-22T16:00:00,tolawale,2025-10-22T18:00:00,T
901731,501731,VIABLE_AIR_USP,0,0,0,0.0,CFU/m3,0,1,1.0,T,A,jchen,2025-10-28T10:00:00,anguyen,2025-10-28T18:00:00,T
901732,501732,SETTLE_PLATE_TSA,0,1,1,1.0,CFU/plate,0,5,3.0,T,A,anguyen,2025-10-21T12:00:00,anguyen,2025-10-21T20:00:00,T
901733,501733,VIABLE_AIR_USP,0,1,1,1.0,CFU/m3,0,20,10.0,T,A,dpatel,2025-10-22T18:00:00,mrodriguez,2025-10-23T08:00:00,T
901734,501734,SETTLE_PLATE_TSA,0,3,3,3.0,CFU/plate,0,50,25.0,T,A,mrodriguez,2025-10-22T14:00:00,dpatel,2025-10-22T19:00:00,T
901735,501735,VIABLE_AIR_USP,0,13,13,13.0,CFU/m3,0,200,100.0,T,A,anguyen,2025-10-22T12:00:00,jchen,2025-10-22T19:00:00,T
901736,501736,SETTLE_PLATE_TSA,0,7,7,7.0,CFU/plate,0,100,50.0,T,A,mrodriguez,2025-10-22T10:00:00,dpatel,2025-10-23T16:00:00,T
901737,501737,VIABLE_AIR_USP,0,32,32,32.0,CFU/m3,0,400,200.0,T,A,tolawale,2025-10-22T09:00:00,dpatel,2025-10-23T03:00:00,T
901738,501738,SETTLE_PLATE_TSA,0,0,0,0.0,CFU/plate,0,1,1.0,T,A,mrodriguez,2025-10-23T13:00:00,anguyen,2025-10-24T05:00:00,T
901739,501739,VIABLE_AIR_USP,0,0,0,0.0,CFU/m3,0,1,1.0,T,A,skwon,2025-10-23T12:00:00,jchen,2025-10-23T16:00:00,T
901740,501740,SETTLE_PLATE_TSA,0,0,0,0.0,CFU/plate,0,5,3.0,T,A,jchen,2025-10-23T10:00:00,skwon,2025-10-23T21:00:00,T
901741,501741,VIABLE_AIR_USP,0,2,2,2.0,CFU/m3,0,20,10.0,T,A,jchen,2025-10-26T10:00:00,dpatel,2025-10-27T01:00:00,T
901742,501742,SETTLE_PLATE_TSA,0,1,1,1.0,CFU/plate,0,50,25.0,T,A,dpatel,2025-10-22T10:00:00,skwon,2025-10-22T16:00:00,T
901743,501743,VIABLE_AIR_USP,0,10,10,10.0,CFU/m3,0,200,100.0,T,A,jchen,2025-10-22T14:00:00,jchen,2025-10-22T21:00:00,T
901744,501744,SETTLE_PLATE_TSA,0,4,4,4.0,CFU/plate,0,100,50.0,T,A,anguyen,2025-10-23T13:00:00,anguyen,2025-10-23T15:00:00,T
901745,501745,VIABLE_AIR_USP,0,29,29,29.0,CFU/m3,0,400,200.0,T,A,mrodriguez,2025-10-23T07:00:00,skwon,2025-10-23T10:00:00,T
901746,501746,SETTLE_PLATE_TSA,0,0,0,0.0,CFU/plate,0,1,1.0,T,A,jchen,2025-10-23T08:00:00,tolawale,2025-10-24T10:00:00,T
901747,501747,VIABLE_AIR_USP,0,0,0,0.0,CFU/m3,0,1,1.0,T,A,mrodriguez,2025-10-23T13:00:00,mrodriguez,2025-10-24T18:00:00,T
901748,501748,SETTLE_PLATE_TSA,0,0,0,0.0,CFU/plate,0,5,3.0,T,A,anguyen,2025-10-24T14:00:00,mrodriguez,2025-10-25T14:00:00,T
901749,501749,VIABLE_AIR_USP,0,3,3,3.0,CFU/m3,0,20,10.0,T,A,dpatel,2025-10-24T13:00:00,anguyen,2025-10-25T17:00:00,T
901750,501750,SETTLE_PLATE_TSA,0,4,4,4.0,CFU/plate,0,50,25.0,T,A,tolawale,2025-10-23T13:00:00,dpatel,2025-10-24T14:00:00,T
901751,501751,VIABLE_AIR_USP,0,19,19,19.0,CFU/m3,0,200,100.0,T,A,skwon,2025-10-24T14:00:00,skwon,2025-10-24T20:00:00,T
901752,501752,SETTLE_PLATE_TSA,0,9,9,9.0,CFU/plate,0,100,50.0,T,A,skwon,2025-10-24T10:00:00,tolawale,2025-10-24T22:00:00,T
901753,501753,VIABLE_AIR_USP,0,15,15,15.0,CFU/m3,0,400,200.0,T,A,tolawale,2025-10-23T15:00:00,mrodriguez,2025-10-24T09:00:00,T
901754,501754,SETTLE_PLATE_TSA,0,0,0,0.0,CFU/plate,0,1,1.0,T,A,anguyen,2025-10-24T13:00:00,jchen,2025-10-24T17:00:00,T
901755,501755,VIABLE_AIR_USP,0,0,0,0.0,CFU/m3,0,1,1.0,T,A,jchen,2025-10-24T14:00:00,mrodriguez,2025-10-25T09:00:00,T
901756,501756,SETTLE_PLATE_TSA,0,1,1,1.0,CFU/plate,0,5,3.0,T,A,skwon,2025-10-25T16:00:00,tolawale,2025-10-26T06:00:00,T
901757,501757,VIABLE_AIR_USP,0,2,2,2.0,CFU/m3,0,20,10.0,T,A,anguyen,2025-10-25T08:00:00,tolawale,2025-10-25T17:00:00,T
901758,501758,SETTLE_PLATE_TSA,0,5,5,5.0,CFU/plate,0,50,25.0,T,A,tolawale,2025-10-31T08:00:00,jchen,2025-11-01T01:00:00,T
901759,501759,VIABLE_AIR_USP,0,10,10,10.0,CFU/m3,0,200,100.0,T,A,mrodriguez,2025-10-25T11:00:00,jchen,2025-10-26T06:00:00,T
901760,501760,SETTLE_PLATE_TSA,0,5,5,5.0,CFU/plate,0,100,50.0,T,A,jchen,2025-10-27T09:00:00,jchen,2025-10-27T16:00:00,T
901761,501761,VIABLE_AIR_USP,0,21,21,21.0,CFU/m3,0,400,200.0,T,A,jchen,2025-10-25T15:00:00,anguyen,2025-10-25T17:00:00,T
901762,501762,SETTLE_PLATE_TSA,0,0,0,0.0,CFU/plate,0,1,1.0,T,A,mrodriguez,2025-10-26T08:00:00,jchen,2025-10-27T07:00:00,T
901763,501763,VIABLE_AIR_USP,0,0,0,0.0,CFU/m3,0,1,1.0,T,A,jchen,2025-10-26T14:00:00,jchen,2025-10-27T16:00:00,T
901764,501764,SETTLE_PLATE_TSA,0,0,0,0.0,CFU/plate,0,5,3.0,T,A,dpatel,2025-10-26T10:00:00,skwon,2025-10-27T00:00:00,T
901765,501765,VIABLE_AIR_USP,0,0,0,0.0,CFU/m3,0,20,10.0,T,A,skwon,2025-10-25T07:00:00,tolawale,2025-10-25T16:00:00,T
901766,501766,SETTLE_PLATE_TSA,0,3,3,3.0,CFU/plate,0,50,25.0,T,A,skwon,2025-10-25T16:00:00,dpatel,2025-10-25T19:00:00,T
901767,501767,VIABLE_AIR_USP,0,14,14,14.0,CFU/m3,0,200,100.0,T,A,mrodriguez,2025-10-25T09:00:00,anguyen,2025-10-26T08:00:00,T
901768,501768,SETTLE_PLATE_TSA,0,3,3,3.0,CFU/plate,0,100,50.0,T,A,skwon,2025-10-25T17:00:00,anguyen,2025-10-26T03:00:00,T
901769,501769,VIABLE_AIR_USP,0,27,27,27.0,CFU/m3,0,400,200.0,T,A,tolawale,2025-10-26T11:00:00,skwon,2025-10-27T11:00:00,T
901770,501770,SETTLE_PLATE_TSA,0,0,0,0.0,CFU/plate,0,1,1.0,T,A,mrodriguez,2025-11-02T13:00:00,tolawale,2025-11-03T04:00:00,T
901771,501771,VIABLE_AIR_USP,0,0,0,0.0,CFU/m3,0,1,1.0,T,A,mrodriguez,2025-10-26T06:00:00,tolawale,2025-10-26T20:00:00,T
901772,501772,SETTLE_PLATE_TSA,0,1,1,1.0,CFU/plate,0,5,3.0,T,A,dpatel,2025-10-27T13:00:00,skwon,2025-10-27T22:00:00,T
901773,501773,VIABLE_AIR_USP,0,3,3,3.0,CFU/m3,0,20,10.0,T,A,jchen,2025-10-26T06:00:00,dpatel,2025-10-26T22:00:00,T
901774,501774,SETTLE_PLATE_TSA,0,6,6,6.0,CFU/plate,0,50,25.0,T,A,tolawale,2025-10-27T14:00:00,skwon,2025-10-27T19:00:00,T
901775,501775,VIABLE_AIR_USP,0,12,12,12.0,CFU/m3,0,200,100.0,T,A,anguyen,2025-10-26T10:00:00,tolawale,2025-10-26T14:00:00,T
901776,501776,SETTLE_PLATE_TSA,0,6,6,6.0,CFU/plate,0,100,50.0,T,A,mrodriguez,2025-10-26T11:00:00,jchen,2025-10-26T13:00:00,T
901777,501777,VIABLE_AIR_USP,0,21,21,21.0,CFU/m3,0,400,200.0,T,A,skwon,2025-10-27T15:00:00,jchen,2025-10-28T01:00:00,T
901778,501778,SETTLE_PLATE_TSA,0,0,0,0.0,CFU/plate,0,1,1.0,T,A,anguyen,2025-10-27T10:00:00,dpatel,2025-10-27T18:00:00,T
901779,501779,VIABLE_AIR_USP,0,0,0,0.0,CFU/m3,0,1,1.0,T,A,jchen,2025-10-27T10:00:00,dpatel,2025-10-28T04:00:00,T
901780,501780,SETTLE_PLATE_TSA,0,0,0,0.0,CFU/plate,0,5,3.0,T,A,mrodriguez,2025-10-27T15:00:00,mrodriguez,2025-10-28T18:00:00,T
901781,501781,VIABLE_AIR_USP,0,0,0,0.0,CFU/m3,0,20,10.0,T,A,skwon,2025-10-27T15:00:00,tolawale,2025-10-28T10:00:00,T
901782,501782,SETTLE_PLATE_TSA,0,3,3,3.0,CFU/plate,0,50,25.0,T,A,tolawale,2025-10-27T08:00:00,jchen,2025-10-28T01:00:00,T
901783,501783,VIABLE_AIR_USP,0,8,8,8.0,CFU/m3,0,200,100.0,T,A,tolawale,2025-10-28T10:00:00,skwon,2025-10-29T14:00:00,T
901784,501784,SETTLE_PLATE_TSA,0,9,9,9.0,CFU/plate,0,100,50.0,T,A,dpatel,2025-10-27T09:00:00,dpatel,2025-10-28T08:00:00,T
901785,501785,VIABLE_AIR_USP,0,21,21,21.0,CFU/m3,0,400,200.0,T,A,mrodriguez,2025-10-27T17:00:00,skwon,2025-10-28T14:00:00,T
901786,501786,BIOBURDEN_USP61,0,1,1,1.0,CFU/device,0,100,50.0,T,A,anguyen,2025-10-28T10:00:00,skwon,2025-10-29T03:00:00,T
901787,501787,LAL_KINETIC,0,2.17,2.17,2.17,EU/device,0,20,10.0,T,A,jchen,2025-10-28T10:00:00,jchen,2025-10-28T14:00:00,T
901788,501788,BIOBURDEN_USP61,0,3,3,3.0,CFU/device,0,100,50.0,T,A,dpatel,2025-10-28T06:00:00,skwon,2025-10-28T20:00:00,T
901789,501789,LAL_KINETIC,0,0.88,0.88,0.88,EU/device,0,20,10.0,T,A,dpatel,2025-10-29T08:00:00,skwon,2025-10-29T20:00:00,T
901790,501790,BIOBURDEN_USP61,0,8,8,8.0,CFU/device,0,100,50.0,T,A,tolawale,2025-10-29T10:00:00,skwon,2025-10-30T06:00:00,T
901791,501791,LAL_KINETIC,0,1.91,1.91,1.91,EU/device,0,20,10.0,T,A,jchen,2025-10-29T08:00:00,anguyen,2025-10-30T01:00:00,T
901792,501792,SETTLE_PLATE_TSA,0,0,0,0.0,CFU/plate,0,1,1.0,T,A,dpatel,2025-10-29T10:00:00,mrodriguez,2025-10-30T07:00:00,T
901793,501793,VIABLE_AIR_USP,0,1,1,1.0,CFU/m3,0,1,1.0,F,A,mrodriguez,2025-10-29T12:00:00,anguyen,2025-10-29T20:00:00,T
901794,501794,SETTLE_PLATE_TSA,0,0,0,0.0,CFU/plate,0,5,3.0,T,A,anguyen,2025-10-28T11:00:00,tolawale,2025-10-28T19:00:00,T
901795,501795,VIABLE_AIR_USP,0,0,0,0.0,CFU/m3,0,20,10.0,T,A,anguyen,2025-10-29T18:00:00,tolawale,2025-10-30T01:00:00,T
901796,501796,SETTLE_PLATE_TSA,0,3,3,3.0,CFU/plate,0,50,25.0,T,A,mrodriguez,2025-10-29T09:00:00,skwon,2025-10-30T15:00:00,T
901797,501797,VIABLE_AIR_USP,0,13,13,13.0,CFU/m3,0,200,100.0,T,A,skwon,2025-10-29T17:00:00,dpatel,2025-10-30T05:00:00,T
901798,501798,SETTLE_PLATE_TSA,0,5,5,5.0,CFU/plate,0,100,50.0,T,A,skwon,2025-10-29T06:00:00,dpatel,2025-10-29T10:00:00,T
901799,501799,VIABLE_AIR_USP,0,34,34,34.0,CFU/m3,0,400,200.0,T,A,anguyen,2025-10-29T17:00:00,mrodriguez,2025-10-30T13:00:00,T
901800,501800,SETTLE_PLATE_TSA,0,0,0,0.0,CFU/plate,0,1,1.0,T,A,anguyen,2025-10-30T15:00:00,mrodriguez,2025-10-31T03:00:00,T
901801,501801,VIABLE_AIR_USP,0,0,0,0.0,CFU/m3,0,1,1.0,T,A,jchen,2025-11-01T12:00:00,anguyen,2025-11-01T17:00:00,T
901802,501802,SETTLE_PLATE_TSA,0,0,0,0.0,CFU/plate,0,5,3.0,T,A,mrodriguez,2025-11-05T09:00:00,dpatel,2025-11-05T11:00:00,T
901803,501803,VIABLE_AIR_USP,0,2,2,2.0,CFU/m3,0,20,10.0,T,A,dpatel,2025-10-29T11:00:00,anguyen,2025-10-30T08:00:00,T
901804,501804,SETTLE_PLATE_TSA,0,3,3,3.0,CFU/plate,0,50,25.0,T,A,mrodriguez,2025-10-30T11:00:00,mrodriguez,2025-10-30T18:00:00,T
901805,501805,VIABLE_AIR_USP,0,9,9,9.0,CFU/m3,0,200,100.0,T,A,mrodriguez,2025-10-30T13:00:00,mrodriguez,2025-10-30T18:00:00,T
901806,501806,SETTLE_PLATE_TSA,0,9,9,9.0,CFU/plate,0,100,50.0,T,A,skwon,2025-10-29T10:00:00,jchen,2025-10-29T20:00:00,T
901807,501807,VIABLE_AIR_USP,0,24,24,24.0,CFU/m3,0,400,200.0,T,A,skwon,2025-10-30T15:00:00,jchen,2025-10-30T23:00:00,T
901808,501808,SETTLE_PLATE_TSA,0,0,0,0.0,CFU/plate,0,1,1.0,T,A,skwon,2025-10-31T15:00:00,dpatel,2025-10-31T17:00:00,T
901809,501809,VIABLE_AIR_USP,0,0,0,0.0,CFU/m3,0,1,1.0,T,A,skwon,2025-10-31T14:00:00,anguyen,2025-10-31T16:00:00,T
901810,501810,SETTLE_PLATE_TSA,0,0,0,0.0,CFU/plate,0,5,3.0,T,A,mrodriguez,2025-10-30T16:00:00,mrodriguez,2025-10-30T23:00:00,T
901811,501811,VIABLE_AIR_USP,0,3,3,3.0,CFU/m3,0,20,10.0,T,A,skwon,2025-10-31T11:00:00,skwon,2025-11-01T01:00:00,T
901812,501812,SETTLE_PLATE_TSA,0,3,3,3.0,CFU/plate,0,50,25.0,T,A,mrodriguez,2025-10-30T17:00:00,skwon,2025-10-31T17:00:00,T
901813,501813,VIABLE_AIR_USP,0,11,11,11.0,CFU/m3,0,200,100.0,T,A,skwon,2025-11-05T15:00:00,skwon,2025-11-06T06:00:00,T
901814,501814,SETTLE_PLATE_TSA,0,7,7,7.0,CFU/plate,0,100,50.0,T,A,dpatel,2025-10-31T15:00:00,mrodriguez,2025-10-31T22:00:00,T
901815,501815,VIABLE_AIR_USP,0,20,20,20.0,CFU/m3,0,400,200.0,T,A,anguyen,2025-10-30T10:00:00,jchen,2025-10-31T00:00:00,T
901816,501816,SETTLE_PLATE_TSA,0,0,0,0.0,CFU/plate,0,1,1.0,T,A,jchen,2025-10-31T11:00:00,dpatel,2025-10-31T15:00:00,T
901817,501817,VIABLE_AIR_USP,0,0,0,0.0,CFU/m3,0,1,1.0,T,A,mrodriguez,2025-11-01T10:00:00,dpatel,2025-11-01T19:00:00,T
901818,501818,SETTLE_PLATE_TSA,0,0,0,0.0,CFU/plate,0,5,3.0,T,A,jchen,2025-10-31T11:00:00,skwon,2025-11-01T06:00:00,T
901819,501819,VIABLE_AIR_USP,0,3,3,3.0,CFU/m3,0,20,10.0,T,A,jchen,2025-10-31T08:00:00,dpatel,2025-10-31T12:00:00,T
901820,501820,SETTLE_PLATE_TSA,0,5,5,5.0,CFU/plate,0,50,25.0,T,A,jchen,2025-11-01T12:00:00,mrodriguez,2025-11-01T18:00:00,T
901821,501821,VIABLE_AIR_USP,0,11,11,11.0,CFU/m3,0,200,100.0,T,A,dpatel,2025-11-01T14:00:00,anguyen,2025-11-02T18:00:00,T
901822,501822,SETTLE_PLATE_TSA,0,9,9,9.0,CFU/plate,0,100,50.0,T,A,mrodriguez,2025-11-01T11:00:00,mrodriguez,2025-11-02T16:00:00,T
901823,501823,VIABLE_AIR_USP,0,24,24,24.0,CFU/m3,0,400,200.0,T,A,anguyen,2025-11-01T11:00:00,tolawale,2025-11-02T03:00:00,T
901824,501824,SETTLE_PLATE_TSA,0,0,0,0.0,CFU/plate,0,1,1.0,T,A,tolawale,2025-11-01T08:00:00,jchen,2025-11-01T22:00:00,T
901825,501825,VIABLE_AIR_USP,0,0,0,0.0,CFU/m3,0,1,1.0,T,A,skwon,2025-11-02T18:00:00,skwon,2025-11-03T13:00:00,T
901826,501826,SETTLE_PLATE_TSA,0,0,0,0.0,CFU/plate,0,5,3.0,T,A,dpatel,2025-11-02T14:00:00,mrodriguez,2025-11-03T08:00:00,T
901827,501827,VIABLE_AIR_USP,0,0,0,0.0,CFU/m3,0,20,10.0,T,A,mrodriguez,2025-11-01T10:00:00,dpatel,2025-11-02T07:00:00,T
901828,501828,SETTLE_PLATE_TSA,0,2,2,2.0,CFU/plate,0,50,25.0,T,A,skwon,2025-11-01T14:00:00,jchen,2025-11-02T07:00:00,T
901829,501829,VIABLE_AIR_USP,0,12,12,12.0,CFU/m3,0,200,100.0,T,A,skwon,2025-11-01T11:00:00,mrodriguez,2025-11-02T01:00:00,T
901830,501830,SETTLE_PLATE_TSA,0,7,7,7.0,CFU/plate,0,100,50.0,T,A,dpatel,2025-11-02T16:00:00,skwon,2025-11-03T05:00:00,T
901831,501831,VIABLE_AIR_USP,0,27,27,27.0,CFU/m3,0,400,200.0,T,A,mrodriguez,2025-11-01T10:00:00,dpatel,2025-11-01T23:00:00,T
901832,501832,SETTLE_PLATE_TSA,0,0,0,0.0,CFU/plate,0,1,1.0,T,A,jchen,2025-11-03T17:00:00,jchen,2025-11-04T12:00:00,T
901833,501833,VIABLE_AIR_USP,0,0,0,0.0,CFU/m3,0,1,1.0,T,A,jchen,2025-11-02T13:00:00,jchen,2025-11-03T07:00:00,T
901834,501834,SETTLE_PLATE_TSA,0,0,0,0.0,CFU/plate,0,5,3.0,T,A,dpatel,2025-11-09T13:00:00,dpatel,2025-11-10T11:00:00,T
901835,501835,VIABLE_AIR_USP,0,0,0,0.0,CFU/m3,0,20,10.0,T,A,dpatel,2025-11-03T14:00:00,dpatel,2025-11-04T11:00:00,T
901836,501836,SETTLE_PLATE_TSA,0,4,4,4.0,CFU/plate,0,50,25.0,T,A,jchen,2025-11-03T16:00:00,jchen,2025-11-04T18:00:00,T
901837,501837,VIABLE_AIR_USP,0,16,16,16.0,CFU/m3,0,200,100.0,T,A,tolawale,2025-11-02T12:00:00,dpatel,2025-11-03T16:00:00,T
901838,501838,SETTLE_PLATE_TSA,0,3,3,3.0,CFU/plate,0,100,50.0,T,A,mrodriguez,2025-11-02T09:00:00,dpatel,2025-11-03T06:00:00,T
901839,501839,VIABLE_AIR_USP,0,19,19,19.0,CFU/m3,0,400,200.0,T,A,jchen,2025-11-02T09:00:00,mrodriguez,2025-11-03T00:00:00,T
901840,501840,SETTLE_PLATE_TSA,0,0,0,0.0,CFU/plate,0,1,1.0,T,A,anguyen,2025-11-03T09:00:00,jchen,2025-11-03T13:00:00,T
901841,501841,VIABLE_AIR_USP,0,0,0,0.0,CFU/m3,0,1,1.0,T,A,jchen,2025-11-03T16:00:00,tolawale,2025-11-03T21:00:00,T
901842,501842,SETTLE_PLATE_TSA,0,0,0,0.0,CFU/plate,0,5,3.0,T,A,tolawale,2025-11-04T14:00:00,anguyen,2025-11-05T10:00:00,T
901843,501843,VIABLE_AIR_USP,0,0,0,0.0,CFU/m3,0,20,10.0,T,A,tolawale,2025-11-03T16:00:00,anguyen,2025-11-04T15:00:00,T
901844,501844,SETTLE_PLATE_TSA,0,1,1,1.0,CFU/plate,0,50,25.0,T,A,jchen,2025-11-04T12:00:00,skwon,2025-11-05T06:00:00,T
901845,501845,VIABLE_AIR_USP,0,11,11,11.0,CFU/m3,0,200,100.0,T,A,jchen,2025-11-04T13:00:00,anguyen,2025-11-04T18:00:00,T
901846,501846,SETTLE_PLATE_TSA,0,7,7,7.0,CFU/plate,0,100,50.0,T,A,skwon,2025-11-03T15:00:00,skwon,2025-11-04T09:00:00,T
901847,501847,VIABLE_AIR_USP,0,21,21,21.0,CFU/m3,0,400,200.0,T,A,anguyen,2025-11-03T12:00:00,skwon,2025-11-03T19:00:00,T
901848,501848,BIOBURDEN_USP61,0,7,7,7.0,CFU/device,0,100,50.0,T,A,skwon,2025-11-04T06:00:00,skwon,2025-11-04T21:00:00,T
901849,501849,LAL_KINETIC,0,0.17,0.17,0.17,EU/device,0,20,10.0,T,A,jchen,2025-11-04T09:00:00,dpatel,2025-11-04T22:00:00,T
901850,501850,SETTLE_PLATE_TSA,0,0,0,0.0,CFU/plate,0,1,1.0,T,A,skwon,2025-11-04T11:00:00,mrodriguez,2025-11-04T20:00:00,T
901851,501851,VIABLE_AIR_USP,0,0,0,0.0,CFU/m3,0,1,1.0,T,A,dpatel,2025-11-04T11:00:00,tolawale,2025-11-04T15:00:00,T
901852,501852,SETTLE_PLATE_TSA,0,1,1,1.0,CFU/plate,0,5,3.0,T,A,skwon,2025-11-04T09:00:00,mrodriguez,2025-11-04T11:00:00,T
901853,501853,VIABLE_AIR_USP,0,2,2,2.0,CFU/m3,0,20,10.0,T,A,dpatel,2025-11-05T09:00:00,dpatel,2025-11-05T12:00:00,T
901854,501854,SETTLE_PLATE_TSA,0,5,5,5.0,CFU/plate,0,50,25.0,T,A,jchen,2025-11-04T13:00:00,skwon,2025-11-05T16:00:00,T
901855,501855,VIABLE_AIR_USP,0,15,15,15.0,CFU/m3,0,200,100.0,T,A,jchen,2025-11-05T17:00:00,dpatel,2025-11-05T21:00:00,T
901856,501856,SETTLE_PLATE_TSA,0,8,8,8.0,CFU/plate,0,100,50.0,T,A,dpatel,2025-11-04T17:00:00,tolawale,2025-11-05T14:00:00,T
901857,501857,VIABLE_AIR_USP,0,19,19,19.0,CFU/m3,0,400,200.0,T,A,dpatel,2025-11-05T16:00:00,dpatel,2025-11-06T05:00:00,T
901858,501858,SETTLE_PLATE_TSA,0,0,0,0.0,CFU/plate,0,1,1.0,T,A,skwon,2025-11-05T13:00:00,mrodriguez,2025-11-06T12:00:00,T
901859,501859,VIABLE_AIR_USP,0,0,0,0.0,CFU/m3,0,1,1.0,T,A,tolawale,2025-11-05T07:00:00,mrodriguez,2025-11-06T03:00:00,T
901860,501860,SETTLE_PLATE_TSA,0,0,0,0.0,CFU/plate,0,5,3.0,T,A,mrodriguez,2025-11-06T12:00:00,anguyen,2025-11-07T12:00:00,T
901861,501861,VIABLE_AIR_USP,0,1,1,1.0,CFU/m3,0,20,10.0,T,A,skwon,2025-11-06T12:00:00,tolawale,2025-11-07T18:00:00,T
901862,501862,SETTLE_PLATE_TSA,0,3,3,3.0,CFU/plate,0,50,25.0,T,A,mrodriguez,2025-11-05T09:00:00,skwon,2025-11-06T13:00:00,T
901863,501863,VIABLE_AIR_USP,0,14,14,14.0,CFU/m3,0,200,100.0,T,A,skwon,2025-11-06T14:00:00,dpatel,2025-11-07T06:00:00,T
901864,501864,SETTLE_PLATE_TSA,0,9,9,9.0,CFU/plate,0,100,50.0,T,A,anguyen,2025-11-05T08:00:00,dpatel,2025-11-06T13:00:00,T
901865,501865,VIABLE_AIR_USP,0,15,15,15.0,CFU/m3,0,400,200.0,T,A,dpatel,2025-11-05T12:00:00,skwon,2025-11-06T06:00:00,T
901866,501866,SETTLE_PLATE_TSA,0,0,0,0.0,CFU/plate,0,1,1.0,T,A,skwon,2025-11-09T12:00:00,anguyen,2025-11-10T12:00:00,T
901867,501867,VIABLE_AIR_USP,0,0,0,0.0,CFU/m3,0,1,1.0,T,A,jchen,2025-11-06T09:00:00,tolawale,2025-11-06T15:00:00,T
901868,501868,SETTLE_PLATE_TSA,0,0,0,0.0,CFU/plate,0,5,3.0,T,A,dpatel,2025-11-06T16:00:00,jchen,2025-11-07T18:00:00,T
901869,501869,VIABLE_AIR_USP,0,2,2,2.0,CFU/m3,0,20,10.0,T,A,anguyen,2025-11-07T10:00:00,jchen,2025-11-07T21:00:00,T
901870,501870,SETTLE_PLATE_TSA,0,1,1,1.0,CFU/plate,0,50,25.0,T,A,skwon,2025-11-07T13:00:00,anguyen,2025-11-08T19:00:00,T
901871,501871,VIABLE_AIR_USP,0,16,16,16.0,CFU/m3,0,200,100.0,T,A,anguyen,2025-11-07T12:00:00,jchen,2025-11-08T18:00:00,T
901872,501872,SETTLE_PLATE_TSA,0,6,6,6.0,CFU/plate,0,100,50.0,T,A,dpatel,2025-11-10T09:00:00,mrodriguez,2025-11-10T18:00:00,T
901873,501873,VIABLE_AIR_USP,0,17,17,17.0,CFU/m3,0,400,200.0,T,A,jchen,2025-11-07T17:00:00,skwon,2025-11-08T21:00:00,T
901874,501874,SETTLE_PLATE_TSA,0,0,0,0.0,CFU/plate,0,1,1.0,T,A,anguyen,2025-11-08T11:00:00,anguyen,2025-11-09T06:00:00,T
901875,501875,VIABLE_AIR_USP,0,0,0,0.0,CFU/m3,0,1,1.0,T,A,mrodriguez,2025-11-08T14:00:00,mrodriguez,2025-11-09T15:00:00,T
901876,501876,SETTLE_PLATE_TSA,0,0,0,0.0,CFU/plate,0,5,3.0,T,A,tolawale,2025-11-08T09:00:00,jchen,2025-11-09T02:00:00,T
901877,501877,VIABLE_AIR_USP,0,2,2,2.0,CFU/m3,0,20,10.0,T,A,mrodriguez,2025-11-08T14:00:00,mrodriguez,2025-11-08T21:00:00,T
901878,501878,SETTLE_PLATE_TSA,0,3,3,3.0,CFU/plate,0,50,25.0,T,A,dpatel,2025-11-07T07:00:00,jchen,2025-11-07T13:00:00,T
901879,501879,VIABLE_AIR_USP,0,9,9,9.0,CFU/m3,0,200,100.0,T,A,dpatel,2025-11-07T13:00:00,anguyen,2025-11-08T01:00:00,T
901880,501880,SETTLE_PLATE_TSA,0,5,5,5.0,CFU/plate,0,100,50.0,T,A,jchen,2025-11-08T11:00:00,dpatel,2025-11-09T00:00:00,T
901881,501881,VIABLE_AIR_USP,0,26,26,26.0,CFU/m3,0,400,200.0,T,A,anguyen,2025-11-07T08:00:00,mrodriguez,2025-11-07T12:00:00,T
901882,501882,SETTLE_PLATE_TSA,0,0,0,0.0,CFU/plate,0,1,1.0,T,A,mrodriguez,2025-11-09T10:00:00,skwon,2025-11-09T22:00:00,T
901883,501883,VIABLE_AIR_USP,0,2,2,2.0,CFU/m3,0,1,1.0,F,A,skwon,2025-11-08T17:00:00,tolawale,2025-11-09T19:00:00,T
901884,501884,SETTLE_PLATE_TSA,0,1,1,1.0,CFU/plate,0,5,3.0,T,A,anguyen,2025-11-09T14:00:00,,2025-11-10T12:00:00,T
901885,501885,VIABLE_AIR_USP,0,1,1,1.0,CFU/m3,0,20,10.0,T,A,skwon,2025-11-09T06:00:00,tolawale,2025-11-10T05:00:00,T
901886,501886,SETTLE_PLATE_TSA,0,4,4,4.0,CFU/plate,0,50,25.0,T,A,dpatel,2025-11-08T08:00:00,anguyen,2025-11-09T12:00:00,T
901887,501887,VIABLE_AIR_USP,0,10,10,10.0,CFU/m3,0,200,100.0,T,A,anguyen,2025-11-09T14:00:00,dpatel,2025-11-10T09:00:00,T
901888,501888,SETTLE_PLATE_TSA,0,6,6,6.0,CFU/plate,0,100,50.0,T,A,mrodriguez,2025-11-09T12:00:00,jchen,2025-11-09T15:00:00,T
901889,501889,VIABLE_AIR_USP,0,21,21,21.0,CFU/m3,0,400,200.0,T,A,tolawale,2025-11-09T09:00:00,skwon,2025-11-09T19:00:00,T
901890,501890,SETTLE_PLATE_TSA,0,0,0,0.0,CFU/plate,0,1,1.0,T,A,jchen,2025-11-10T14:00:00,dpatel,2025-11-10T16:00:00,T
901891,501891,VIABLE_AIR_USP,0,1,1,1.0,CFU/m3,0,1,1.0,F,A,mrodriguez,2025-11-09T11:00:00,dpatel,2025-11-09T16:00:00,T
901892,501892,SETTLE_PLATE_TSA,0,0,0,0.0,CFU/plate,0,5,3.0,T,A,mrodriguez,2025-11-09T13:00:00,dpatel,2025-11-09T16:00:00,T
901893,501893,VIABLE_AIR_USP,0,1,1,1.0,CFU/m3,0,20,10.0,T,A,anguyen,2025-11-09T18:00:00,anguyen,2025-11-10T14:00:00,T
901894,501894,SETTLE_PLATE_TSA,0,3,3,3.0,CFU/plate,0,50,25.0,T,A,jchen,2025-11-09T12:00:00,jchen,2025-11-10T18:00:00,T
901895,501895,VIABLE_AIR_USP,0,7,7,7.0,CFU/m3,0,200,100.0,T,A,tolawale,2025-11-12T09:00:00,jchen,2025-11-13T05:00:00,T
901896,501896,SETTLE_PLATE_TSA,0,6,6,6.0,CFU/plate,0,100,50.0,T,A,dpatel,2025-11-09T13:00:00,anguyen,2025-11-09T20:00:00,T
901897,501897,VIABLE_AIR_USP,0,26,26,26.0,CFU/m3,0,400,200.0,T,A,jchen,2025-11-09T08:00:00,skwon,2025-11-10T06:00:00,T
901898,501898,SETTLE_PLATE_TSA,0,0,0,0.0,CFU/plate,0,1,1.0,T,A,mrodriguez,2025-11-10T13:00:00,anguyen,2025-11-10T15:00:00,T
901899,501899,VIABLE_AIR_USP,0,0,0,0.0,CFU/m3,0,1,1.0,T,A,tolawale,2025-11-10T17:00:00,jchen,2025-11-11T12:00:00,T
901900,501900,SETTLE_PLATE_TSA,0,1,1,1.0,CFU/plate,0,5,3.0,T,A,mrodriguez,2025-11-11T14:00:00,anguyen,2025-11-11T20:00:00,T
901901,501901,VIABLE_AIR_USP,0,0,0,0.0,CFU/m3,0,20,10.0,T,A,dpatel,2025-11-10T16:00:00,anguyen,2025-11-11T02:00:00,T
901902,501902,SETTLE_PLATE_TSA,0,2,2,2.0,CFU/plate,0,50,25.0,T,A,anguyen,2025-11-11T11:00:00,tolawale,2025-11-12T07:00:00,T
901903,501903,VIABLE_AIR_USP,0,14,14,14.0,CFU/m3,0,200,100.0,T,A,mrodriguez,2025-11-10T10:00:00,tolawale,2025-11-11T11:00:00,T
901904,501904,SETTLE_PLATE_TSA,0,6,6,6.0,CFU/plate,0,100,50.0,T,A,mrodriguez,2025-11-10T07:00:00,tolawale,2025-11-11T05:00:00,T
901905,501905,VIABLE_AIR_USP,0,18,18,18.0,CFU/m3,0,400,200.0,T,A,skwon,2025-11-10T13:00:00,tolawale,2025-11-10T19:00:00,T
901906,501906,SETTLE_PLATE_TSA,0,0,0,0.0,CFU/plate,0,1,1.0,T,A,tolawale,2025-11-12T16:00:00,tolawale,2025-11-13T15:00:00,T
901907,501907,VIABLE_AIR_USP,0,0,0,0.0,CFU/m3,0,1,1.0,T,A,dpatel,2025-11-11T16:00:00,skwon,2025-11-12T09:00:00,T
901908,501908,SETTLE_PLATE_TSA,0,0,0,0.0,CFU/plate,0,5,3.0,T,A,skwon,2025-11-11T16:00:00,mrodriguez,2025-11-12T10:00:00,T
901909,501909,VIABLE_AIR_USP,0,1,1,1.0,CFU/m3,0,20,10.0,T,A,mrodriguez,2025-11-11T14:00:00,skwon,2025-11-12T16:00:00,T
901910,501910,SETTLE_PLATE_TSA,0,0,0,0.0,CFU/plate,0,50,25.0,T,A,anguyen,2025-11-12T09:00:00,tolawale,2025-11-13T01:00:00,T
901911,501911,VIABLE_AIR_USP,0,12,12,12.0,CFU/m3,0,200,100.0,T,A,skwon,2025-11-12T12:00:00,jchen,2025-11-13T04:00:00,T
901912,501912,SETTLE_PLATE_TSA,0,4,4,4.0,CFU/plate,0,100,50.0,T,A,mrodriguez,2025-11-11T10:00:00,dpatel,2025-11-11T20:00:00,T
901913,501913,VIABLE_AIR_USP,0,27,27,27.0,CFU/m3,0,400,200.0,T,A,dpatel,2025-11-12T12:00:00,anguyen,2025-11-12T14:00:00,T
901914,501914,SETTLE_PLATE_TSA,0,0,0,0.0,CFU/plate,0,1,1.0,T,A,dpatel,2025-11-12T15:00:00,anguyen,2025-11-13T20:00:00,T
901915,501915,VIABLE_AIR_USP,0,0,0,0.0,CFU/m3,0,1,1.0,T,A,mrodriguez,2025-11-12T12:00:00,tolawale,2025-11-12T14:00:00,T
901916,501916,SETTLE_PLATE_TSA,0,0,0,0.0,CFU/plate,0,5,3.0,T,A,dpatel,2025-11-16T12:00:00,dpatel,2025-11-16T17:00:00,T
901917,501917,VIABLE_AIR_USP,0,0,0,0.0,CFU/m3,0,20,10.0,T,A,dpatel,2025-11-13T12:00:00,tolawale,2025-11-14T10:00:00,T
901918,501918,SETTLE_PLATE_TSA,0,1,1,1.0,CFU/plate,0,50,25.0,T,A,anguyen,2025-11-13T17:00:00,mrodriguez,2025-11-14T14:00:00,T
901919,501919,VIABLE_AIR_USP,0,7,7,7.0,CFU/m3,0,200,100.0,T,A,dpatel,2025-11-12T16:00:00,mrodriguez,2025-11-13T04:00:00,T
901920,501920,SETTLE_PLATE_TSA,0,7,7,7.0,CFU/plate,0,100,50.0,T,A,jchen,2025-11-12T09:00:00,mrodriguez,2025-11-13T00:00:00,T
901921,501921,VIABLE_AIR_USP,0,28,28,28.0,CFU/m3,0,400,200.0,T,A,tolawale,2025-11-13T12:00:00,mrodriguez,2025-11-13T21:00:00,T
901922,501922,SETTLE_PLATE_TSA,0,0,0,0.0,CFU/plate,0,1,1.0,T,A,dpatel,2025-11-20T12:00:00,tolawale,2025-11-20T17:00:00,T
901923,501923,VIABLE_AIR_USP,0,0,0,0.0,CFU/m3,0,1,1.0,T,A,mrodriguez,2025-11-13T10:00:00,anguyen,2025-11-13T14:00:00,T
901924,501924,SETTLE_PLATE_TSA,0,0,0,0.0,CFU/plate,0,5,3.0,T,A,jchen,2025-11-14T15:00:00,tolawale,2025-11-14T22:00:00,T
901925,501925,VIABLE_AIR_USP,0,1,1,1.0,CFU/m3,0,20,10.0,T,A,mrodriguez,2025-11-14T10:00:00,anguyen,2025-11-14T14:00:00,T
901926,501926,SETTLE_PLATE_TSA,0,3,3,3.0,CFU/plate,0,50,25.0,T,A,jchen,2025-11-14T13:00:00,anguyen,2025-11-15T15:00:00,T
901927,501927,VIABLE_AIR_USP,0,12,12,12.0,CFU/m3,0,200,100.0,T,A,tolawale,2025-11-13T10:00:00,mrodriguez,2025-11-13T18:00:00,T
901928,501928,SETTLE_PLATE_TSA,0,5,5,5.0,CFU/plate,0,100,50.0,T,A,mrodriguez,2025-11-13T09:00:00,jchen,2025-11-13T20:00:00,T
901929,501929,VIABLE_AIR_USP,0,17,17,17.0,CFU/m3,0,400,200.0,T,A,anguyen,2025-11-13T10:00:00,dpatel,2025-11-13T23:00:00,T
901930,501930,SETTLE_PLATE_TSA,0,0,0,0.0,CFU/plate,0,1,1.0,T,A,tolawale,2025-11-14T14:00:00,mrodriguez,2025-11-15T04:00:00,T
901931,501931,VIABLE_AIR_USP,0,0,0,0.0,CFU/m3,0,1,1.0,T,A,mrodriguez,2025-11-15T11:00:00,mrodriguez,2025-11-15T15:00:00,T
901932,501932,SETTLE_PLATE_TSA,0,0,0,0.0,CFU/plate,0,5,3.0,T,A,skwon,2025-11-14T10:00:00,tolawale,2025-11-15T10:00:00,T
901933,501933,VIABLE_AIR_USP,0,1,1,1.0,CFU/m3,0,20,10.0,T,A,anguyen,2025-11-15T17:00:00,anguyen,2025-11-16T00:00:00,T
901934,501934,SETTLE_PLATE_TSA,0,3,3,3.0,CFU/plate,0,50,25.0,T,A,skwon,2025-11-15T13:00:00,anguyen,2025-11-16T01:00:00,T
901935,501935,VIABLE_AIR_USP,0,9,9,9.0,CFU/m3,0,200,100.0,T,A,mrodriguez,2025-11-15T14:00:00,anguyen,2025-11-16T06:00:00,T
901936,501936,SETTLE_PLATE_TSA,0,6,6,6.0,CFU/plate,0,100,50.0,T,A,mrodriguez,2025-11-14T14:00:00,tolawale,2025-11-15T07:00:00,T
901937,501937,VIABLE_AIR_USP,0,31,31,31.0,CFU/m3,0,400,200.0,T,A,jchen,2025-11-14T09:00:00,anguyen,2025-11-14T18:00:00,T
901938,501938,SETTLE_PLATE_TSA,0,0,0,0.0,CFU/plate,0,1,1.0,T,A,mrodriguez,2025-11-15T11:00:00,jchen,2025-11-16T05:00:00,T
901939,501939,VIABLE_AIR_USP,0,0,0,0.0,CFU/m3,0,1,1.0,T,A,anguyen,2025-11-15T08:00:00,mrodriguez,2025-11-15T23:00:00,T
901940,501940,SETTLE_PLATE_TSA,0,0,0,0.0,CFU/plate,0,5,3.0,T,A,anguyen,2025-11-16T07:00:00,tolawale,2025-11-16T22:00:00,T
901941,501941,VIABLE_AIR_USP,0,1,1,1.0,CFU/m3,0,20,10.0,T,A,skwon,2025-11-16T13:00:00,jchen,2025-11-16T15:00:00,T
901942,501942,SETTLE_PLATE_TSA,0,5,5,5.0,CFU/plate,0,50,25.0,T,A,tolawale,2025-11-20T08:00:00,tolawale,2025-11-21T10:00:00,T
901943,501943,VIABLE_AIR_USP,0,9,9,9.0,CFU/m3,0,200,100.0,T,A,tolawale,2025-11-15T13:00:00,tolawale,2025-11-16T16:00:00,T
901944,501944,SETTLE_PLATE_TSA,0,4,4,4.0,CFU/plate,0,100,50.0,T,A,dpatel,2025-11-15T15:00:00,dpatel,2025-11-16T13:00:00,T
901945,501945,VIABLE_AIR_USP,0,17,17,17.0,CFU/m3,0,400,200.0,T,A,anguyen,2025-11-16T10:00:00,jchen,2025-11-17T03:00:00,T
901946,501946,SETTLE_PLATE_TSA,0,0,0,0.0,CFU/plate,0,1,1.0,T,A,anguyen,2025-11-17T16:00:00,anguyen,2025-11-18T09:00:00,T
901947,501947,VIABLE_AIR_USP,0,0,0,0.0,CFU/m3,0,1,1.0,T,A,jchen,2025-11-16T10:00:00,skwon,2025-11-17T16:00:00,T
901948,501948,SETTLE_PLATE_TSA,0,0,0,0.0,CFU/plate,0,5,3.0,T,A,dpatel,2025-11-17T14:00:00,skwon,2025-11-17T20:00:00,T
901949,501949,VIABLE_AIR_USP,0,2,2,2.0,CFU/m3,0,20,10.0,T,A,skwon,2025-11-17T15:00:00,dpatel,2025-11-18T00:00:00,T
901950,501950,SETTLE_PLATE_TSA,0,5,5,5.0,CFU/plate,0,50,25.0,T,A,mrodriguez,2025-11-17T08:00:00,jchen,2025-11-18T03:00:00,T
901951,501951,VIABLE_AIR_USP,0,16,16,16.0,CFU/m3,0,200,100.0,T,A,skwon,2025-11-17T14:00:00,dpatel,2025-11-18T06:00:00,T
901952,501952,SETTLE_PLATE_TSA,0,10,10,10.0,CFU/plate,0,100,50.0,T,A,tolawale,2025-11-16T12:00:00,dpatel,2025-11-16T16:00:00,T
901953,501953,VIABLE_AIR_USP,0,21,21,21.0,CFU/m3,0,400,200.0,T,A,skwon,2025-11-16T14:00:00,jchen,2025-11-17T08:00:00,T
901954,501954,SETTLE_PLATE_TSA,0,0,0,0.0,CFU/plate,0,1,1.0,T,A,tolawale,2025-11-18T15:00:00,anguyen,2025-11-19T21:00:00,T
901955,501955,VIABLE_AIR_USP,0,0,0,0.0,CFU/m3,0,1,1.0,T,A,anguyen,2025-11-18T11:00:00,tolawale,2025-11-18T20:00:00,T
901956,501956,SETTLE_PLATE_TSA,0,0,0,0.0,CFU/plate,0,5,3.0,T,A,anguyen,2025-11-17T17:00:00,tolawale,2025-11-18T13:00:00,T
901957,501957,VIABLE_AIR_USP,0,3,3,3.0,CFU/m3,0,20,10.0,T,A,skwon,2025-11-17T11:00:00,tolawale,2025-11-18T17:00:00,T
901958,501958,SETTLE_PLATE_TSA,0,3,3,3.0,CFU/plate,0,50,25.0,T,A,skwon,2025-11-18T14:00:00,jchen,2025-11-18T18:00:00,T
901959,501959,VIABLE_AIR_USP,0,13,13,13.0,CFU/m3,0,200,100.0,T,A,tolawale,2025-11-18T13:00:00,jchen,2025-11-19T15:00:00,T
901960,501960,SETTLE_PLATE_TSA,0,3,3,3.0,CFU/plate,0,100,50.0,T,A,dpatel,2025-11-17T12:00:00,jchen,2025-11-17T20:00:00,T
901961,501961,VIABLE_AIR_USP,0,25,25,25.0,CFU/m3,0,400,200.0,T,A,skwon,2025-11-18T13:00:00,anguyen,2025-11-19T07:00:00,T
901962,501962,BIOBURDEN_USP61,0,4,4,4.0,CFU/device,0,100,50.0,T,A,dpatel,2025-11-17T06:00:00,anguyen,2025-11-18T01:00:00,T
901963,501963,LAL_KINETIC,0,0.44,0.44,0.44,EU/device,0,20,10.0,T,A,mrodriguez,2025-11-18T10:00:00,mrodriguez,2025-11-18T22:00:00,T
901964,501964,BIOBURDEN_USP61,0,7,7,7.0,CFU/device,0,100,50.0,T,A,tolawale,2025-11-19T06:00:00,dpatel,2025-11-19T18:00:00,T
901965,501965,LAL_KINETIC,0,0.72,0.72,0.72,EU/device,0,20,10.0,T,A,dpatel,2025-11-17T06:00:00,mrodriguez,2025-11-17T14:00:00,T
901966,501966,SETTLE_PLATE_TSA,0,1,1,1.0,CFU/plate,0,1,1.0,F,A,anguyen,2025-11-19T08:00:00,mrodriguez,2025-11-19T22:00:00,T
901967,501967,VIABLE_AIR_USP,0,0,0,0.0,CFU/m3,0,1,1.0,T,A,skwon,2025-11-18T18:00:00,mrodriguez,2025-11-18T21:00:00,T
901968,501968,SETTLE_PLATE_TSA,0,0,0,0.0,CFU/plate,0,5,3.0,T,A,skwon,2025-11-19T12:00:00,skwon,2025-11-19T21:00:00,T
901969,501969,VIABLE_AIR_USP,0,0,0,0.0,CFU/m3,0,20,10.0,T,A,jchen,2025-11-19T11:00:00,skwon,2025-11-20T01:00:00,T
901970,501970,SETTLE_PLATE_TSA,0,2,2,2.0,CFU/plate,0,50,25.0,T,A,tolawale,2025-11-18T10:00:00,jchen,2025-11-18T17:00:00,T
901971,501971,VIABLE_AIR_USP,0,13,13,13.0,CFU/m3,0,200,100.0,T,A,anguyen,2025-11-19T07:00:00,anguyen,2025-11-20T02:00:00,T
901972,501972,SETTLE_PLATE_TSA,0,4,4,4.0,CFU/plate,0,100,50.0,T,A,tolawale,2025-11-19T14:00:00,dpatel,2025-11-20T00:00:00,T
901973,501973,VIABLE_AIR_USP,0,13,13,13.0,CFU/m3,0,400,200.0,T,A,jchen,2025-11-19T10:00:00,tolawale,2025-11-20T16:00:00,T
901974,501974,SETTLE_PLATE_TSA,0,0,0,0.0,CFU/plate,0,1,1.0,T,A,dpatel,2025-11-19T11:00:00,jchen,2025-11-19T22:00:00,T
901975,501975,VIABLE_AIR_USP,0,0,0,0.0,CFU/m3,0,1,1.0,T,A,tolawale,2025-11-20T11:00:00,mrodriguez,2025-11-21T06:00:00,T
901976,501976,SETTLE_PLATE_TSA,0,0,0,0.0,CFU/plate,0,5,3.0,T,A,dpatel,2025-11-19T15:00:00,tolawale,2025-11-19T23:00:00,T
901977,501977,VIABLE_AIR_USP,0,2,2,2.0,CFU/m3,0,20,10.0,T,A,anguyen,2025-11-19T08:00:00,dpatel,2025-11-19T17:00:00,T
901978,501978,SETTLE_PLATE_TSA,0,2,2,2.0,CFU/plate,0,50,25.0,T,A,jchen,2025-11-19T10:00:00,anguyen,2025-11-19T16:00:00,T
901979,501979,VIABLE_AIR_USP,0,13,13,13.0,CFU/m3,0,200,100.0,T,A,dpatel,2025-11-20T09:00:00,skwon,2025-11-21T02:00:00,T
901980,501980,SETTLE_PLATE_TSA,0,10,10,10.0,CFU/plate,0,100,50.0,T,A,tolawale,2025-11-19T16:00:00,jchen,2025-11-20T18:00:00,T
901981,501981,VIABLE_AIR_USP,0,25,25,25.0,CFU/m3,0,400,200.0,T,A,anguyen,2025-11-20T12:00:00,jchen,2025-11-21T02:00:00,T
901982,501982,SETTLE_PLATE_TSA,0,0,0,0.0,CFU/plate,0,1,1.0,T,A,mrodriguez,2025-11-20T14:00:00,jchen,2025-11-21T15:00:00,T
901983,501983,VIABLE_AIR_USP,0,0,0,0.0,CFU/m3,0,1,1.0,T,A,dpatel,2025-11-21T07:00:00,anguyen,2025-11-22T11:00:00,T
901984,501984,SETTLE_PLATE_TSA,0,0,0,0.0,CFU/plate,0,5,3.0,T,A,jchen,2025-11-21T16:00:00,tolawale,2025-11-22T18:00:00,T
901985,501985,VIABLE_AIR_USP,0,1,1,1.0,CFU/m3,0,20,10.0,T,A,mrodriguez,2025-11-21T14:00:00,jchen,2025-11-22T15:00:00,T
901986,501986,SETTLE_PLATE_TSA,0,2,2,2.0,CFU/plate,0,50,25.0,T,A,anguyen,2025-11-20T11:00:00,skwon,2025-11-20T22:00:00,T
901987,501987,VIABLE_AIR_USP,0,11,11,11.0,CFU/m3,0,200,100.0,T,A,tolawale,2025-11-20T16:00:00,mrodriguez,2025-11-20T19:00:00,T
901988,501988,SETTLE_PLATE_TSA,0,6,6,6.0,CFU/plate,0,100,50.0,T,A,jchen,2025-11-21T06:00:00,anguyen,2025-11-22T03:00:00,T
901989,501989,VIABLE_AIR_USP,0,22,22,22.0,CFU/m3,0,400,200.0,T,A,anguyen,2025-11-21T14:00:00,jchen,2025-11-22T10:00:00,T
901990,501990,SETTLE_PLATE_TSA,0,0,0,0.0,CFU/plate,0,1,1.0,T,A,anguyen,2025-11-22T14:00:00,anguyen,2025-11-23T16:00:00,T
901991,501991,VIABLE_AIR_USP,0,0,0,0.0,CFU/m3,0,1,1.0,T,A,anguyen,2025-11-22T09:00:00,dpatel,2025-11-23T15:00:00,T
901992,501992,SETTLE_PLATE_TSA,0,0,0,0.0,CFU/plate,0,5,3.0,T,A,skwon,2025-11-21T12:00:00,jchen,2025-11-22T00:00:00,T
901993,501993,VIABLE_AIR_USP,0,2,2,2.0,CFU/m3,0,20,10.0,T,A,dpatel,2025-11-21T12:00:00,jchen,2025-11-22T18:00:00,T
901994,501994,SETTLE_PLATE_TSA,0,3,3,3.0,CFU/plate,0,50,25.0,T,A,mrodriguez,2025-11-22T14:00:00,jchen,2025-11-23T10:00:00,T
901995,501995,VIABLE_AIR_USP,0,10,10,10.0,CFU/m3,0,200,100.0,T,A,anguyen,2025-11-22T07:00:00,jchen,2025-11-22T23:00:00,T
901996,501996,SETTLE_PLATE_TSA,0,8,8,8.0,CFU/plate,0,100,50.0,T,A,dpatel,2025-11-21T15:00:00,dpatel,2025-11-22T12:00:00,T
901997,501997,VIABLE_AIR_USP,0,22,22,22.0,CFU/m3,0,400,200.0,T,A,dpatel,2025-11-21T18:00:00,dpatel,2025-11-22T20:00:00,T
901998,501998,SETTLE_PLATE_TSA,0,0,0,0.0,CFU/plate,0,1,1.0,T,A,tolawale,2025-11-22T15:00:00,anguyen,2025-11-23T03:00:00,T
901999,501999,VIABLE_AIR_USP,0,0,0,0.0,CFU/m3,0,1,1.0,T,A,skwon,2025-11-23T15:00:00,skwon,2025-11-24T14:00:00,T
902000,502000,SETTLE_PLATE_TSA,0,0,0,0.0,CFU/plate,0,5,3.0,T,A,skwon,2025-11-23T16:00:00,mrodriguez,2025-11-24T14:00:00,T
902001,502001,VIABLE_AIR_USP,0,2,2,2.0,CFU/m3,0,20,10.0,T,A,skwon,2025-11-22T12:00:00,dpatel,2025-11-23T15:00:00,T
902002,502002,SETTLE_PLATE_TSA,0,2,2,2.0,CFU/plate,0,50,25.0,T,A,mrodriguez,2025-11-23T16:00:00,anguyen,2025-11-23T22:00:00,T
902003,502003,VIABLE_AIR_USP,0,17,17,17.0,CFU/m3,0,200,100.0,T,A,anguyen,2025-11-22T08:00:00,skwon,2025-11-23T12:00:00,T
902004,502004,SETTLE_PLATE_TSA,0,6,6,6.0,CFU/plate,0,100,50.0,T,A,tolawale,2025-11-23T12:00:00,jchen,2025-11-24T18:00:00,T
902005,502005,VIABLE_AIR_USP,0,24,24,24.0,CFU/m3,0,400,200.0,T,A,skwon,2025-11-22T07:00:00,anguyen,2025-11-23T06:00:00,T
902006,502006,SETTLE_PLATE_TSA,0,0,0,0.0,CFU/plate,0,1,1.0,T,A,jchen,2025-11-23T10:00:00,tolawale,2025-11-23T14:00:00,T
902007,502007,VIABLE_AIR_USP,0,0,0,0.0,CFU/m3,0,1,1.0,T,A,jchen,2025-11-23T16:00:00,skwon,2025-11-24T00:00:00,T
902008,502008,SETTLE_PLATE_TSA,0,0,0,0.0,CFU/plate,0,5,3.0,T,A,jchen,2025-11-23T11:00:00,skwon,2025-11-23T21:00:00,T
902009,502009,VIABLE_AIR_USP,0,2,2,2.0,CFU/m3,0,20,10.0,T,A,dpatel,2025-11-23T17:00:00,tolawale,2025-11-24T23:00:00,T
902010,502010,SETTLE_PLATE_TSA,0,2,2,2.0,CFU/plate,0,50,25.0,T,A,anguyen,2025-11-23T15:00:00,tolawale,2025-11-24T18:00:00,T
902011,502011,VIABLE_AIR_USP,0,9,9,9.0,CFU/m3,0,200,100.0,T,A,skwon,2025-11-23T10:00:00,jchen,2025-11-24T12:00:00,T
902012,502012,SETTLE_PLATE_TSA,0,4,4,4.0,CFU/plate,0,100,50.0,T,A,mrodriguez,2025-11-24T09:00:00,dpatel,2025-11-24T13:00:00,T
902013,502013,VIABLE_AIR_USP,0,25,25,25.0,CFU/m3,0,400,200.0,T,A,mrodriguez,2025-11-24T08:00:00,jchen,2025-11-25T00:00:00,T
902014,502014,SETTLE_PLATE_TSA,0,0,0,0.0,CFU/plate,0,1,1.0,T,A,tolawale,2025-11-24T07:00:00,mrodriguez,2025-11-24T21:00:00,T
902015,502015,VIABLE_AIR_USP,0,0,0,0.0,CFU/m3,0,1,1.0,T,A,anguyen,2025-11-25T09:00:00,anguyen,2025-11-26T01:00:00,T
902016,502016,SETTLE_PLATE_TSA,0,0,0,0.0,CFU/plate,0,5,3.0,T,A,jchen,2025-11-25T10:00:00,anguyen,2025-11-26T16:00:00,T
902017,502017,VIABLE_AIR_USP,0,0,0,0.0,CFU/m3,0,20,10.0,T,A,anguyen,2025-11-28T13:00:00,skwon,2025-11-28T16:00:00,T
902018,502018,SETTLE_PLATE_TSA,0,4,4,4.0,CFU/plate,0,50,25.0,T,A,skwon,2025-11-24T09:00:00,tolawale,2025-11-25T01:00:00,T
902019,502019,VIABLE_AIR_USP,0,8,8,8.0,CFU/m3,0,200,100.0,T,A,skwon,2025-11-24T08:00:00,tolawale,2025-11-25T14:00:00,T
902020,502020,SETTLE_PLATE_TSA,0,2,2,2.0,CFU/plate,0,100,50.0,T,A,jchen,2025-11-28T08:00:00,anguyen,2025-11-29T14:00:00,T
902021,502021,VIABLE_AIR_USP,0,20,20,20.0,CFU/m3,0,400,200.0,T,A,jchen,2025-11-25T15:00:00,anguyen,2025-11-26T06:00:00,T
902022,502022,BIOBURDEN_USP61,0,5,5,5.0,CFU/device,0,100,50.0,T,A,skwon,2025-11-24T10:00:00,anguyen,2025-11-25T01:00:00,T
902023,502023,LAL_KINETIC,0,1.27,1.27,1.27,EU/device,0,20,10.0,T,A,jchen,2025-11-26T07:00:00,tolawale,2025-11-26T14:00:00,T
902024,502024,BIOBURDEN_USP61,0,9,9,9.0,CFU/device,0,100,50.0,T,A,mrodriguez,2025-11-26T08:00:00,jchen,2025-11-27T00:00:00,T
902025,502025,LAL_KINETIC,0,0.6,0.6,0.6,EU/device,0,20,10.0,T,A,tolawale,2025-11-26T09:00:00,tolawale,2025-11-27T04:00:00,T
902026,502026,BIOBURDEN_USP61,0,5,5,5.0,CFU/device,0,100,50.0,T,A,skwon,2025-11-25T06:00:00,skwon,2025-11-25T09:00:00,T
902027,502027,LAL_KINETIC,0,1.53,1.53,1.53,EU/device,0,20,10.0,T,A,skwon,2025-11-26T07:00:00,dpatel,2025-11-26T13:00:00,T
902028,502028,SETTLE_PLATE_TSA,0,1,1,1.0,CFU/plate,0,1,1.0,F,A,jchen,2025-11-25T09:00:00,dpatel,2025-11-25T18:00:00,T
902029,502029,VIABLE_AIR_USP,0,0,0,0.0,CFU/m3,0,1,1.0,T,A,tolawale,2025-11-26T09:00:00,anguyen,2025-11-27T11:00:00,T
902030,502030,SETTLE_PLATE_TSA,0,0,0,0.0,CFU/plate,0,5,3.0,T,A,skwon,2025-11-25T16:00:00,jchen,2025-11-26T14:00:00,T
902031,502031,VIABLE_AIR_USP,0,1,1,1.0,CFU/m3,0,20,10.0,T,A,dpatel,2025-11-26T07:00:00,anguyen,2025-11-27T02:00:00,T
902032,502032,SETTLE_PLATE_TSA,0,0,0,0.0,CFU/plate,0,50,25.0,T,A,skwon,2025-11-26T15:00:00,mrodriguez,2025-11-27T20:00:00,T
902033,502033,VIABLE_AIR_USP,0,12,12,12.0,CFU/m3,0,200,100.0,T,A,dpatel,2025-11-25T14:00:00,anguyen,2025-11-26T05:00:00,T
902034,502034,SETTLE_PLATE_TSA,0,8,8,8.0,CFU/plate,0,100,50.0,T,A,dpatel,2025-11-26T15:00:00,anguyen,2025-11-27T20:00:00,T
902035,502035,VIABLE_AIR_USP,0,27,27,27.0,CFU/m3,0,400,200.0,T,A,tolawale,2025-11-26T13:00:00,anguyen,2025-11-27T11:00:00,T
902036,502036,SETTLE_PLATE_TSA,0,0,0,0.0,CFU/plate,0,1,1.0,T,A,jchen,2025-11-26T12:00:00,skwon,2025-11-27T18:00:00,T
902037,502037,VIABLE_AIR_USP,0,0,0,0.0,CFU/m3,0,1,1.0,T,A,mrodriguez,2025-11-26T09:00:00,dpatel,2025-11-27T06:00:00,T
902038,502038,SETTLE_PLATE_TSA,0,0,0,0.0,CFU/plate,0,5,3.0,T,A,jchen,2025-11-27T17:00:00,skwon,2025-11-28T14:00:00,T
902039,502039,VIABLE_AIR_USP,0,0,0,0.0,CFU/m3,0,20,10.0,T,A,anguyen,2025-11-27T15:00:00,mrodriguez,2025-11-28T08:00:00,T
902040,502040,SETTLE_PLATE_TSA,0,4,4,4.0,CFU/plate,0,50,25.0,T,A,anguyen,2025-11-27T08:00:00,anguyen,2025-11-28T11:00:00,T
902041,502041,VIABLE_AIR_USP,0,6,6,6.0,CFU/m3,0,200,100.0,T,A,jchen,2025-11-26T13:00:00,tolawale,2025-11-27T02:00:00,T
902042,502042,SETTLE_PLATE_TSA,0,8,8,8.0,CFU/plate,0,100,50.0,T,A,skwon,2025-11-27T15:00:00,jchen,2025-11-28T11:00:00,T
902043,502043,VIABLE_AIR_USP,0,30,30,30.0,CFU/m3,0,400,200.0,T,A,dpatel,2025-11-26T12:00:00,dpatel,2025-11-27T17:00:00,T
902044,502044,SETTLE_PLATE_TSA,0,0,0,0.0,CFU/plate,0,1,1.0,T,A,skwon,2025-11-27T11:00:00,dpatel,2025-11-28T00:00:00,T
902045,502045,VIABLE_AIR_USP,0,0,0,0.0,CFU/m3,0,1,1.0,T,A,tolawale,2025-11-28T13:00:00,mrodriguez,2025-11-29T17:00:00,T
902046,502046,SETTLE_PLATE_TSA,0,0,0,0.0,CFU/plate,0,5,3.0,T,A,dpatel,2025-11-28T07:00:00,dpatel,2025-11-29T06:00:00,T
902047,502047,VIABLE_AIR_USP,0,0,0,0.0,CFU/m3,0,20,10.0,T,A,tolawale,2025-11-28T10:00:00,mrodriguez,2025-11-28T22:00:00,T
902048,502048,SETTLE_PLATE_TSA,0,4,4,4.0,CFU/plate,0,50,25.0,T,A,anguyen,2025-11-27T14:00:00,tolawale,2025-11-28T08:00:00,T
902049,502049,VIABLE_AIR_USP,0,9,9,9.0,CFU/m3,0,200,100.0,T,A,anguyen,2025-11-28T12:00:00,tolawale,2025-11-29T01:00:00,T
902050,502050,SETTLE_PLATE_TSA,0,5,5,5.0,CFU/plate,0,100,50.0,T,A,anguyen,2025-11-28T16:00:00,dpatel,2025-11-29T18:00:00,T
902051,502051,VIABLE_AIR_USP,0,21,21,21.0,CFU/m3,0,400,200.0,T,A,jchen,2025-11-27T15:00:00,jchen,2025-11-28T19:00:00,T
902052,502052,SETTLE_PLATE_TSA,0,0,0,0.0,CFU/plate,0,1,1.0,T,A,anguyen,2025-11-28T12:00:00,dpatel,2025-11-29T06:00:00,T
902053,502053,VIABLE_AIR_USP,0,0,0,0.0,CFU/m3,0,1,1.0,T,A,jchen,2025-11-29T11:00:00,jchen,2025-11-30T01:00:00,T
902054,502054,SETTLE_PLATE_TSA,0,0,0,0.0,CFU/plate,0,5,3.0,T,A,dpatel,2025-11-28T07:00:00,mrodriguez,2025-11-28T15:00:00,T
902055,502055,VIABLE_AIR_USP,0,0,0,0.0,CFU/m3,0,20,10.0,T,A,skwon,2025-11-28T10:00:00,skwon,2025-11-29T13:00:00,T
902056,502056,SETTLE_PLATE_TSA,0,2,2,2.0,CFU/plate,0,50,25.0,T,A,anguyen,2025-11-28T07:00:00,jchen,2025-11-28T18:00:00,T
902057,502057,VIABLE_AIR_USP,0,9,9,9.0,CFU/m3,0,200,100.0,T,A,skwon,2025-11-28T15:00:00,jchen,2025-11-29T08:00:00,T
902058,502058,SETTLE_PLATE_TSA,0,5,5,5.0,CFU/plate,0,100,50.0,T,A,jchen,2025-11-28T12:00:00,anguyen,2025-11-29T17:00:00,T
902059,502059,VIABLE_AIR_USP,0,23,23,23.0,CFU/m3,0,400,200.0,T,A,skwon,2025-11-28T13:00:00,skwon,2025-11-29T08:00:00,T
902060,502060,SETTLE_PLATE_TSA,0,0,0,0.0,CFU/plate,0,1,1.0,T,A,anguyen,2025-11-30T18:00:00,dpatel,2025-12-01T10:00:00,T
902061,502061,VIABLE_AIR_USP,0,0,0,0.0,CFU/m3,0,1,1.0,T,A,skwon,2025-11-30T11:00:00,dpatel,2025-12-01T06:00:00,T
902062,502062,SETTLE_PLATE_TSA,0,2,2,2.0,CFU/plate,0,5,3.0,T,A,dpatel,2025-11-30T10:00:00,dpatel,2025-12-01T04:00:00,T
902063,502063,VIABLE_AIR_USP,0,1,1,1.0,CFU/m3,0,20,10.0,T,A,jchen,2025-11-30T11:00:00,jchen,2025-11-30T13:00:00,T
902064,502064,SETTLE_PLATE_TSA,0,3,3,3.0,CFU/plate,0,50,25.0,T,A,dpatel,2025-11-29T10:00:00,mrodriguez,2025-11-29T14:00:00,T
902065,502065,VIABLE_AIR_USP,0,7,7,7.0,CFU/m3,0,200,100.0,T,A,dpatel,2025-11-29T09:00:00,dpatel,2025-11-29T11:00:00,T
902066,502066,SETTLE_PLATE_TSA,0,4,4,4.0,CFU/plate,0,100,50.0,T,A,anguyen,2025-11-29T13:00:00,anguyen,2025-11-30T00:00:00,T
902067,502067,VIABLE_AIR_USP,0,19,19,19.0,CFU/m3,0,400,200.0,T,A,skwon,2025-11-30T11:00:00,mrodriguez,2025-12-01T04:00:00,T
902068,502068,SETTLE_PLATE_TSA,0,0,0,0.0,CFU/plate,0,1,1.0,T,A,tolawale,2025-12-01T11:00:00,mrodriguez,2025-12-02T12:00:00,T
902069,502069,VIABLE_AIR_USP,0,0,0,0.0,CFU/m3,0,1,1.0,T,A,tolawale,2025-12-01T14:00:00,anguyen,2025-12-01T22:00:00,T
902070,502070,SETTLE_PLATE_TSA,0,0,0,0.0,CFU/plate,0,5,3.0,T,A,jchen,2025-11-30T11:00:00,anguyen,2025-11-30T17:00:00,T
902071,502071,VIABLE_AIR_USP,0,1,1,1.0,CFU/m3,0,20,10.0,T,A,tolawale,2025-11-30T06:00:00,jchen,2025-11-30T20:00:00,T
902072,502072,SETTLE_PLATE_TSA,0,1,1,1.0,CFU/plate,0,50,25.0,T,A,skwon,2025-11-30T10:00:00,skwon,2025-12-01T10:00:00,T
902073,502073,VIABLE_AIR_USP,0,13,13,13.0,CFU/m3,0,200,100.0,T,A,mrodriguez,2025-12-01T18:00:00,tolawale,2025-12-02T18:00:00,T
902074,502074,SETTLE_PLATE_TSA,0,9,9,9.0,CFU/plate,0,100,50.0,T,A,skwon,2025-12-01T13:00:00,dpatel,2025-12-02T08:00:00,T
902075,502075,VIABLE_AIR_USP,0,27,27,27.0,CFU/m3,0,400,200.0,T,A,mrodriguez,2025-11-30T14:00:00,jchen,2025-11-30T20:00:00,T
902076,502076,SETTLE_PLATE_TSA,0,0,0,0.0,CFU/plate,0,1,1.0,T,A,skwon,2025-12-01T10:00:00,anguyen,2025-12-02T00:00:00,T
902077,502077,VIABLE_AIR_USP,0,0,0,0.0,CFU/m3,0,1,1.0,T,A,jchen,2025-12-01T10:00:00,mrodriguez,2025-12-02T02:00:00,T
902078,502078,SETTLE_PLATE_TSA,0,0,0,0.0,CFU/plate,0,5,3.0,T,A,anguyen,2025-12-01T07:00:00,mrodriguez,2025-12-01T19:00:00,T
902079,502079,VIABLE_AIR_USP,0,1,1,1.0,CFU/m3,0,20,10.0,T,A,anguyen,2025-12-02T12:00:00,skwon,2025-12-02T17:00:00,T
902080,502080,SETTLE_PLATE_TSA,0,1,1,1.0,CFU/plate,0,50,25.0,T,A,jchen,2025-12-01T18:00:00,mrodriguez,2025-12-02T13:00:00,T
902081,502081,VIABLE_AIR_USP,0,12,12,12.0,CFU/m3,0,200,100.0,T,A,tolawale,2025-12-01T16:00:00,anguyen,2025-12-02T00:00:00,T
902082,502082,SETTLE_PLATE_TSA,0,2,2,2.0,CFU/plate,0,100,50.0,T,A,jchen,2025-12-02T16:00:00,skwon,2025-12-03T01:00:00,T
902083,502083,VIABLE_AIR_USP,0,30,30,30.0,CFU/m3,0,400,200.0,T,A,anguyen,2025-12-02T13:00:00,tolawale,2025-12-03T10:00:00,T
902084,502084,BIOBURDEN_USP61,0,2,2,2.0,CFU/device,0,100,50.0,T,A,skwon,2025-12-01T10:00:00,mrodriguez,2025-12-01T17:00:00,T
902085,502085,LAL_KINETIC,0,2.11,2.11,2.11,EU/device,0,20,10.0,T,A,jchen,2025-12-01T09:00:00,mrodriguez,2025-12-01T12:00:00,T
902086,502086,BIOBURDEN_USP61,0,2,2,2.0,CFU/device,0,100,50.0,T,A,anguyen,2025-12-02T09:00:00,skwon,2025-12-02T14:00:00,T
902087,502087,LAL_KINETIC,0,0.73,0.73,0.73,EU/device,0,20,10.0,T,A,mrodriguez,2025-12-03T08:00:00,mrodriguez,2025-12-04T03:00:00,T
902088,502088,BIOBURDEN_USP61,0,4,4,4.0,CFU/device,0,100,50.0,T,A,mrodriguez,2025-12-02T06:00:00,tolawale,2025-12-02T20:00:00,T
902089,502089,LAL_KINETIC,0,1.09,1.09,1.09,EU/device,0,20,10.0,T,A,anguyen,2025-12-01T06:00:00,jchen,2025-12-01T13:00:00,T
902090,502090,BIOBURDEN_USP61,0,3,3,3.0,CFU/device,0,100,50.0,T,A,tolawale,2025-12-02T10:00:00,anguyen,2025-12-03T04:00:00,T
902091,502091,LAL_KINETIC,0,2.23,2.23,2.23,EU/device,0,20,10.0,T,A,skwon,2025-12-02T10:00:00,tolawale,2025-12-02T18:00:00,T
902092,502092,BIOBURDEN_USP61,0,4,4,4.0,CFU/device,0,100,50.0,T,A,dpatel,2025-12-01T10:00:00,anguyen,2025-12-01T19:00:00,T
902093,502093,LAL_KINETIC,0,1.03,1.03,1.03,EU/device,0,20,10.0,T,A,jchen,2025-12-01T09:00:00,dpatel,2025-12-01T17:00:00,T
902094,502094,SETTLE_PLATE_TSA,0,0,0,0.0,CFU/plate,0,1,1.0,T,A,tolawale,2025-12-03T10:00:00,dpatel,2025-12-04T02:00:00,T
902095,502095,VIABLE_AIR_USP,0,0,0,0.0,CFU/m3,0,1,1.0,T,A,mrodriguez,2025-12-02T07:00:00,tolawale,2025-12-03T09:00:00,T
902096,502096,SETTLE_PLATE_TSA,0,1,1,1.0,CFU/plate,0,5,3.0,T,A,tolawale,2025-12-02T11:00:00,skwon,2025-12-02T22:00:00,T
902097,502097,VIABLE_AIR_USP,0,2,2,2.0,CFU/m3,0,20,10.0,T,A,mrodriguez,2025-12-06T10:00:00,skwon,2025-12-07T06:00:00,T
902098,502098,SETTLE_PLATE_TSA,0,2,2,2.0,CFU/plate,0,50,25.0,T,A,skwon,2025-12-02T12:00:00,tolawale,2025-12-03T02:00:00,T
902099,502099,VIABLE_AIR_USP,0,10,10,10.0,CFU/m3,0,200,100.0,T,A,jchen,2025-12-02T14:00:00,tolawale,2025-12-03T05:00:00,T
902100,502100,SETTLE_PLATE_TSA,0,6,6,6.0,CFU/plate,0,100,50.0,T,A,tolawale,2025-12-02T11:00:00,jchen,2025-12-03T01:00:00,T
902101,502101,VIABLE_AIR_USP,0,28,28,28.0,CFU/m3,0,400,200.0,T,A,jchen,2025-12-02T14:00:00,dpatel,2025-12-02T20:00:00,T
902102,502102,SETTLE_PLATE_TSA,0,0,0,0.0,CFU/plate,0,1,1.0,T,A,mrodriguez,2025-12-03T09:00:00,mrodriguez,2025-12-03T20:00:00,T
902103,502103,VIABLE_AIR_USP,0,0,0,0.0,CFU/m3,0,1,1.0,T,A,mrodriguez,2025-12-03T15:00:00,dpatel,2025-12-04T13:00:00,T
902104,502104,SETTLE_PLATE_TSA,0,0,0,0.0,CFU/plate,0,5,3.0,T,A,dpatel,2025-12-03T11:00:00,tolawale,2025-12-03T13:00:00,T
902105,502105,VIABLE_AIR_USP,0,2,2,2.0,CFU/m3,0,20,10.0,T,A,mrodriguez,2025-12-03T15:00:00,anguyen,2025-12-03T21:00:00,T
902106,502106,SETTLE_PLATE_TSA,0,1,1,1.0,CFU/plate,0,50,25.0,T,A,anguyen,2025-12-04T11:00:00,jchen,2025-12-05T12:00:00,T
902107,502107,VIABLE_AIR_USP,0,8,8,8.0,CFU/m3,0,200,100.0,T,A,mrodriguez,2025-12-04T08:00:00,anguyen,2025-12-05T10:00:00,T
902108,502108,SETTLE_PLATE_TSA,0,3,3,3.0,CFU/plate,0,100,50.0,T,A,mrodriguez,2025-12-03T08:00:00,skwon,2025-12-03T18:00:00,T
902109,502109,VIABLE_AIR_USP,0,14,14,14.0,CFU/m3,0,400,200.0,T,A,dpatel,2025-12-04T14:00:00,mrodriguez,2025-12-05T16:00:00,T
902110,502110,SETTLE_PLATE_TSA,0,1,1,1.0,CFU/plate,0,1,1.0,F,A,tolawale,2025-12-04T08:00:00,skwon,2025-12-05T01:00:00,T
902111,502111,VIABLE_AIR_USP,0,0,0,0.0,CFU/m3,0,1,1.0,T,A,anguyen,2025-12-04T09:00:00,jchen,2025-12-05T06:00:00,T
902112,502112,SETTLE_PLATE_TSA,0,0,0,0.0,CFU/plate,0,5,3.0,T,A,skwon,2025-12-04T12:00:00,mrodriguez,2025-12-04T21:00:00,T
902113,502113,VIABLE_AIR_USP,0,1,1,1.0,CFU/m3,0,20,10.0,T,A,tolawale,2025-12-04T15:00:00,mrodriguez,2025-12-05T03:00:00,T
902114,502114,SETTLE_PLATE_TSA,0,2,2,2.0,CFU/plate,0,50,25.0,T,A,mrodriguez,2025-12-05T06:00:00,jchen,2025-12-05T15:00:00,T
902115,502115,VIABLE_AIR_USP,0,16,16,16.0,CFU/m3,0,200,100.0,T,A,skwon,2025-12-05T13:00:00,anguyen,2025-12-06T04:00:00,T
902116,502116,SETTLE_PLATE_TSA,0,9,9,9.0,CFU/plate,0,100,50.0,T,A,tolawale,2025-12-05T15:00:00,mrodriguez,2025-12-06T02:00:00,T
902117,502117,VIABLE_AIR_USP,0,30,30,30.0,CFU/m3,0,400,200.0,T,A,skwon,2025-12-04T12:00:00,jchen,2025-12-05T04:00:00,T
902118,502118,SETTLE_PLATE_TSA,0,0,0,0.0,CFU/plate,0,1,1.0,T,A,jchen,2025-12-05T06:00:00,tolawale,2025-12-05T14:00:00,T
902119,502119,VIABLE_AIR_USP,0,0,0,0.0,CFU/m3,0,1,1.0,T,A,mrodriguez,2025-12-06T14:00:00,skwon,2025-12-07T16:00:00,T
902120,502120,SETTLE_PLATE_TSA,0,0,0,0.0,CFU/plate,0,5,3.0,T,A,anguyen,2025-12-08T11:00:00,mrodriguez,2025-12-09T03:00:00,T
902121,502121,VIABLE_AIR_USP,0,0,0,0.0,CFU/m3,0,20,10.0,T,A,dpatel,2025-12-06T07:00:00,jchen,2025-12-06T15:00:00,T
902122,502122,SETTLE_PLATE_TSA,0,4,4,4.0,CFU/plate,0,50,25.0,T,A,jchen,2025-12-05T12:00:00,dpatel,2025-12-05T16:00:00,T
902123,502123,VIABLE_AIR_USP,0,3,3,3.0,CFU/m3,0,200,100.0,T,A,dpatel,2025-12-05T16:00:00,tolawale,2025-12-05T23:00:00,T
902124,502124,SETTLE_PLATE_TSA,0,5,5,5.0,CFU/plate,0,100,50.0,T,A,skwon,2025-12-06T17:00:00,skwon,2025-12-07T08:00:00,T
902125,502125,VIABLE_AIR_USP,0,21,21,21.0,CFU/m3,0,400,200.0,T,A,jchen,2025-12-05T14:00:00,mrodriguez,2025-12-05T22:00:00,T
902126,502126,SETTLE_PLATE_TSA,0,1,1,1.0,CFU/plate,0,1,1.0,F,A,dpatel,2025-12-07T15:00:00,jchen,2025-12-08T19:00:00,T
902127,502127,VIABLE_AIR_USP,0,0,0,0.0,CFU/m3,0,1,1.0,T,A,tolawale,2025-12-06T07:00:00,skwon,2025-12-06T10:00:00,T
902128,502128,SETTLE_PLATE_TSA,0,0,0,0.0,CFU/plate,0,5,3.0,T,A,dpatel,2025-12-06T09:00:00,jchen,2025-12-07T12:00:00,T
902129,502129,VIABLE_AIR_USP,0,1,1,1.0,CFU/m3,0,20,10.0,T,A,tolawale,2025-12-07T09:00:00,tolawale,2025-12-07T11:00:00,T
902130,502130,SETTLE_PLATE_TSA,0,1,1,1.0,CFU/plate,0,50,25.0,T,A,anguyen,2025-12-07T10:00:00,tolawale,2025-12-07T22:00:00,T
902131,502131,VIABLE_AIR_USP,0,13,13,13.0,CFU/m3,0,200,100.0,T,A,dpatel,2025-12-06T10:00:00,anguyen,2025-12-07T07:00:00,T
902132,502132,SETTLE_PLATE_TSA,0,3,3,3.0,CFU/plate,0,100,50.0,T,A,skwon,2025-12-07T18:00:00,mrodriguez,2025-12-08T11:00:00,T
902133,502133,VIABLE_AIR_USP,0,14,14,14.0,CFU/m3,0,400,200.0,T,A,skwon,2025-12-06T13:00:00,anguyen,2025-12-07T03:00:00,T
902134,502134,SETTLE_PLATE_TSA,0,0,0,0.0,CFU/plate,0,1,1.0,T,A,skwon,2025-12-07T12:00:00,jchen,2025-12-08T05:00:00,T
902135,502135,VIABLE_AIR_USP,0,0,0,0.0,CFU/m3,0,1,1.0,T,A,dpatel,2025-12-07T15:00:00,mrodriguez,2025-12-08T06:00:00,T
902136,502136,SETTLE_PLATE_TSA,0,0,0,0.0,CFU/plate,0,5,3.0,T,A,anguyen,2025-12-07T17:00:00,jchen,2025-12-08T20:00:00,T
902137,502137,VIABLE_AIR_USP,0,0,0,0.0,CFU/m3,0,20,10.0,T,A,mrodriguez,2025-12-07T08:00:00,jchen,2025-12-07T16:00:00,T
902138,502138,SETTLE_PLATE_TSA,0,1,1,1.0,CFU/plate,0,50,25.0,T,A,jchen,2025-12-07T09:00:00,tolawale,2025-12-08T08:00:00,T
902139,502139,VIABLE_AIR_USP,0,16,16,16.0,CFU/m3,0,200,100.0,T,A,jchen,2025-12-07T11:00:00,tolawale,2025-12-08T00:00:00,T
902140,502140,SETTLE_PLATE_TSA,0,7,7,7.0,CFU/plate,0,100,50.0,T,A,jchen,2025-12-08T07:00:00,anguyen,2025-12-09T08:00:00,T
902141,502141,VIABLE_AIR_USP,0,27,27,27.0,CFU/m3,0,400,200.0,T,A,tolawale,2025-12-07T16:00:00,dpatel,2025-12-08T06:00:00,T
902142,502142,SETTLE_PLATE_TSA,0,0,0,0.0,CFU/plate,0,1,1.0,T,A,skwon,2025-12-09T14:00:00,mrodriguez,2025-12-10T08:00:00,T
902143,502143,VIABLE_AIR_USP,0,0,0,0.0,CFU/m3,0,1,1.0,T,A,anguyen,2025-12-08T17:00:00,jchen,2025-12-09T00:00:00,T
902144,502144,SETTLE_PLATE_TSA,0,0,0,0.0,CFU/plate,0,5,3.0,T,A,skwon,2025-12-08T11:00:00,skwon,2025-12-09T15:00:00,T
902145,502145,VIABLE_AIR_USP,0,1,1,1.0,CFU/m3,0,20,10.0,T,A,anguyen,2025-12-08T10:00:00,tolawale,2025-12-09T04:00:00,T
902146,502146,SETTLE_PLATE_TSA,0,8,8,8.0,CFU/plate,0,50,25.0,T,A,anguyen,2025-12-08T14:00:00,anguyen,2025-12-09T15:00:00,T
902147,502147,VIABLE_AIR_USP,0,4,4,4.0,CFU/m3,0,200,100.0,T,A,tolawale,2025-12-09T09:00:00,mrodriguez,2025-12-10T05:00:00,T
902148,502148,SETTLE_PLATE_TSA,0,3,3,3.0,CFU/plate,0,100,50.0,T,A,anguyen,2025-12-09T12:00:00,anguyen,2025-12-09T15:00:00,T
902149,502149,VIABLE_AIR_USP,0,13,13,13.0,CFU/m3,0,400,200.0,T,A,skwon,2025-12-08T12:00:00,dpatel,2025-12-09T13:00:00,T
902150,502150,BIOBURDEN_USP61,0,8,8,8.0,CFU/device,0,100,50.0,T,A,mrodriguez,2025-12-09T09:00:00,skwon,2025-12-09T12:00:00,T
902151,502151,LAL_KINETIC,0,3.12,3.12,3.12,EU/device,0,20,10.0,T,A,anguyen,2025-12-09T08:00:00,mrodriguez,2025-12-09T22:00:00,T
902152,502152,BIOBURDEN_USP61,0,4,4,4.0,CFU/device,0,100,50.0,T,A,jchen,2025-12-09T09:00:00,dpatel,2025-12-10T01:00:00,T
902153,502153,LAL_KINETIC,0,2.29,2.29,2.29,EU/device,0,20,10.0,T,A,jchen,2025-12-09T07:00:00,anguyen,2025-12-09T09:00:00,T
902154,502154,BIOBURDEN_USP61,0,5,5,5.0,CFU/device,0,100,50.0,T,A,mrodriguez,2025-12-09T07:00:00,tolawale,2025-12-10T03:00:00,T
902155,502155,LAL_KINETIC,0,0.18,0.18,0.18,EU/device,0,20,10.0,T,A,dpatel,2025-12-10T09:00:00,jchen,2025-12-11T04:00:00,T
902156,502156,BIOBURDEN_USP61,0,1,1,1.0,CFU/device,0,100,50.0,T,A,dpatel,2025-12-10T07:00:00,tolawale,2025-12-10T21:00:00,T
902157,502157,LAL_KINETIC,0,5.62,5.62,5.62,EU/device,0,20,10.0,T,A,mrodriguez,2025-12-10T10:00:00,mrodriguez,2025-12-10T13:00:00,T
902158,502158,BIOBURDEN_USP61,0,5,5,5.0,CFU/device,0,100,50.0,T,A,mrodriguez,2025-12-10T09:00:00,anguyen,2025-12-11T01:00:00,T
902159,502159,LAL_KINETIC,0,1.57,1.57,1.57,EU/device,0,20,10.0,T,A,skwon,2025-12-08T06:00:00,dpatel,2025-12-08T10:00:00,T
902160,502160,SETTLE_PLATE_TSA,0,0,0,0.0,CFU/plate,0,1,1.0,T,A,dpatel,2025-12-09T10:00:00,jchen,2025-12-10T10:00:00,T
902161,502161,VIABLE_AIR_USP,0,0,0,0.0,CFU/m3,0,1,1.0,T,A,tolawale,2025-12-09T14:00:00,jchen,2025-12-09T21:00:00,T
902162,502162,SETTLE_PLATE_TSA,0,0,0,0.0,CFU/plate,0,5,3.0,T,A,anguyen,2025-12-10T10:00:00,dpatel,2025-12-10T17:00:00,T
902163,502163,VIABLE_AIR_USP,0,0,0,0.0,CFU/m3,0,20,10.0,T,A,mrodriguez,2025-12-09T15:00:00,jchen,2025-12-10T03:00:00,T
902164,502164,SETTLE_PLATE_TSA,0,1,1,1.0,CFU/plate,0,50,25.0,T,A,dpatel,2025-12-16T14:00:00,skwon,2025-12-17T04:00:00,T
902165,502165,VIABLE_AIR_USP,0,12,12,12.0,CFU/m3,0,200,100.0,T,A,tolawale,2025-12-09T13:00:00,anguyen,2025-12-10T10:00:00,T
902166,502166,SETTLE_PLATE_TSA,0,9,9,9.0,CFU/plate,0,100,50.0,T,A,anguyen,2025-12-09T16:00:00,mrodriguez,2025-12-10T08:00:00,T
902167,502167,VIABLE_AIR_USP,0,25,25,25.0,CFU/m3,0,400,200.0,T,A,skwon,2025-12-09T09:00:00,anguyen,2025-12-10T13:00:00,T
902168,502168,SETTLE_PLATE_TSA,0,0,0,0.0,CFU/plate,0,1,1.0,T,A,dpatel,2025-12-10T15:00:00,anguyen,2025-12-11T15:00:00,T
902169,502169,VIABLE_AIR_USP,0,1,1,1.0,CFU/m3,0,1,1.0,F,A,skwon,2025-12-10T15:00:00,dpatel,2025-12-11T03:00:00,T
902170,502170,SETTLE_PLATE_TSA,0,0,0,0.0,CFU/plate,0,5,3.0,T,A,mrodriguez,2025-12-10T10:00:00,skwon,2025-12-11T15:00:00,T
902171,502171,VIABLE_AIR_USP,0,0,0,0.0,CFU/m3,0,20,10.0,T,A,tolawale,2025-12-10T12:00:00,skwon,2025-12-10T17:00:00,T
902172,502172,SETTLE_PLATE_TSA,0,4,4,4.0,CFU/plate,0,50,25.0,T,A,mrodriguez,2025-12-11T09:00:00,mrodriguez,2025-12-12T00:00:00,T
902173,502173,VIABLE_AIR_USP,0,14,14,14.0,CFU/m3,0,200,100.0,T,A,jchen,2025-12-11T12:00:00,jchen,2025-12-12T01:00:00,T
902174,502174,SETTLE_PLATE_TSA,0,4,4,4.0,CFU/plate,0,100,50.0,T,A,jchen,2025-12-11T08:00:00,anguyen,2025-12-11T19:00:00,T
902175,502175,VIABLE_AIR_USP,0,22,22,22.0,CFU/m3,0,400,200.0,T,A,dpatel,2025-12-11T10:00:00,anguyen,2025-12-12T13:00:00,T
902176,502176,SETTLE_PLATE_TSA,0,0,0,0.0,CFU/plate,0,1,1.0,T,A,skwon,2025-12-17T13:00:00,dpatel,2025-12-17T20:00:00,T
902177,502177,VIABLE_AIR_USP,0,0,0,0.0,CFU/m3,0,1,1.0,T,A,skwon,2025-12-12T16:00:00,anguyen,2025-12-13T22:00:00,T
902178,502178,SETTLE_PLATE_TSA,0,0,0,0.0,CFU/plate,0,5,3.0,T,A,mrodriguez,2025-12-11T14:00:00,dpatel,2025-12-11T20:00:00,T
902179,502179,VIABLE_AIR_USP,0,1,1,1.0,CFU/m3,0,20,10.0,T,A,skwon,2025-12-11T15:00:00,dpatel,2025-12-12T03:00:00,T
902180,502180,SETTLE_PLATE_TSA,0,1,1,1.0,CFU/plate,0,50,25.0,T,A,anguyen,2025-12-11T08:00:00,tolawale,2025-12-11T10:00:00,T
902181,502181,VIABLE_AIR_USP,0,12,12,12.0,CFU/m3,0,200,100.0,T,A,jchen,2025-12-12T09:00:00,skwon,2025-12-13T11:00:00,T
902182,502182,SETTLE_PLATE_TSA,0,10,10,10.0,CFU/plate,0,100,50.0,T,A,dpatel,2025-12-12T10:00:00,jchen,2025-12-13T00:00:00,T
902183,502183,VIABLE_AIR_USP,0,20,20,20.0,CFU/m3,0,400,200.0,T,A,tolawale,2025-12-11T13:00:00,dpatel,2025-12-12T18:00:00,T
902184,502184,SETTLE_PLATE_TSA,0,0,0,0.0,CFU/plate,0,1,1.0,T,A,jchen,2025-12-19T09:00:00,anguyen,2025-12-19T14:00:00,T
902185,502185,VIABLE_AIR_USP,0,0,0,0.0,CFU/m3,0,1,1.0,T,A,skwon,2025-12-12T12:00:00,mrodriguez,2025-12-13T17:00:00,T
902186,502186,SETTLE_PLATE_TSA,0,1,1,1.0,CFU/plate,0,5,3.0,T,A,jchen,2025-12-13T16:00:00,skwon,2025-12-13T22:00:00,T
902187,502187,VIABLE_AIR_USP,0,2,2,2.0,CFU/m3,0,20,10.0,T,A,tolawale,2025-12-12T09:00:00,mrodriguez,2025-12-13T10:00:00,T
902188,502188,SETTLE_PLATE_TSA,0,3,3,3.0,CFU/plate,0,50,25.0,T,A,mrodriguez,2025-12-13T13:00:00,dpatel,2025-12-13T22:00:00,T
902189,502189,VIABLE_AIR_USP,0,10,10,10.0,CFU/m3,0,200,100.0,T,A,anguyen,2025-12-19T14:00:00,mrodriguez,2025-12-20T18:00:00,T
902190,502190,SETTLE_PLATE_TSA,0,4,4,4.0,CFU/plate,0,100,50.0,T,A,mrodriguez,2025-12-12T18:00:00,anguyen,2025-12-13T18:00:00,T
902191,502191,VIABLE_AIR_USP,0,18,18,18.0,CFU/m3,0,400,200.0,T,A,dpatel,2025-12-13T08:00:00,skwon,2025-12-13T11:00:00,T
902192,502192,SETTLE_PLATE_TSA,0,0,0,0.0,CFU/plate,0,1,1.0,T,A,dpatel,2025-12-14T10:00:00,jchen,2025-12-15T15:00:00,T
902193,502193,VIABLE_AIR_USP,0,0,0,0.0,CFU/m3,0,1,1.0,T,A,mrodriguez,2025-12-14T11:00:00,anguyen,2025-12-15T13:00:00,T
902194,502194,SETTLE_PLATE_TSA,0,1,1,1.0,CFU/plate,0,5,3.0,T,A,tolawale,2025-12-13T16:00:00,mrodriguez,2025-12-14T08:00:00,T
902195,502195,VIABLE_AIR_USP,0,1,1,1.0,CFU/m3,0,20,10.0,T,A,tolawale,2025-12-13T15:00:00,mrodriguez,2025-12-13T22:00:00,T
902196,502196,SETTLE_PLATE_TSA,0,2,2,2.0,CFU/plate,0,50,25.0,T,A,skwon,2025-12-13T17:00:00,jchen,2025-12-14T06:00:00,T
902197,502197,VIABLE_AIR_USP,0,13,13,13.0,CFU/m3,0,200,100.0,T,A,jchen,2025-12-14T09:00:00,dpatel,2025-12-15T13:00:00,T
902198,502198,SETTLE_PLATE_TSA,0,6,6,6.0,CFU/plate,0,100,50.0,T,A,skwon,2025-12-13T11:00:00,anguyen,2025-12-14T12:00:00,T
902199,502199,VIABLE_AIR_USP,0,22,22,22.0,CFU/m3,0,400,200.0,T,A,anguyen,2025-12-14T11:00:00,jchen,2025-12-15T17:00:00,T
902200,502200,SETTLE_PLATE_TSA,0,0,0,0.0,CFU/plate,0,1,1.0,T,A,anguyen,2025-12-15T13:00:00,dpatel,2025-12-16T06:00:00,T
902201,502201,VIABLE_AIR_USP,0,1,1,1.0,CFU/m3,0,1,1.0,F,A,skwon,2025-12-14T10:00:00,tolawale,2025-12-14T20:00:00,T
902202,502202,SETTLE_PLATE_TSA,0,0,0,0.0,CFU/plate,0,5,3.0,T,A,mrodriguez,2025-12-15T11:00:00,anguyen,2025-12-16T04:00:00,T
902203,502203,VIABLE_AIR_USP,0,1,1,1.0,CFU/m3,0,20,10.0,T,A,jchen,2025-12-19T13:00:00,jchen,2025-12-20T11:00:00,T
902204,502204,SETTLE_PLATE_TSA,0,2,2,2.0,CFU/plate,0,50,25.0,T,A,anguyen,2025-12-15T16:00:00,anguyen,2025-12-16T12:00:00,T
902205,502205,VIABLE_AIR_USP,0,10,10,10.0,CFU/m3,0,200,100.0,T,A,jchen,2025-12-15T17:00:00,mrodriguez,2025-12-16T13:00:00,T
902206,502206,SETTLE_PLATE_TSA,0,2,2,2.0,CFU/plate,0,100,50.0,T,A,skwon,2025-12-15T14:00:00,jchen,2025-12-15T23:00:00,T
902207,502207,VIABLE_AIR_USP,0,22,22,22.0,CFU/m3,0,400,200.0,T,A,anguyen,2025-12-15T14:00:00,mrodriguez,2025-12-15T21:00:00,T
902208,502208,SETTLE_PLATE_TSA,0,0,0,0.0,CFU/plate,0,1,1.0,T,A,anguyen,2025-12-15T10:00:00,mrodriguez,2025-12-16T06:00:00,T
902209,502209,VIABLE_AIR_USP,0,0,0,0.0,CFU/m3,0,1,1.0,T,A,skwon,2025-12-19T13:00:00,anguyen,2025-12-19T20:00:00,T
902210,502210,SETTLE_PLATE_TSA,0,0,0,0.0,CFU/plate,0,5,3.0,T,A,anguyen,2025-12-15T12:00:00,jchen,2025-12-15T17:00:00,T
902211,502211,VIABLE_AIR_USP,0,4,4,4.0,CFU/m3,0,20,10.0,T,A,mrodriguez,2025-12-15T08:00:00,skwon,2025-12-16T08:00:00,T
902212,502212,SETTLE_PLATE_TSA,0,3,3,3.0,CFU/plate,0,50,25.0,T,A,jchen,2025-12-16T12:00:00,anguyen,2025-12-16T17:00:00,T
902213,502213,VIABLE_AIR_USP,0,17,17,17.0,CFU/m3,0,200,100.0,T,A,mrodriguez,2025-12-15T12:00:00,mrodriguez,2025-12-15T15:00:00,T
902214,502214,SETTLE_PLATE_TSA,0,8,8,8.0,CFU/plate,0,100,50.0,T,A,tolawale,2025-12-15T16:00:00,skwon,2025-12-16T18:00:00,T
902215,502215,VIABLE_AIR_USP,0,24,24,24.0,CFU/m3,0,400,200.0,T,A,tolawale,2025-12-16T14:00:00,dpatel,2025-12-17T05:00:00,T
902216,502216,BIOBURDEN_USP61,0,4,4,4.0,CFU/device,0,100,50.0,T,A,mrodriguez,2025-12-17T06:00:00,skwon,2025-12-17T08:00:00,T
902217,502217,LAL_KINETIC,0,1.7,1.7,1.7,EU/device,0,20,10.0,T,A,jchen,2025-12-16T07:00:00,tolawale,2025-12-16T17:00:00,T
902218,502218,BIOBURDEN_USP61,0,3,3,3.0,CFU/device,0,100,50.0,T,A,dpatel,2025-12-15T06:00:00,skwon,2025-12-15T09:00:00,T
902219,502219,LAL_KINETIC,0,2.74,2.74,2.74,EU/device,0,20,10.0,T,A,skwon,2025-12-16T09:00:00,jchen,2025-12-16T13:00:00,T
902220,502220,SETTLE_PLATE_TSA,0,0,0,0.0,CFU/plate,0,1,1.0,T,A,dpatel,2025-12-16T11:00:00,skwon,2025-12-16T22:00:00,T
902221,502221,VIABLE_AIR_USP,0,0,0,0.0,CFU/m3,0,1,1.0,T,A,skwon,2025-12-17T13:00:00,anguyen,2025-12-17T16:00:00,T
902222,502222,SETTLE_PLATE_TSA,0,1,1,1.0,CFU/plate,0,5,3.0,T,A,skwon,2025-12-16T11:00:00,skwon,2025-12-17T06:00:00,T
902223,502223,VIABLE_AIR_USP,0,0,0,0.0,CFU/m3,0,20,10.0,T,A,anguyen,2025-12-16T16:00:00,jchen,2025-12-17T13:00:00,T
902224,502224,SETTLE_PLATE_TSA,0,1,1,1.0,CFU/plate,0,50,25.0,T,A,anguyen,2025-12-16T16:00:00,tolawale,2025-12-17T10:00:00,T
902225,502225,VIABLE_AIR_USP,0,14,14,14.0,CFU/m3,0,200,100.0,T,A,jchen,2025-12-17T16:00:00,skwon,2025-12-17T23:00:00,T
902226,502226,SETTLE_PLATE_TSA,0,5,5,5.0,CFU/plate,0,100,50.0,T,A,jchen,2025-12-16T11:00:00,mrodriguez,2025-12-16T13:00:00,T
902227,502227,VIABLE_AIR_USP,0,26,26,26.0,CFU/m3,0,400,200.0,T,A,skwon,2025-12-16T14:00:00,jchen,2025-12-16T16:00:00,T
902228,502228,SETTLE_PLATE_TSA,0,1,1,1.0,CFU/plate,0,1,1.0,F,A,dpatel,2025-12-17T17:00:00,anguyen,2025-12-18T06:00:00,T
902229,502229,VIABLE_AIR_USP,0,0,0,0.0,CFU/m3,0,1,1.0,T,A,dpatel,2025-12-17T16:00:00,anguyen,2025-12-18T03:00:00,T
902230,502230,SETTLE_PLATE_TSA,0,0,0,0.0,CFU/plate,0,5,3.0,T,A,anguyen,2025-12-17T10:00:00,tolawale,2025-12-17T14:00:00,T
902231,502231,VIABLE_AIR_USP,0,1,1,1.0,CFU/m3,0,20,10.0,T,A,skwon,2025-12-17T09:00:00,dpatel,2025-12-18T06:00:00,T
902232,502232,SETTLE_PLATE_TSA,0,0,0,0.0,CFU/plate,0,50,25.0,T,A,jchen,2025-12-18T14:00:00,jchen,2025-12-19T00:00:00,T
902233,502233,VIABLE_AIR_USP,0,14,14,14.0,CFU/m3,0,200,100.0,T,A,tolawale,2025-12-18T08:00:00,anguyen,2025-12-18T20:00:00,T
902234,502234,SETTLE_PLATE_TSA,0,4,4,4.0,CFU/plate,0,100,50.0,T,A,dpatel,2025-12-17T07:00:00,jchen,2025-12-18T08:00:00,T
902235,502235,VIABLE_AIR_USP,0,12,12,12.0,CFU/m3,0,400,200.0,T,A,tolawale,2025-12-18T11:00:00,mrodriguez,2025-12-18T14:00:00,T
902236,502236,SETTLE_PLATE_TSA,0,0,0,0.0,CFU/plate,0,1,1.0,T,A,skwon,2025-12-18T16:00:00,tolawale,2025-12-19T13:00:00,T
902237,502237,VIABLE_AIR_USP,0,0,0,0.0,CFU/m3,0,1,1.0,T,A,jchen,2025-12-24T16:00:00,mrodriguez,2025-12-25T14:00:00,T
902238,502238,SETTLE_PLATE_TSA,0,0,0,0.0,CFU/plate,0,5,3.0,T,A,mrodriguez,2025-12-19T10:00:00,dpatel,2025-12-20T00:00:00,T
902239,502239,VIABLE_AIR_USP,0,1,1,1.0,CFU/m3,0,20,10.0,T,A,jchen,2025-12-18T07:00:00,dpatel,2025-12-18T12:00:00,T
902240,502240,SETTLE_PLATE_TSA,0,4,4,4.0,CFU/plate,0,50,25.0,T,A,skwon,2025-12-18T08:00:00,skwon,2025-12-18T20:00:00,T
902241,502241,VIABLE_AIR_USP,0,11,11,11.0,CFU/m3,0,200,100.0,T,A,tolawale,2025-12-19T06:00:00,mrodriguez,2025-12-20T10:00:00,T
902242,502242,SETTLE_PLATE_TSA,0,5,5,5.0,CFU/plate,0,100,50.0,T,A,jchen,2025-12-19T09:00:00,dpatel,2025-12-19T11:00:00,T
902243,502243,VIABLE_AIR_USP,0,24,24,24.0,CFU/m3,0,400,200.0,T,A,anguyen,2025-12-19T14:00:00,tolawale,2025-12-20T14:00:00,T
902244,502244,SETTLE_PLATE_TSA,0,0,0,0.0,CFU/plate,0,1,1.0,T,A,anguyen,2025-12-20T15:00:00,skwon,2025-12-21T11:00:00,T
902245,502245,VIABLE_AIR_USP,0,0,0,0.0,CFU/m3,0,1,1.0,T,A,dpatel,2025-12-20T11:00:00,jchen,2025-12-21T02:00:00,T
902246,502246,SETTLE_PLATE_TSA,0,0,0,0.0,CFU/plate,0,5,3.0,T,A,mrodriguez,2025-12-19T14:00:00,jchen,2025-12-20T17:00:00,T
902247,502247,VIABLE_AIR_USP,0,1,1,1.0,CFU/m3,0,20,10.0,T,A,jchen,2025-12-19T08:00:00,tolawale,2025-12-19T21:00:00,T
902248,502248,SETTLE_PLATE_TSA,0,1,1,1.0,CFU/plate,0,50,25.0,T,A,jchen,2025-12-20T10:00:00,dpatel,2025-12-21T16:00:00,T
902249,502249,VIABLE_AIR_USP,0,11,11,11.0,CFU/m3,0,200,100.0,T,A,mrodriguez,2025-12-19T16:00:00,skwon,2025-12-20T10:00:00,T
902250,502250,SETTLE_PLATE_TSA,0,6,6,6.0,CFU/plate,0,100,50.0,T,A,tolawale,2025-12-19T14:00:00,dpatel,2025-12-19T23:00:00,T
902251,502251,VIABLE_AIR_USP,0,28,28,28.0,CFU/m3,0,400,200.0,T,A,anguyen,2025-12-20T12:00:00,skwon,2025-12-21T00:00:00,T
902252,502252,SETTLE_PLATE_TSA,0,0,0,0.0,CFU/plate,0,1,1.0,T,A,skwon,2025-12-20T13:00:00,skwon,2025-12-21T01:00:00,T
902253,502253,VIABLE_AIR_USP,0,0,0,0.0,CFU/m3,0,1,1.0,T,A,tolawale,2025-12-25T15:00:00,dpatel,2025-12-26T12:00:00,T
902254,502254,SETTLE_PLATE_TSA,0,2,2,2.0,CFU/plate,0,5,3.0,T,A,mrodriguez,2025-12-20T07:00:00,dpatel,2025-12-21T02:00:00,T
902255,502255,VIABLE_AIR_USP,0,0,0,0.0,CFU/m3,0,20,10.0,T,A,tolawale,2025-12-20T10:00:00,jchen,2025-12-21T16:00:00,T
902256,502256,SETTLE_PLATE_TSA,0,3,3,3.0,CFU/plate,0,50,25.0,T,A,anguyen,2025-12-20T09:00:00,dpatel,2025-12-20T15:00:00,T
902257,502257,VIABLE_AIR_USP,0,7,7,7.0,CFU/m3,0,200,100.0,T,A,tolawale,2025-12-20T11:00:00,skwon,2025-12-21T09:00:00,T
902258,502258,SETTLE_PLATE_TSA,0,6,6,6.0,CFU/plate,0,100,50.0,T,A,dpatel,2025-12-21T08:00:00,jchen,2025-12-22T07:00:00,T
902259,502259,VIABLE_AIR_USP,0,17,17,17.0,CFU/m3,0,400,200.0,T,A,mrodriguez,2025-12-21T12:00:00,jchen,2025-12-22T17:00:00,T
902260,502260,SETTLE_PLATE_TSA,0,0,0,0.0,CFU/plate,0,1,1.0,T,A,jchen,2025-12-22T09:00:00,mrodriguez,2025-12-23T14:00:00,T
902261,502261,VIABLE_AIR_USP,0,0,0,0.0,CFU/m3,0,1,1.0,T,A,tolawale,2025-12-22T15:00:00,dpatel,2025-12-23T13:00:00,T
902262,502262,SETTLE_PLATE_TSA,0,0,0,0.0,CFU/plate,0,5,3.0,T,A,skwon,2025-12-22T09:00:00,skwon,2025-12-23T14:00:00,T
902263,502263,VIABLE_AIR_USP,0,1,1,1.0,CFU/m3,0,20,10.0,T,A,dpatel,2025-12-22T06:00:00,jchen,2025-12-22T15:00:00,T
902264,502264,SETTLE_PLATE_TSA,0,1,1,1.0,CFU/plate,0,50,25.0,T,A,tolawale,2025-12-22T08:00:00,anguyen,2025-12-22T16:00:00,T
902265,502265,VIABLE_AIR_USP,0,6,6,6.0,CFU/m3,0,200,100.0,T,A,dpatel,2025-12-21T11:00:00,anguyen,2025-12-22T02:00:00,T
902266,502266,SETTLE_PLATE_TSA,0,5,5,5.0,CFU/plate,0,100,50.0,T,A,jchen,2025-12-21T09:00:00,anguyen,2025-12-22T07:00:00,T
902267,502267,VIABLE_AIR_USP,0,13,13,13.0,CFU/m3,0,400,200.0,T,A,anguyen,2025-12-21T12:00:00,dpatel,2025-12-22T11:00:00,T
902268,502268,SETTLE_PLATE_TSA,0,0,0,0.0,CFU/plate,0,1,1.0,T,A,jchen,2025-12-28T16:00:00,jchen,2025-12-29T12:00:00,T
902269,502269,VIABLE_AIR_USP,0,0,0,0.0,CFU/m3,0,1,1.0,T,A,anguyen,2025-12-22T10:00:00,tolawale,2025-12-23T05:00:00,T
902270,502270,SETTLE_PLATE_TSA,0,0,0,0.0,CFU/plate,0,5,3.0,T,A,tolawale,2025-12-23T14:00:00,tolawale,2025-12-24T00:00:00,T
902271,502271,VIABLE_AIR_USP,0,1,1,1.0,CFU/m3,0,20,10.0,T,A,tolawale,2025-12-23T11:00:00,dpatel,2025-12-24T07:00:00,T
902272,502272,SETTLE_PLATE_TSA,0,4,4,4.0,CFU/plate,0,50,25.0,T,A,skwon,2025-12-23T08:00:00,jchen,2025-12-23T20:00:00,T
902273,502273,VIABLE_AIR_USP,0,13,13,13.0,CFU/m3,0,200,100.0,T,A,jchen,2025-12-22T14:00:00,mrodriguez,2025-12-23T02:00:00,T
902274,502274,SETTLE_PLATE_TSA,0,6,6,6.0,CFU/plate,0,100,50.0,T,A,jchen,2025-12-23T10:00:00,tolawale,2025-12-24T06:00:00,T
902275,502275,VIABLE_AIR_USP,0,18,18,18.0,CFU/m3,0,400,200.0,T,A,tolawale,2025-12-22T13:00:00,jchen,2025-12-23T00:00:00,T
902276,502276,BIOBURDEN_USP61,0,5,5,5.0,CFU/device,0,100,50.0,T,A,tolawale,2025-12-23T06:00:00,mrodriguez,2025-12-23T09:00:00,T
902277,502277,LAL_KINETIC,0,0.17,0.17,0.17,EU/device,0,20,10.0,T,A,tolawale,2025-12-24T06:00:00,anguyen,2025-12-25T01:00:00,T
902278,502278,BIOBURDEN_USP61,0,3,3,3.0,CFU/device,0,100,50.0,T,A,jchen,2025-12-23T06:00:00,mrodriguez,2025-12-23T20:00:00,T
902279,502279,LAL_KINETIC,0,0.99,0.99,0.99,EU/device,0,20,10.0,T,A,anguyen,2025-12-22T07:00:00,dpatel,2025-12-22T18:00:00,T
902280,502280,SETTLE_PLATE_TSA,0,0,0,0.0,CFU/plate,0,1,1.0,T,A,anguyen,2025-12-24T13:00:00,mrodriguez,2025-12-25T18:00:00,T
902281,502281,VIABLE_AIR_USP,0,0,0,0.0,CFU/m3,0,1,1.0,T,A,tolawale,2025-12-24T14:00:00,jchen,2025-12-24T21:00:00,T
902282,502282,SETTLE_PLATE_TSA,0,0,0,0.0,CFU/plate,0,5,3.0,T,A,tolawale,2025-12-23T09:00:00,mrodriguez,2025-12-24T15:00:00,T
902283,502283,VIABLE_AIR_USP,0,2,2,2.0,CFU/m3,0,20,10.0,T,A,anguyen,2025-12-24T15:00:00,tolawale,2025-12-25T07:00:00,T
902284,502284,SETTLE_PLATE_TSA,0,3,3,3.0,CFU/plate,0,50,25.0,T,A,jchen,2025-12-24T11:00:00,anguyen,2025-12-24T20:00:00,T
902285,502285,VIABLE_AIR_USP,0,10,10,10.0,CFU/m3,0,200,100.0,T,A,skwon,2025-12-23T08:00:00,tolawale,2025-12-24T06:00:00,T
902286,502286,SETTLE_PLATE_TSA,0,3,3,3.0,CFU/plate,0,100,50.0,T,A,anguyen,2025-12-24T08:00:00,anguyen,2025-12-25T07:00:00,T
902287,502287,VIABLE_AIR_USP,0,26,26,26.0,CFU/m3,0,400,200.0,T,A,jchen,2025-12-23T14:00:00,anguyen,2025-12-24T03:00:00,T
902288,502288,SETTLE_PLATE_TSA,0,0,0,0.0,CFU/plate,0,1,1.0,T,A,dpatel,2025-12-25T17:00:00,tolawale,2025-12-26T00:00:00,T
902289,502289,VIABLE_AIR_USP,0,0,0,0.0,CFU/m3,0,1,1.0,T,A,anguyen,2025-12-27T15:00:00,anguyen,2025-12-28T00:00:00,T
902290,502290,SETTLE_PLATE_TSA,0,0,0,0.0,CFU/plate,0,5,3.0,T,A,mrodriguez,2025-12-25T12:00:00,skwon,2025-12-26T06:00:00,T
902291,502291,VIABLE_AIR_USP,0,1,1,1.0,CFU/m3,0,20,10.0,T,A,dpatel,2025-12-25T10:00:00,anguyen,2025-12-26T09:00:00,T
902292,502292,SETTLE_PLATE_TSA,0,4,4,4.0,CFU/plate,0,50,25.0,T,A,mrodriguez,2025-12-28T17:00:00,dpatel,2025-12-29T01:00:00,T
902293,502293,VIABLE_AIR_USP,0,8,8,8.0,CFU/m3,0,200,100.0,T,A,mrodriguez,2025-12-24T07:00:00,dpatel,2025-12-24T17:00:00,T
902294,502294,SETTLE_PLATE_TSA,0,0,0,0.0,CFU/plate,0,100,50.0,T,A,tolawale,2025-12-24T08:00:00,anguyen,2025-12-24T23:00:00,T
902295,502295,VIABLE_AIR_USP,0,16,16,16.0,CFU/m3,0,400,200.0,T,A,tolawale,2025-12-28T07:00:00,tolawale,2025-12-28T13:00:00,T
902296,502296,SETTLE_PLATE_TSA,0,0,0,0.0,CFU/plate,0,1,1.0,T,A,tolawale,2025-12-25T10:00:00,skwon,2025-12-25T16:00:00,T
902297,502297,VIABLE_AIR_USP,0,0,0,0.0,CFU/m3,0,1,1.0,T,A,tolawale,2025-12-25T12:00:00,jchen,2025-12-26T12:00:00,T
902298,502298,SETTLE_PLATE_TSA,0,0,0,0.0,CFU/plate,0,5,3.0,T,A,jchen,2025-12-25T16:00:00,mrodriguez,2025-12-26T02:00:00,T
902299,502299,VIABLE_AIR_USP,0,0,0,0.0,CFU/m3,0,20,10.0,T,A,dpatel,2025-12-25T13:00:00,dpatel,2025-12-26T05:00:00,T
902300,502300,SETTLE_PLATE_TSA,0,1,1,1.0,CFU/plate,0,50,25.0,T,A,anguyen,2025-12-25T07:00:00,tolawale,2025-12-26T06:00:00,T
902301,502301,VIABLE_AIR_USP,0,5,5,5.0,CFU/m3,0,200,100.0,T,A,jchen,2025-12-25T17:00:00,anguyen,2025-12-26T04:00:00,T
902302,502302,SETTLE_PLATE_TSA,0,7,7,7.0,CFU/plate,0,100,50.0,T,A,tolawale,2025-12-25T11:00:00,dpatel,2025-12-26T14:00:00,T
902303,502303,VIABLE_AIR_USP,0,21,21,21.0,CFU/m3,0,400,200.0,T,A,dpatel,2025-12-26T16:00:00,anguyen,2025-12-26T23:00:00,T
902304,502304,SETTLE_PLATE_TSA,0,0,0,0.0,CFU/plate,0,1,1.0,T,A,skwon,2025-12-26T11:00:00,dpatel,2025-12-27T01:00:00,T
902305,502305,VIABLE_AIR_USP,0,0,0,0.0,CFU/m3,0,1,1.0,T,A,skwon,2025-12-26T15:00:00,skwon,2025-12-27T00:00:00,T
902306,502306,SETTLE_PLATE_TSA,0,1,1,1.0,CFU/plate,0,5,3.0,T,A,anguyen,2025-12-27T15:00:00,anguyen,2025-12-27T18:00:00,T
902307,502307,VIABLE_AIR_USP,0,0,0,0.0,CFU/m3,0,20,10.0,T,A,dpatel,2025-12-27T14:00:00,tolawale,2025-12-28T04:00:00,T
902308,502308,SETTLE_PLATE_TSA,0,0,0,0.0,CFU/plate,0,50,25.0,T,A,anguyen,2025-12-26T11:00:00,skwon,2025-12-27T09:00:00,T
902309,502309,VIABLE_AIR_USP,0,14,14,14.0,CFU/m3,0,200,100.0,T,A,mrodriguez,2025-12-27T09:00:00,jchen,2025-12-28T00:00:00,T
902310,502310,SETTLE_PLATE_TSA,0,6,6,6.0,CFU/plate,0,100,50.0,T,A,mrodriguez,2025-12-26T13:00:00,tolawale,2025-12-27T11:00:00,T
902311,502311,VIABLE_AIR_USP,0,31,31,31.0,CFU/m3,0,400,200.0,T,A,jchen,2025-12-26T15:00:00,anguyen,2025-12-27T16:00:00,T
902312,502312,SETTLE_PLATE_TSA,0,0,0,0.0,CFU/plate,0,1,1.0,T,A,tolawale,2025-12-28T08:00:00,tolawale,2025-12-29T06:00:00,T
902313,502313,VIABLE_AIR_USP,0,0,0,0.0,CFU/m3,0,1,1.0,T,A,tolawale,2025-12-28T10:00:00,anguyen,2025-12-28T19:00:00,T
902314,502314,SETTLE_PLATE_TSA,0,0,0,0.0,CFU/plate,0,5,3.0,T,A,tolawale,2025-12-28T14:00:00,tolawale,2025-12-28T21:00:00,T
902315,502315,VIABLE_AIR_USP,0,0,0,0.0,CFU/m3,0,20,10.0,T,A,mrodriguez,2025-12-28T13:00:00,tolawale,2025-12-29T17:00:00,T
902316,502316,SETTLE_PLATE_TSA,0,2,2,2.0,CFU/plate,0,50,25.0,T,A,tolawale,2025-12-28T08:00:00,dpatel,2025-12-28T21:00:00,T
902317,502317,VIABLE_AIR_USP,0,12,12,12.0,CFU/m3,0,200,100.0,T,A,tolawale,2025-12-28T16:00:00,skwon,2025-12-29T04:00:00,T
902318,502318,SETTLE_PLATE_TSA,0,1,1,1.0,CFU/plate,0,100,50.0,T,A,mrodriguez,2025-12-27T14:00:00,skwon,2025-12-28T03:00:00,T
902319,502319,VIABLE_AIR_USP,0,21,21,21.0,CFU/m3,0,400,200.0,T,A,skwon,2025-12-28T09:00:00,dpatel,2025-12-29T00:00:00,T
902320,502320,SETTLE_PLATE_TSA,0,0,0,0.0,CFU/plate,0,1,1.0,T,A,dpatel,2025-12-28T13:00:00,dpatel,2025-12-29T17:00:00,T
902321,502321,VIABLE_AIR_USP,0,0,0,0.0,CFU/m3,0,1,1.0,T,A,mrodriguez,2025-12-28T13:00:00,anguyen,2025-12-29T16:00:00,T
902322,502322,SETTLE_PLATE_TSA,0,0,0,0.0,CFU/plate,0,5,3.0,T,A,mrodriguez,2025-12-28T09:00:00,mrodriguez,2025-12-29T01:00:00,T
902323,502323,VIABLE_AIR_USP,0,0,0,0.0,CFU/m3,0,20,10.0,T,A,jchen,2025-12-29T11:00:00,jchen,2025-12-30T15:00:00,T
902324,502324,SETTLE_PLATE_TSA,0,5,5,5.0,CFU/plate,0,50,25.0,T,A,anguyen,2025-12-28T16:00:00,dpatel,2025-12-29T20:00:00,T
902325,502325,VIABLE_AIR_USP,0,7,7,7.0,CFU/m3,0,200,100.0,T,A,mrodriguez,2025-12-28T15:00:00,mrodriguez,2025-12-29T11:00:00,T
902326,502326,SETTLE_PLATE_TSA,0,3,3,3.0,CFU/plate,0,100,50.0,T,A,jchen,2025-12-28T07:00:00,tolawale,2025-12-29T02:00:00,T
902327,502327,VIABLE_AIR_USP,0,18,18,18.0,CFU/m3,0,400,200.0,T,A,anguyen,2025-12-28T11:00:00,dpatel,2025-12-28T16:00:00,T
902328,502328,SETTLE_PLATE_TSA,0,0,0,0.0,CFU/plate,0,1,1.0,T,A,anguyen,2025-12-29T09:00:00,dpatel,2025-12-29T22:00:00,T
902329,502329,VIABLE_AIR_USP,0,0,0,0.0,CFU/m3,0,1,1.0,T,A,skwon,2025-12-30T11:00:00,tolawale,2025-12-30T21:00:00,T
902330,502330,SETTLE_PLATE_TSA,0,2,2,2.0,CFU/plate,0,5,3.0,T,A,jchen,2025-12-29T06:00:00,skwon,2025-12-30T06:00:00,T
902331,502331,VIABLE_AIR_USP,0,0,0,0.0,CFU/m3,0,20,10.0,T,A,mrodriguez,2025-12-30T14:00:00,skwon,2025-12-30T20:00:00,T
902332,502332,SETTLE_PLATE_TSA,0,1,1,1.0,CFU/plate,0,50,25.0,T,A,mrodriguez,2025-12-29T10:00:00,tolawale,2025-12-29T20:00:00,T
902333,502333,VIABLE_AIR_USP,0,13,13,13.0,CFU/m3,0,200,100.0,T,A,mrodriguez,2025-12-29T08:00:00,tolawale,2025-12-29T21:00:00,T
902334,502334,SETTLE_PLATE_TSA,0,5,5,5.0,CFU/plate,0,100,50.0,T,A,jchen,2025-12-30T08:00:00,jchen,2025-12-31T09:00:00,T
902335,502335,VIABLE_AIR_USP,0,17,17,17.0,CFU/m3,0,400,200.0,T,A,skwon,2025-12-29T09:00:00,anguyen,2025-12-30T00:00:00,T
902336,502336,BIOBURDEN_USP61,0,3,3,3.0,CFU/device,0,100,50.0,T,A,anguyen,2025-12-31T09:00:00,mrodriguez,2025-12-31T13:00:00,T
902337,502337,LAL_KINETIC,0,2.81,2.81,2.81,EU/device,0,20,10.0,T,A,mrodriguez,2025-12-29T06:00:00,anguyen,2025-12-29T14:00:00,T
902338,502338,BIOBURDEN_USP61,0,5,5,5.0,CFU/device,0,100,50.0,T,A,anguyen,2025-12-30T07:00:00,jchen,2025-12-30T14:00:00,T
902339,502339,LAL_KINETIC,0,1.61,1.61,1.61,EU/device,0,20,10.0,T,A,tolawale,2025-12-29T10:00:00,tolawale,2025-12-30T06:00:00,T
902340,502340,SETTLE_PLATE_TSA,0,0,0,0.0,CFU/plate,0,1,1.0,T,A,mrodriguez,2025-12-31T11:00:00,mrodriguez,2025-12-31T20:00:00,T
902341,502341,VIABLE_AIR_USP,0,0,0,0.0,CFU/m3,0,1,1.0,T,A,mrodriguez,2025-12-30T17:00:00,mrodriguez,2025-12-31T14:00:00,T
902342,502342,SETTLE_PLATE_TSA,0,0,0,0.0,CFU/plate,0,5,3.0,T,A,tolawale,2025-12-30T14:00:00,mrodriguez,2025-12-30T23:00:00,T
902343,502343,VIABLE_AIR_USP,0,0,0,0.0,CFU/m3,0,20,10.0,T,A,anguyen,2025-12-30T13:00:00,jchen,2025-12-31T03:00:00,T
902344,502344,SETTLE_PLATE_TSA,0,2,2,2.0,CFU/plate,0,50,25.0,T,A,anguyen,2025-12-31T07:00:00,mrodriguez,2026-01-01T09:00:00,T
902345,502345,VIABLE_AIR_USP,0,9,9,9.0,CFU/m3,0,200,100.0,T,A,skwon,2026-01-02T14:00:00,skwon,2026-01-02T19:00:00,T
902346,502346,SETTLE_PLATE_TSA,0,5,5,5.0,CFU/plate,0,100,50.0,T,A,tolawale,2025-12-30T11:00:00,tolawale,2025-12-31T16:00:00,T
902347,502347,VIABLE_AIR_USP,0,25,25,25.0,CFU/m3,0,400,200.0,T,A,tolawale,2025-12-31T15:00:00,dpatel,2026-01-01T08:00:00,T
902348,502348,SETTLE_PLATE_TSA,0,0,0,0.0,CFU/plate,0,1,1.0,T,A,mrodriguez,2025-12-31T09:00:00,tolawale,2025-12-31T15:00:00,T
902349,502349,VIABLE_AIR_USP,0,0,0,0.0,CFU/m3,0,1,1.0,T,A,anguyen,2025-12-31T11:00:00,tolawale,2026-01-01T06:00:00,T
902350,502350,SETTLE_PLATE_TSA,0,0,0,0.0,CFU/plate,0,5,3.0,T,A,mrodriguez,2026-01-01T13:00:00,mrodriguez,2026-01-01T16:00:00,T
902351,502351,VIABLE_AIR_USP,0,0,0,0.0,CFU/m3,0,20,10.0,T,A,dpatel,2025-12-31T16:00:00,tolawale,2026-01-01T01:00:00,T
902352,502352,SETTLE_PLATE_TSA,0,2,2,2.0,CFU/plate,0,50,25.0,T,A,tolawale,2025-12-31T10:00:00,skwon,2026-01-01T00:00:00,T
902353,502353,VIABLE_AIR_USP,0,14,14,14.0,CFU/m3,0,200,100.0,T,A,jchen,2026-01-01T10:00:00,dpatel,2026-01-02T15:00:00,T
902354,502354,SETTLE_PLATE_TSA,0,3,3,3.0,CFU/plate,0,100,50.0,T,A,jchen,2025-12-31T10:00:00,mrodriguez,2026-01-01T12:00:00,T
902355,502355,VIABLE_AIR_USP,0,16,16,16.0,CFU/m3,0,400,200.0,T,A,anguyen,2026-01-01T09:00:00,skwon,2026-01-02T05:00:00,T
902356,502356,SETTLE_PLATE_TSA,0,0,0,0.0,CFU/plate,0,1,1.0,T,A,dpatel,2026-01-02T06:00:00,dpatel,2026-01-02T19:00:00,T
902357,502357,VIABLE_AIR_USP,0,0,0,0.0,CFU/m3,0,1,1.0,T,A,tolawale,2026-01-02T08:00:00,dpatel,2026-01-02T23:00:00,T
902358,502358,SETTLE_PLATE_TSA,0,1,1,1.0,CFU/plate,0,5,3.0,T,A,dpatel,2026-01-01T09:00:00,skwon,2026-01-02T05:00:00,T
902359,502359,VIABLE_AIR_USP,0,2,2,2.0,CFU/m3,0,20,10.0,T,A,anguyen,2026-01-02T12:00:00,jchen,2026-01-03T15:00:00,T
902360,502360,SETTLE_PLATE_TSA,0,1,1,1.0,CFU/plate,0,50,25.0,T,A,jchen,2026-01-02T09:00:00,jchen,2026-01-03T08:00:00,T
902361,502361,VIABLE_AIR_USP,0,9,9,9.0,CFU/m3,0,200,100.0,T,A,jchen,2026-01-01T11:00:00,mrodriguez,2026-01-01T22:00:00,T
902362,502362,SETTLE_PLATE_TSA,0,3,3,3.0,CFU/plate,0,100,50.0,T,A,skwon,2026-01-02T16:00:00,anguyen,2026-01-02T19:00:00,T
902363,502363,VIABLE_AIR_USP,0,21,21,21.0,CFU/m3,0,400,200.0,T,A,mrodriguez,2026-01-02T09:00:00,mrodriguez,2026-01-02T13:00:00,T
902364,502364,SETTLE_PLATE_TSA,0,0,0,0.0,CFU/plate,0,1,1.0,T,A,tolawale,2026-01-03T14:00:00,anguyen,2026-01-04T14:00:00,T
902365,502365,VIABLE_AIR_USP,0,0,0,0.0,CFU/m3,0,1,1.0,T,A,tolawale,2026-01-03T12:00:00,mrodriguez,2026-01-04T16:00:00,T
902366,502366,SETTLE_PLATE_TSA,0,0,0,0.0,CFU/plate,0,5,3.0,T,A,tolawale,2026-01-02T11:00:00,tolawale,2026-01-03T08:00:00,T
902367,502367,VIABLE_AIR_USP,0,2,2,2.0,CFU/m3,0,20,10.0,T,A,dpatel,2026-01-03T10:00:00,mrodriguez,2026-01-03T19:00:00,T
902368,502368,SETTLE_PLATE_TSA,0,4,4,4.0,CFU/plate,0,50,25.0,T,A,jchen,2026-01-02T15:00:00,dpatel,2026-01-03T08:00:00,T
902369,502369,VIABLE_AIR_USP,0,7,7,7.0,CFU/m3,0,200,100.0,T,A,tolawale,2026-01-03T17:00:00,jchen,2026-01-03T19:00:00,T
902370,502370,SETTLE_PLATE_TSA,0,3,3,3.0,CFU/plate,0,100,50.0,T,A,skwon,2026-01-03T18:00:00,skwon,2026-01-04T17:00:00,T
902371,502371,VIABLE_AIR_USP,0,24,24,24.0,CFU/m3,0,400,200.0,T,A,skwon,2026-01-03T11:00:00,skwon,2026-01-04T02:00:00,T
902372,502372,SETTLE_PLATE_TSA,0,0,0,0.0,CFU/plate,0,1,1.0,T,A,dpatel,2026-01-03T06:00:00,dpatel,2026-01-03T21:00:00,T
902373,502373,VIABLE_AIR_USP,0,0,0,0.0,CFU/m3,0,1,1.0,T,A,skwon,2026-01-04T11:00:00,anguyen,2026-01-05T07:00:00,T
902374,502374,SETTLE_PLATE_TSA,0,0,0,0.0,CFU/plate,0,5,3.0,T,A,jchen,2026-01-04T11:00:00,skwon,2026-01-05T07:00:00,T
902375,502375,VIABLE_AIR_USP,0,2,2,2.0,CFU/m3,0,20,10.0,T,A,jchen,2026-01-04T07:00:00,dpatel,2026-01-04T14:00:00,T
902376,502376,SETTLE_PLATE_TSA,0,3,3,3.0,CFU/plate,0,50,25.0,T,A,skwon,2026-01-03T13:00:00,jchen,2026-01-04T00:00:00,T
902377,502377,VIABLE_AIR_USP,0,9,9,9.0,CFU/m3,0,200,100.0,T,A,dpatel,2026-01-04T16:00:00,skwon,2026-01-05T05:00:00,T
902378,502378,SETTLE_PLATE_TSA,0,4,4,4.0,CFU/plate,0,100,50.0,T,A,dpatel,2026-01-04T11:00:00,dpatel,2026-01-04T22:00:00,T
902379,502379,VIABLE_AIR_USP,0,19,19,19.0,CFU/m3,0,400,200.0,T,A,anguyen,2026-01-03T11:00:00,dpatel,2026-01-04T15:00:00,T
902380,502380,SETTLE_PLATE_TSA,0,0,0,0.0,CFU/plate,0,1,1.0,T,A,mrodriguez,2026-01-05T14:00:00,anguyen,2026-01-06T00:00:00,T
902381,502381,VIABLE_AIR_USP,0,0,0,0.0,CFU/m3,0,1,1.0,T,A,mrodriguez,2026-01-04T15:00:00,mrodriguez,2026-01-05T09:00:00,T
902382,502382,SETTLE_PLATE_TSA,0,0,0,0.0,CFU/plate,0,5,3.0,T,A,anguyen,2026-01-05T08:00:00,jchen,2026-01-05T17:00:00,T
902383,502383,VIABLE_AIR_USP,0,1,1,1.0,CFU/m3,0,20,10.0,T,A,skwon,2026-01-04T11:00:00,jchen,2026-01-05T16:00:00,T
902384,502384,SETTLE_PLATE_TSA,0,1,1,1.0,CFU/plate,0,50,25.0,T,A,dpatel,2026-01-05T15:00:00,anguyen,2026-01-06T03:00:00,T
902385,502385,VIABLE_AIR_USP,0,10,10,10.0,CFU/m3,0,200,100.0,T,A,jchen,2026-01-04T11:00:00,skwon,2026-01-04T21:00:00,T
902386,502386,SETTLE_PLATE_TSA,0,5,5,5.0,CFU/plate,0,100,50.0,T,A,mrodriguez,2026-01-04T06:00:00,mrodriguez,2026-01-05T10:00:00,T
902387,502387,VIABLE_AIR_USP,0,15,15,15.0,CFU/m3,0,400,200.0,T,A,jchen,2026-01-04T11:00:00,dpatel,2026-01-05T12:00:00,T
902388,502388,SETTLE_PLATE_TSA,0,0,0,0.0,CFU/plate,0,1,1.0,T,A,tolawale,2026-01-05T15:00:00,tolawale,2026-01-06T11:00:00,T
902389,502389,VIABLE_AIR_USP,0,0,0,0.0,CFU/m3,0,1,1.0,T,A,jchen,2026-01-06T10:00:00,mrodriguez,2026-01-07T06:00:00,T
902390,502390,SETTLE_PLATE_TSA,0,0,0,0.0,CFU/plate,0,5,3.0,T,A,anguyen,2026-01-06T13:00:00,mrodriguez,2026-01-07T03:00:00,T
902391,502391,VIABLE_AIR_USP,0,2,2,2.0,CFU/m3,0,20,10.0,T,A,anguyen,2026-01-05T10:00:00,mrodriguez,2026-01-05T21:00:00,T
902392,502392,SETTLE_PLATE_TSA,0,0,0,0.0,CFU/plate,0,50,25.0,T,A,jchen,2026-01-05T11:00:00,mrodriguez,2026-01-06T03:00:00,T
902393,502393,VIABLE_AIR_USP,0,11,11,11.0,CFU/m3,0,200,100.0,T,A,tolawale,2026-01-06T10:00:00,tolawale,2026-01-07T09:00:00,T
902394,502394,SETTLE_PLATE_TSA,0,6,6,6.0,CFU/plate,0,100,50.0,T,A,jchen,2026-01-10T12:00:00,skwon,2026-01-11T08:00:00,T
902395,502395,VIABLE_AIR_USP,0,18,18,18.0,CFU/m3,0,400,200.0,T,A,mrodriguez,2026-01-05T13:00:00,jchen,2026-01-06T05:00:00,T
902396,502396,BIOBURDEN_USP61,0,2,2,2.0,CFU/device,0,100,50.0,T,A,mrodriguez,2026-01-06T08:00:00,mrodriguez,2026-01-06T11:00:00,T
902397,502397,LAL_KINETIC,0,2.03,2.03,2.03,EU/device,0,20,10.0,T,A,dpatel,2026-01-05T10:00:00,anguyen,2026-01-05T17:00:00,T
902398,502398,BIOBURDEN_USP61,0,6,6,6.0,CFU/device,0,100,50.0,T,A,skwon,2026-01-06T09:00:00,dpatel,2026-01-06T16:00:00,T
902399,502399,LAL_KINETIC,0,1.63,1.63,1.63,EU/device,0,20,10.0,T,A,mrodriguez,2026-01-05T07:00:00,mrodriguez,2026-01-05T13:00:00,T
902400,502400,BIOBURDEN_USP61,0,7,7,7.0,CFU/device,0,100,50.0,T,A,mrodriguez,2026-01-05T06:00:00,skwon,2026-01-05T12:00:00,T
902401,502401,LAL_KINETIC,0,1.0,1.0,1.0,EU/device,0,20,10.0,T,A,jchen,2026-01-05T10:00:00,mrodriguez,2026-01-05T18:00:00,T
902402,502402,SETTLE_PLATE_TSA,0,0,0,0.0,CFU/plate,0,1,1.0,T,A,skwon,2026-01-06T15:00:00,dpatel,2026-01-07T18:00:00,T
902403,502403,VIABLE_AIR_USP,0,0,0,0.0,CFU/m3,0,1,1.0,T,A,skwon,2026-01-06T13:00:00,dpatel,2026-01-07T10:00:00,T
902404,502404,SETTLE_PLATE_TSA,0,0,0,0.0,CFU/plate,0,5,3.0,T,A,tolawale,2026-01-11T12:00:00,jchen,2026-01-11T20:00:00,T
902405,502405,VIABLE_AIR_USP,0,1,1,1.0,CFU/m3,0,20,10.0,T,A,mrodriguez,2026-01-07T14:00:00,jchen,2026-01-07T21:00:00,T
902406,502406,SETTLE_PLATE_TSA,0,1,1,1.0,CFU/plate,0,50,25.0,T,A,jchen,2026-01-07T14:00:00,tolawale,2026-01-07T18:00:00,T
902407,502407,VIABLE_AIR_USP,0,10,10,10.0,CFU/m3,0,200,100.0,T,A,jchen,2026-01-06T08:00:00,dpatel,2026-01-07T07:00:00,T
902408,502408,SETTLE_PLATE_TSA,0,3,3,3.0,CFU/plate,0,100,50.0,T,A,skwon,2026-01-07T10:00:00,skwon,2026-01-08T09:00:00,T
902409,502409,VIABLE_AIR_USP,0,26,26,26.0,CFU/m3,0,400,200.0,T,A,skwon,2026-01-07T11:00:00,skwon,2026-01-08T15:00:00,T
902410,502410,SETTLE_PLATE_TSA,0,0,0,0.0,CFU/plate,0,1,1.0,T,A,dpatel,2026-01-12T15:00:00,skwon,2026-01-13T00:00:00,T
902411,502411,VIABLE_AIR_USP,0,0,0,0.0,CFU/m3,0,1,1.0,T,A,tolawale,2026-01-07T11:00:00,anguyen,2026-01-07T17:00:00,T
902412,502412,SETTLE_PLATE_TSA,0,0,0,0.0,CFU/plate,0,5,3.0,T,A,skwon,2026-01-08T12:00:00,tolawale,2026-01-09T06:00:00,T
902413,502413,VIABLE_AIR_USP,0,1,1,1.0,CFU/m3,0,20,10.0,T,A,skwon,2026-01-07T14:00:00,mrodriguez,2026-01-08T10:00:00,T
902414,502414,SETTLE_PLATE_TSA,0,2,2,2.0,CFU/plate,0,50,25.0,T,A,jchen,2026-01-08T14:00:00,tolawale,2026-01-08T17:00:00,T
902415,502415,VIABLE_AIR_USP,0,5,5,5.0,CFU/m3,0,200,100.0,T,A,skwon,2026-01-07T11:00:00,skwon,2026-01-08T03:00:00,T
902416,502416,SETTLE_PLATE_TSA,0,6,6,6.0,CFU/plate,0,100,50.0,T,A,anguyen,2026-01-07T11:00:00,mrodriguez,2026-01-08T11:00:00,T
902417,502417,VIABLE_AIR_USP,0,19,19,19.0,CFU/m3,0,400,200.0,T,A,skwon,2026-01-07T08:00:00,skwon,2026-01-08T14:00:00,T
902418,502418,SETTLE_PLATE_TSA,0,0,0,0.0,CFU/plate,0,1,1.0,T,A,anguyen,2026-01-08T07:00:00,mrodriguez,2026-01-08T20:00:00,T
902419,502419,VIABLE_AIR_USP,0,0,0,0.0,CFU/m3,0,1,1.0,T,A,mrodriguez,2026-01-09T13:00:00,skwon,2026-01-10T09:00:00,T
902420,502420,SETTLE_PLATE_TSA,0,0,0,0.0,CFU/plate,0,5,3.0,T,A,tolawale,2026-01-08T10:00:00,dpatel,2026-01-08T21:00:00,T
902421,502421,VIABLE_AIR_USP,0,2,2,2.0,CFU/m3,0,20,10.0,T,A,dpatel,2026-01-09T14:00:00,dpatel,2026-01-10T11:00:00,T
902422,502422,SETTLE_PLATE_TSA,0,3,3,3.0,CFU/plate,0,50,25.0,T,A,mrodriguez,2026-01-13T12:00:00,tolawale,2026-01-14T14:00:00,T
902423,502423,VIABLE_AIR_USP,0,7,7,7.0,CFU/m3,0,200,100.0,T,A,dpatel,2026-01-09T17:00:00,tolawale,2026-01-10T03:00:00,T
902424,502424,SETTLE_PLATE_TSA,0,7,7,7.0,CFU/plate,0,100,50.0,T,A,tolawale,2026-01-08T14:00:00,dpatel,2026-01-09T05:00:00,T
902425,502425,VIABLE_AIR_USP,0,22,22,22.0,CFU/m3,0,400,200.0,T,A,skwon,2026-01-08T11:00:00,mrodriguez,2026-01-09T00:00:00,T
902426,502426,SETTLE_PLATE_TSA,0,0,0,0.0,CFU/plate,0,1,1.0,T,A,dpatel,2026-01-09T11:00:00,dpatel,2026-01-09T13:00:00,T
902427,502427,VIABLE_AIR_USP,0,0,0,0.0,CFU/m3,0,1,1.0,T,A,mrodriguez,2026-01-09T08:00:00,mrodriguez,2026-01-09T20:00:00,T
902428,502428,SETTLE_PLATE_TSA,0,0,0,0.0,CFU/plate,0,5,3.0,T,A,dpatel,2026-01-10T11:00:00,skwon,2026-01-11T02:00:00,T
902429,502429,VIABLE_AIR_USP,0,0,0,0.0,CFU/m3,0,20,10.0,T,A,tolawale,2026-01-10T09:00:00,skwon,2026-01-10T12:00:00,T
902430,502430,SETTLE_PLATE_TSA,0,3,3,3.0,CFU/plate,0,50,25.0,T,A,anguyen,2026-01-10T09:00:00,tolawale,2026-01-10T17:00:00,T
902431,502431,VIABLE_AIR_USP,0,13,13,13.0,CFU/m3,0,200,100.0,T,A,jchen,2026-01-16T18:00:00,tolawale,2026-01-17T23:00:00,T
902432,502432,SETTLE_PLATE_TSA,0,6,6,6.0,CFU/plate,0,100,50.0,T,A,mrodriguez,2026-01-09T08:00:00,dpatel,2026-01-10T11:00:00,T
902433,502433,VIABLE_AIR_USP,0,22,22,22.0,CFU/m3,0,400,200.0,T,A,tolawale,2026-01-09T15:00:00,skwon,2026-01-10T10:00:00,T
902434,502434,SETTLE_PLATE_TSA,0,0,0,0.0,CFU/plate,0,1,1.0,T,A,skwon,2026-01-10T10:00:00,jchen,2026-01-11T12:00:00,T
902435,502435,VIABLE_AIR_USP,0,1,1,1.0,CFU/m3,0,1,1.0,F,A,anguyen,2026-01-11T12:00:00,tolawale,2026-01-11T23:00:00,T
902436,502436,SETTLE_PLATE_TSA,0,0,0,0.0,CFU/plate,0,5,3.0,T,A,skwon,2026-01-11T12:00:00,anguyen,2026-01-12T16:00:00,T
902437,502437,VIABLE_AIR_USP,0,1,1,1.0,CFU/m3,0,20,10.0,T,A,tolawale,2026-01-11T13:00:00,jchen,2026-01-12T15:00:00,T
902438,502438,SETTLE_PLATE_TSA,0,3,3,3.0,CFU/plate,0,50,25.0,T,A,mrodriguez,2026-01-10T08:00:00,tolawale,2026-01-11T05:00:00,T
902439,502439,VIABLE_AIR_USP,0,11,11,11.0,CFU/m3,0,200,100.0,T,A,mrodriguez,2026-01-10T07:00:00,jchen,2026-01-10T18:00:00,T
902440,502440,SETTLE_PLATE_TSA,0,6,6,6.0,CFU/plate,0,100,50.0,T,A,dpatel,2026-01-10T14:00:00,anguyen,2026-01-11T15:00:00,T
902441,502441,VIABLE_AIR_USP,0,27,27,27.0,CFU/m3,0,400,200.0,T,A,tolawale,2026-01-10T17:00:00,skwon,2026-01-11T22:00:00,T
902442,502442,SETTLE_PLATE_TSA,0,0,0,0.0,CFU/plate,0,1,1.0,T,A,anguyen,2026-01-12T18:00:00,mrodriguez,2026-01-12T23:00:00,T
902443,502443,VIABLE_AIR_USP,0,0,0,0.0,CFU/m3,0,1,1.0,T,A,jchen,2026-01-11T07:00:00,skwon,2026-01-11T16:00:00,T
902444,502444,SETTLE_PLATE_TSA,0,0,0,0.0,CFU/plate,0,5,3.0,T,A,tolawale,2026-01-14T12:00:00,mrodriguez,2026-01-14T20:00:00,T
902445,502445,VIABLE_AIR_USP,0,1,1,1.0,CFU/m3,0,20,10.0,T,A,anguyen,2026-01-11T07:00:00,jchen,2026-01-11T19:00:00,T
902446,502446,SETTLE_PLATE_TSA,0,1,1,1.0,CFU/plate,0,50,25.0,T,A,mrodriguez,2026-01-11T16:00:00,dpatel,2026-01-12T16:00:00,T
902447,502447,VIABLE_AIR_USP,0,14,14,14.0,CFU/m3,0,200,100.0,T,A,skwon,2026-01-11T07:00:00,skwon,2026-01-11T10:00:00,T
902448,502448,SETTLE_PLATE_TSA,0,2,2,2.0,CFU/plate,0,100,50.0,T,A,skwon,2026-01-11T10:00:00,mrodriguez,2026-01-11T17:00:00,T
902449,502449,VIABLE_AIR_USP,0,18,18,18.0,CFU/m3,0,400,200.0,T,A,anguyen,2026-01-11T13:00:00,skwon,2026-01-12T17:00:00,T
902450,502450,SETTLE_PLATE_TSA,0,0,0,0.0,CFU/plate,0,1,1.0,T,A,dpatel,2026-01-13T12:00:00,jchen,2026-01-14T02:00:00,T
902451,502451,VIABLE_AIR_USP,0,0,0,0.0,CFU/m3,0,1,1.0,T,A,dpatel,2026-01-12T10:00:00,mrodriguez,2026-01-12T14:00:00,T
902452,502452,SETTLE_PLATE_TSA,0,0,0,0.0,CFU/plate,0,5,3.0,T,A,mrodriguez,2026-01-12T08:00:00,anguyen,2026-01-13T07:00:00,T
902453,502453,VIABLE_AIR_USP,0,2,2,2.0,CFU/m3,0,20,10.0,T,A,dpatel,2026-01-13T08:00:00,dpatel,2026-01-14T02:00:00,T
902454,502454,SETTLE_PLATE_TSA,0,3,3,3.0,CFU/plate,0,50,25.0,T,A,skwon,2026-01-13T13:00:00,tolawale,2026-01-14T03:00:00,T
902455,502455,VIABLE_AIR_USP,0,10,10,10.0,CFU/m3,0,200,100.0,T,A,anguyen,2026-01-12T12:00:00,anguyen,2026-01-12T21:00:00,T
902456,502456,SETTLE_PLATE_TSA,0,2,2,2.0,CFU/plate,0,100,50.0,T,A,jchen,2026-01-12T14:00:00,anguyen,2026-01-13T10:00:00,T
902457,502457,VIABLE_AIR_USP,0,17,17,17.0,CFU/m3,0,400,200.0,T,A,anguyen,2026-01-13T14:00:00,tolawale,2026-01-13T21:00:00,T
902458,502458,BIOBURDEN_USP61,0,3,3,3.0,CFU/device,0,100,50.0,T,A,skwon,2026-01-13T09:00:00,skwon,2026-01-13T23:00:00,T
902459,502459,LAL_KINETIC,0,0.64,0.64,0.64,EU/device,0,20,10.0,T,A,anguyen,2026-01-13T07:00:00,mrodriguez,2026-01-14T03:00:00,T
902460,502460,BIOBURDEN_USP61,0,3,3,3.0,CFU/device,0,100,50.0,T,A,anguyen,2026-01-14T08:00:00,mrodriguez,2026-01-15T04:00:00,T
902461,502461,LAL_KINETIC,0,1.17,1.17,1.17,EU/device,0,20,10.0,T,A,dpatel,2026-01-12T08:00:00,skwon,2026-01-12T18:00:00,T
902462,502462,BIOBURDEN_USP61,0,4,4,4.0,CFU/device,0,100,50.0,T,A,tolawale,2026-01-13T09:00:00,anguyen,2026-01-13T15:00:00,T
902463,502463,LAL_KINETIC,0,0.63,0.63,0.63,EU/device,0,20,10.0,T,A,skwon,2026-01-13T06:00:00,anguyen,2026-01-13T23:00:00,T
902464,502464,SETTLE_PLATE_TSA,0,0,0,0.0,CFU/plate,0,1,1.0,T,A,jchen,2026-01-14T15:00:00,jchen,2026-01-14T17:00:00,T
902465,502465,VIABLE_AIR_USP,0,0,0,0.0,CFU/m3,0,1,1.0,T,A,skwon,2026-01-14T14:00:00,tolawale,2026-01-15T09:00:00,T
902466,502466,SETTLE_PLATE_TSA,0,1,1,1.0,CFU/plate,0,5,3.0,T,A,skwon,2026-01-13T16:00:00,jchen,2026-01-14T21:00:00,T
902467,502467,VIABLE_AIR_USP,0,2,2,2.0,CFU/m3,0,20,10.0,T,A,dpatel,2026-01-14T10:00:00,anguyen,2026-01-15T00:00:00,T
902468,502468,SETTLE_PLATE_TSA,0,2,2,2.0,CFU/plate,0,50,25.0,T,A,skwon,2026-01-13T10:00:00,jchen,2026-01-13T21:00:00,T
902469,502469,VIABLE_AIR_USP,0,12,12,12.0,CFU/m3,0,200,100.0,T,A,tolawale,2026-01-14T07:00:00,jchen,2026-01-14T19:00:00,T
902470,502470,SETTLE_PLATE_TSA,0,4,4,4.0,CFU/plate,0,100,50.0,T,A,skwon,2026-01-14T07:00:00,dpatel,2026-01-14T21:00:00,T
902471,502471,VIABLE_AIR_USP,0,22,22,22.0,CFU/m3,0,400,200.0,T,A,jchen,2026-01-13T10:00:00,dpatel,2026-01-14T05:00:00,T
902472,502472,SETTLE_PLATE_TSA,0,0,0,0.0,CFU/plate,0,1,1.0,T,A,anguyen,2026-01-14T06:00:00,dpatel,2026-01-14T18:00:00,T
902473,502473,VIABLE_AIR_USP,0,0,0,0.0,CFU/m3,0,1,1.0,T,A,anguyen,2026-01-15T14:00:00,jchen,2026-01-16T18:00:00,T
902474,502474,SETTLE_PLATE_TSA,0,1,1,1.0,CFU/plate,0,5,3.0,T,A,jchen,2026-01-15T12:00:00,jchen,2026-01-15T14:00:00,T
902475,502475,VIABLE_AIR_USP,0,0,0,0.0,CFU/m3,0,20,10.0,T,A,tolawale,2026-01-15T09:00:00,dpatel,2026-01-16T05:00:00,T
902476,502476,SETTLE_PLATE_TSA,0,2,2,2.0,CFU/plate,0,50,25.0,T,A,skwon,2026-01-15T11:00:00,anguyen,2026-01-16T15:00:00,T
902477,502477,VIABLE_AIR_USP,0,10,10,10.0,CFU/m3,0,200,100.0,T,A,skwon,2026-01-14T16:00:00,tolawale,2026-01-15T18:00:00,T
902478,502478,SETTLE_PLATE_TSA,0,1,1,1.0,CFU/plate,0,100,50.0,T,A,skwon,2026-01-14T10:00:00,mrodriguez,2026-01-14T15:00:00,T
902479,502479,VIABLE_AIR_USP,0,25,25,25.0,CFU/m3,0,400,200.0,T,A,jchen,2026-01-15T10:00:00,anguyen,2026-01-15T20:00:00,T
902480,502480,SETTLE_PLATE_TSA,0,1,1,1.0,CFU/plate,0,1,1.0,F,A,skwon,2026-01-16T15:00:00,dpatel,2026-01-17T10:00:00,T
902481,502481,VIABLE_AIR_USP,0,0,0,0.0,CFU/m3,0,1,1.0,T,A,jchen,2026-01-16T13:00:00,mrodriguez,2026-01-17T18:00:00,T
902482,502482,SETTLE_PLATE_TSA,0,1,1,1.0,CFU/plate,0,5,3.0,T,A,mrodriguez,2026-01-15T08:00:00,dpatel,2026-01-16T05:00:00,T
902483,502483,VIABLE_AIR_USP,0,1,1,1.0,CFU/m3,0,20,10.0,T,A,skwon,2026-01-16T15:00:00,skwon,2026-01-17T02:00:00,T
902484,502484,SETTLE_PLATE_TSA,0,1,1,1.0,CFU/plate,0,50,25.0,T,A,dpatel,2026-01-16T13:00:00,mrodriguez,2026-01-16T20:00:00,T
902485,502485,VIABLE_AIR_USP,0,7,7,7.0,CFU/m3,0,200,100.0,T,A,jchen,2026-01-15T10:00:00,tolawale,2026-01-15T21:00:00,T
902486,502486,SETTLE_PLATE_TSA,0,5,5,5.0,CFU/plate,0,100,50.0,T,A,tolawale,2026-01-15T07:00:00,skwon,2026-01-16T08:00:00,T
902487,502487,VIABLE_AIR_USP,0,20,20,20.0,CFU/m3,0,400,200.0,T,A,jchen,2026-01-15T14:00:00,mrodriguez,2026-01-15T23:00:00,T
902488,502488,SETTLE_PLATE_TSA,0,0,0,0.0,CFU/plate,0,1,1.0,T,A,mrodriguez,2026-01-17T17:00:00,tolawale,2026-01-18T15:00:00,T
902489,502489,VIABLE_AIR_USP,0,0,0,0.0,CFU/m3,0,1,1.0,T,A,anguyen,2026-01-17T16:00:00,mrodriguez,2026-01-18T04:00:00,T
902490,502490,SETTLE_PLATE_TSA,0,0,0,0.0,CFU/plate,0,5,3.0,T,A,tolawale,2026-01-16T12:00:00,jchen,2026-01-16T17:00:00,T
902491,502491,VIABLE_AIR_USP,0,2,2,2.0,CFU/m3,0,20,10.0,T,A,skwon,2026-01-16T15:00:00,dpatel,2026-01-16T19:00:00,T
902492,502492,SETTLE_PLATE_TSA,0,3,3,3.0,CFU/plate,0,50,25.0,T,A,dpatel,2026-01-16T10:00:00,dpatel,2026-01-17T02:00:00,T
902493,502493,VIABLE_AIR_USP,0,10,10,10.0,CFU/m3,0,200,100.0,T,A,dpatel,2026-01-17T09:00:00,anguyen,2026-01-17T20:00:00,T
902494,502494,SETTLE_PLATE_TSA,0,3,3,3.0,CFU/plate,0,100,50.0,T,A,skwon,2026-01-17T13:00:00,dpatel,2026-01-17T21:00:00,T
902495,502495,VIABLE_AIR_USP,0,16,16,16.0,CFU/m3,0,400,200.0,T,A,mrodriguez,2026-01-20T17:00:00,jchen,2026-01-21T11:00:00,T
902496,502496,SETTLE_PLATE_TSA,0,0,0,0.0,CFU/plate,0,1,1.0,T,A,mrodriguez,2026-01-17T13:00:00,anguyen,2026-01-17T22:00:00,T
902497,502497,VIABLE_AIR_USP,0,0,0,0.0,CFU/m3,0,1,1.0,T,A,skwon,2026-01-18T15:00:00,anguyen,2026-01-19T10:00:00,T
902498,502498,SETTLE_PLATE_TSA,0,0,0,0.0,CFU/plate,0,5,3.0,T,A,anguyen,2026-01-17T13:00:00,skwon,2026-01-18T17:00:00,T
902499,502499,VIABLE_AIR_USP,0,2,2,2.0,CFU/m3,0,20,10.0,T,A,dpatel,2026-01-18T10:00:00,tolawale,2026-01-19T01:00:00,T
902500,502500,SETTLE_PLATE_TSA,0,1,1,1.0,CFU/plate,0,50,25.0,T,A,skwon,2026-01-17T08:00:00,jchen,2026-01-18T02:00:00,T
902501,502501,VIABLE_AIR_USP,0,10,10,10.0,CFU/m3,0,200,100.0,T,A,mrodriguez,2026-01-18T16:00:00,skwon,2026-01-18T20:00:00,T
902502,502502,SETTLE_PLATE_TSA,0,3,3,3.0,CFU/plate,0,100,50.0,T,A,anguyen,2026-01-17T11:00:00,skwon,2026-01-17T20:00:00,T
902503,502503,VIABLE_AIR_USP,0,15,15,15.0,CFU/m3,0,400,200.0,T,A,anguyen,2026-01-18T16:00:00,jchen,2026-01-19T02:00:00,T
902504,502504,SETTLE_PLATE_TSA,0,0,0,0.0,CFU/plate,0,1,1.0,T,A,jchen,2026-01-18T10:00:00,anguyen,2026-01-19T05:00:00,T
902505,502505,VIABLE_AIR_USP,0,0,0,0.0,CFU/m3,0,1,1.0,T,A,anguyen,2026-01-22T12:00:00,tolawale,2026-01-22T19:00:00,T
902506,502506,SETTLE_PLATE_TSA,0,0,0,0.0,CFU/plate,0,5,3.0,T,A,tolawale,2026-01-19T11:00:00,skwon,2026-01-20T09:00:00,T
902507,502507,VIABLE_AIR_USP,0,0,0,0.0,CFU/m3,0,20,10.0,T,A,anguyen,2026-01-19T15:00:00,anguyen,2026-01-20T07:00:00,T
902508,502508,SETTLE_PLATE_TSA,0,2,2,2.0,CFU/plate,0,50,25.0,T,A,dpatel,2026-01-19T17:00:00,tolawale,2026-01-19T23:00:00,T
902509,502509,VIABLE_AIR_USP,0,9,9,9.0,CFU/m3,0,200,100.0,T,A,jchen,2026-01-18T17:00:00,skwon,2026-01-19T18:00:00,T
902510,502510,SETTLE_PLATE_TSA,0,5,5,5.0,CFU/plate,0,100,50.0,T,A,dpatel,2026-01-18T14:00:00,skwon,2026-01-19T20:00:00,T
902511,502511,VIABLE_AIR_USP,0,21,21,21.0,CFU/m3,0,400,200.0,T,A,anguyen,2026-01-19T13:00:00,dpatel,2026-01-20T16:00:00,T
902512,502512,SETTLE_PLATE_TSA,0,0,0,0.0,CFU/plate,0,1,1.0,T,A,skwon,2026-01-19T17:00:00,jchen,2026-01-20T07:00:00,T
902513,502513,VIABLE_AIR_USP,0,0,0,0.0,CFU/m3,0,1,1.0,T,A,tolawale,2026-01-26T15:00:00,anguyen,2026-01-27T03:00:00,T
902514,502514,SETTLE_PLATE_TSA,0,0,0,0.0,CFU/plate,0,5,3.0,T,A,mrodriguez,2026-01-20T18:00:00,dpatel,2026-01-20T22:00:00,T
902515,502515,VIABLE_AIR_USP,0,2,2,2.0,CFU/m3,0,20,10.0,T,A,tolawale,2026-01-19T07:00:00,anguyen,2026-01-19T23:00:00,T
902516,502516,SETTLE_PLATE_TSA,0,3,3,3.0,CFU/plate,0,50,25.0,T,A,anguyen,2026-01-20T10:00:00,jchen,2026-01-20T19:00:00,T
902517,502517,VIABLE_AIR_USP,0,10,10,10.0,CFU/m3,0,200,100.0,T,A,tolawale,2026-01-19T15:00:00,tolawale,2026-01-20T16:00:00,T
902518,502518,SETTLE_PLATE_TSA,0,8,8,8.0,CFU/plate,0,100,50.0,T,A,jchen,2026-01-19T10:00:00,anguyen,2026-01-20T06:00:00,T
902519,502519,VIABLE_AIR_USP,0,20,20,20.0,CFU/m3,0,400,200.0,T,A,anguyen,2026-01-20T11:00:00,dpatel,2026-01-20T17:00:00,T
902520,502520,BIOBURDEN_USP61,0,3,3,3.0,CFU/device,0,100,50.0,T,A,jchen,2026-01-21T09:00:00,anguyen,2026-01-21T12:00:00,T
902521,502521,LAL_KINETIC,0,0.93,0.93,0.93,EU/device,0,20,10.0,T,A,anguyen,2026-01-19T08:00:00,jchen,2026-01-20T02:00:00,T
902522,502522,BIOBURDEN_USP61,0,4,4,4.0,CFU/device,0,100,50.0,T,A,dpatel,2026-01-19T07:00:00,skwon,2026-01-19T23:00:00,T
902523,502523,LAL_KINETIC,0,2.1,2.1,2.1,EU/device,0,20,10.0,T,A,dpatel,2026-01-21T06:00:00,mrodriguez,2026-01-22T00:00:00,T
902524,502524,BIOBURDEN_USP61,0,7,7,7.0,CFU/device,0,100,50.0,T,A,skwon,2026-01-19T07:00:00,dpatel,2026-01-19T15:00:00,T
902525,502525,LAL_KINETIC,0,1.17,1.17,1.17,EU/device,0,20,10.0,T,A,tolawale,2026-01-21T10:00:00,mrodriguez,2026-01-22T00:00:00,T
902526,502526,SETTLE_PLATE_TSA,0,0,0,0.0,CFU/plate,0,1,1.0,T,A,tolawale,2026-01-25T14:00:00,jchen,2026-01-26T02:00:00,T
902527,502527,VIABLE_AIR_USP,0,0,0,0.0,CFU/m3,0,1,1.0,T,A,skwon,2026-01-20T13:00:00,skwon,2026-01-21T18:00:00,T
902528,502528,SETTLE_PLATE_TSA,0,1,1,1.0,CFU/plate,0,5,3.0,T,A,mrodriguez,2026-01-20T11:00:00,mrodriguez,2026-01-21T01:00:00,T
902529,502529,VIABLE_AIR_USP,0,0,0,0.0,CFU/m3,0,20,10.0,T,A,jchen,2026-01-20T17:00:00,skwon,2026-01-21T10:00:00,T
902530,502530,SETTLE_PLATE_TSA,0,2,2,2.0,CFU/plate,0,50,25.0,T,A,anguyen,2026-01-21T16:00:00,mrodriguez,2026-01-21T18:00:00,T
902531,502531,VIABLE_AIR_USP,0,16,16,16.0,CFU/m3,0,200,100.0,T,A,jchen,2026-01-21T14:00:00,tolawale,2026-01-21T18:00:00,T
902532,502532,SETTLE_PLATE_TSA,0,4,4,4.0,CFU/plate,0,100,50.0,T,A,anguyen,2026-01-21T11:00:00,dpatel,2026-01-22T09:00:00,T
902533,502533,VIABLE_AIR_USP,0,15,15,15.0,CFU/m3,0,400,200.0,T,A,skwon,2026-01-20T13:00:00,mrodriguez,2026-01-20T18:00:00,T
902534,502534,SETTLE_PLATE_TSA,0,0,0,0.0,CFU/plate,0,1,1.0,T,A,mrodriguez,2026-01-21T06:00:00,skwon,2026-01-21T16:00:00,T
902535,502535,VIABLE_AIR_USP,0,0,0,0.0,CFU/m3,0,1,1.0,T,A,mrodriguez,2026-01-21T13:00:00,tolawale,2026-01-22T11:00:00,T
902536,502536,SETTLE_PLATE_TSA,0,0,0,0.0,CFU/plate,0,5,3.0,T,A,anguyen,2026-01-22T13:00:00,skwon,2026-01-22T15:00:00,T
902537,502537,VIABLE_AIR_USP,0,2,2,2.0,CFU/m3,0,20,10.0,T,A,skwon,2026-01-22T06:00:00,mrodriguez,2026-01-23T02:00:00,T
902538,502538,SETTLE_PLATE_TSA,0,2,2,2.0,CFU/plate,0,50,25.0,T,A,anguyen,2026-01-22T15:00:00,jchen,2026-01-23T17:00:00,T
902539,502539,VIABLE_AIR_USP,0,10,10,10.0,CFU/m3,0,200,100.0,T,A,dpatel,2026-01-22T09:00:00,jchen,2026-01-23T14:00:00,T
902540,502540,SETTLE_PLATE_TSA,0,4,4,4.0,CFU/plate,0,100,50.0,T,A,tolawale,2026-01-21T07:00:00,dpatel,2026-01-22T09:00:00,T
902541,502541,VIABLE_AIR_USP,0,22,22,22.0,CFU/m3,0,400,200.0,T,A,mrodriguez,2026-01-21T14:00:00,jchen,2026-01-22T16:00:00,T
902542,502542,SETTLE_PLATE_TSA,0,0,0,0.0,CFU/plate,0,1,1.0,T,A,skwon,2026-01-23T18:00:00,mrodriguez,2026-01-24T03:00:00,T
902543,502543,VIABLE_AIR_USP,0,0,0,0.0,CFU/m3,0,1,1.0,T,A,skwon,2026-01-23T09:00:00,jchen,2026-01-23T18:00:00,T
902544,502544,SETTLE_PLATE_TSA,0,1,1,1.0,CFU/plate,0,5,3.0,T,A,dpatel,2026-01-23T06:00:00,mrodriguez,2026-01-23T13:00:00,T
902545,502545,VIABLE_AIR_USP,0,1,1,1.0,CFU/m3,0,20,10.0,T,A,dpatel,2026-01-22T12:00:00,mrodriguez,2026-01-22T16:00:00,T
902546,502546,SETTLE_PLATE_TSA,0,1,1,1.0,CFU/plate,0,50,25.0,T,A,anguyen,2026-01-27T13:00:00,jchen,2026-01-28T05:00:00,T
902547,502547,VIABLE_AIR_USP,0,15,15,15.0,CFU/m3,0,200,100.0,T,A,jchen,2026-01-28T12:00:00,mrodriguez,2026-01-28T17:00:00,T
902548,502548,SETTLE_PLATE_TSA,0,7,7,7.0,CFU/plate,0,100,50.0,T,A,anguyen,2026-01-22T14:00:00,dpatel,2026-01-23T14:00:00,T
902549,502549,VIABLE_AIR_USP,0,13,13,13.0,CFU/m3,0,400,200.0,T,A,mrodriguez,2026-01-23T07:00:00,tolawale,2026-01-24T03:00:00,T
902550,502550,SETTLE_PLATE_TSA,0,0,0,0.0,CFU/plate,0,1,1.0,T,A,dpatel,2026-01-24T12:00:00,dpatel,2026-01-24T19:00:00,T
902551,502551,VIABLE_AIR_USP,0,0,0,0.0,CFU/m3,0,1,1.0,T,A,dpatel,2026-01-23T13:00:00,tolawale,2026-01-23T15:00:00,T
902552,502552,SETTLE_PLATE_TSA,0,1,1,1.0,CFU/plate,0,5,3.0,T,A,skwon,2026-01-23T07:00:00,skwon,2026-01-23T15:00:00,T
902553,502553,VIABLE_AIR_USP,0,3,3,3.0,CFU/m3,0,20,10.0,T,A,tolawale,2026-01-23T13:00:00,anguyen,2026-01-23T15:00:00,T
902554,502554,SETTLE_PLATE_TSA,0,3,3,3.0,CFU/plate,0,50,25.0,T,A,jchen,2026-01-23T07:00:00,dpatel,2026-01-23T10:00:00,T
902555,502555,VIABLE_AIR_USP,0,6,6,6.0,CFU/m3,0,200,100.0,T,A,skwon,2026-01-24T09:00:00,dpatel,2026-01-24T13:00:00,T
902556,502556,SETTLE_PLATE_TSA,0,4,4,4.0,CFU/plate,0,100,50.0,T,A,dpatel,2026-01-24T06:00:00,skwon,2026-01-24T09:00:00,T
902557,502557,VIABLE_AIR_USP,0,12,12,12.0,CFU/m3,0,400,200.0,T,A,anguyen,2026-01-23T15:00:00,skwon,2026-01-23T23:00:00,T
902558,502558,SETTLE_PLATE_TSA,0,0,0,0.0,CFU/plate,0,1,1.0,T,A,mrodriguez,2026-01-24T12:00:00,anguyen,2026-01-25T07:00:00,T
902559,502559,VIABLE_AIR_USP,0,0,0,0.0,CFU/m3,0,1,1.0,T,A,skwon,2026-01-25T17:00:00,jchen,2026-01-25T23:00:00,T
902560,502560,SETTLE_PLATE_TSA,0,0,0,0.0,CFU/plate,0,5,3.0,T,A,tolawale,2026-01-25T09:00:00,anguyen,2026-01-26T02:00:00,T
902561,502561,VIABLE_AIR_USP,0,2,2,2.0,CFU/m3,0,20,10.0,T,A,skwon,2026-01-25T10:00:00,skwon,2026-01-25T21:00:00,T
902562,502562,SETTLE_PLATE_TSA,0,2,2,2.0,CFU/plate,0,50,25.0,T,A,dpatel,2026-01-24T09:00:00,jchen,2026-01-24T22:00:00,T
902563,502563,VIABLE_AIR_USP,0,7,7,7.0,CFU/m3,0,200,100.0,T,A,mrodriguez,2026-01-24T10:00:00,mrodriguez,2026-01-25T12:00:00,T
902564,502564,SETTLE_PLATE_TSA,0,5,5,5.0,CFU/plate,0,100,50.0,T,A,dpatel,2026-01-25T17:00:00,skwon,2026-01-26T23:00:00,T
902565,502565,VIABLE_AIR_USP,0,23,23,23.0,CFU/m3,0,400,200.0,T,A,tolawale,2026-01-25T12:00:00,mrodriguez,2026-01-25T17:00:00,T
902566,502566,SETTLE_PLATE_TSA,0,0,0,0.0,CFU/plate,0,1,1.0,T,A,anguyen,2026-01-25T11:00:00,tolawale,2026-01-25T21:00:00,T
902567,502567,VIABLE_AIR_USP,0,0,0,0.0,CFU/m3,0,1,1.0,T,A,dpatel,2026-01-25T12:00:00,anguyen,2026-01-25T17:00:00,T
902568,502568,SETTLE_PLATE_TSA,0,0,0,0.0,CFU/plate,0,5,3.0,T,A,anguyen,2026-01-25T12:00:00,anguyen,2026-01-26T15:00:00,T
902569,502569,VIABLE_AIR_USP,0,0,0,0.0,CFU/m3,0,20,10.0,T,A,tolawale,2026-01-26T12:00:00,skwon,2026-01-27T05:00:00,T
902570,502570,SETTLE_PLATE_TSA,0,1,1,1.0,CFU/plate,0,50,25.0,T,A,mrodriguez,2026-01-26T09:00:00,anguyen,2026-01-26T11:00:00,T
902571,502571,VIABLE_AIR_USP,0,11,11,11.0,CFU/m3,0,200,100.0,T,A,dpatel,2026-01-29T16:00:00,anguyen,2026-01-30T20:00:00,T
902572,502572,SETTLE_PLATE_TSA,0,7,7,7.0,CFU/plate,0,100,50.0,T,A,jchen,2026-01-25T11:00:00,jchen,2026-01-26T02:00:00,T
902573,502573,VIABLE_AIR_USP,0,25,25,25.0,CFU/m3,0,400,200.0,T,A,tolawale,2026-01-25T16:00:00,tolawale,2026-01-26T13:00:00,T
902574,502574,SETTLE_PLATE_TSA,0,0,0,0.0,CFU/plate,0,1,1.0,T,A,mrodriguez,2026-01-27T16:00:00,skwon,2026-01-28T07:00:00,T
902575,502575,VIABLE_AIR_USP,0,0,0,0.0,CFU/m3,0,1,1.0,T,A,anguyen,2026-01-26T14:00:00,dpatel,2026-01-27T05:00:00,T
902576,502576,SETTLE_PLATE_TSA,0,0,0,0.0,CFU/plate,0,5,3.0,T,A,mrodriguez,2026-01-26T09:00:00,skwon,2026-01-27T10:00:00,T
902577,502577,VIABLE_AIR_USP,0,1,1,1.0,CFU/m3,0,20,10.0,T,A,jchen,2026-01-27T07:00:00,mrodriguez,2026-01-28T13:00:00,T
902578,502578,SETTLE_PLATE_TSA,0,1,1,1.0,CFU/plate,0,50,25.0,T,A,anguyen,2026-01-26T10:00:00,skwon,2026-01-27T11:00:00,T
902579,502579,VIABLE_AIR_USP,0,11,11,11.0,CFU/m3,0,200,100.0,T,A,jchen,2026-01-26T18:00:00,anguyen,2026-01-27T12:00:00,T
902580,502580,SETTLE_PLATE_TSA,0,1,1,1.0,CFU/plate,0,100,50.0,T,A,jchen,2026-01-26T08:00:00,skwon,2026-01-27T04:00:00,T
902581,502581,VIABLE_AIR_USP,0,18,18,18.0,CFU/m3,0,400,200.0,T,A,mrodriguez,2026-01-27T10:00:00,anguyen,2026-01-28T02:00:00,T
902582,502582,BIOBURDEN_USP61,0,0,0,0.0,CFU/device,0,100,50.0,T,A,jchen,2026-01-27T10:00:00,tolawale,2026-01-27T12:00:00,T
902583,502583,LAL_KINETIC,0,0.75,0.75,0.75,EU/device,0,20,10.0,T,A,dpatel,2026-01-28T08:00:00,skwon,2026-01-28T12:00:00,T
902584,502584,BIOBURDEN_USP61,0,4,4,4.0,CFU/device,0,100,50.0,T,A,mrodriguez,2026-01-26T09:00:00,anguyen,2026-01-26T12:00:00,T
902585,502585,LAL_KINETIC,0,0.99,0.99,0.99,EU/device,0,20,10.0,T,A,anguyen,2026-01-27T10:00:00,skwon,2026-01-27T19:00:00,T
902586,502586,BIOBURDEN_USP61,0,4,4,4.0,CFU/device,0,100,50.0,T,A,skwon,2026-01-26T07:00:00,jchen,2026-01-26T12:00:00,T
902587,502587,LAL_KINETIC,0,1.34,1.34,1.34,EU/device,0,20,10.0,T,A,jchen,2026-01-28T08:00:00,dpatel,2026-01-29T03:00:00,T
902588,502588,BIOBURDEN_USP61,0,5,5,5.0,CFU/device,0,100,50.0,T,A,anguyen,2026-01-27T07:00:00,mrodriguez,2026-01-27T13:00:00,T
902589,502589,LAL_KINETIC,0,1.2,1.2,1.2,EU/device,0,20,10.0,T,A,tolawale,2026-01-26T08:00:00,mrodriguez,2026-01-26T12:00:00,T
902590,502590,SETTLE_PLATE_TSA,0,0,0,0.0,CFU/plate,0,1,1.0,T,A,skwon,2026-01-28T13:00:00,anguyen,2026-01-29T03:00:00,T
902591,502591,VIABLE_AIR_USP,0,0,0,0.0,CFU/m3,0,1,1.0,T,A,anguyen,2026-01-28T14:00:00,mrodriguez,2026-01-29T05:00:00,T
902592,502592,SETTLE_PLATE_TSA,0,0,0,0.0,CFU/plate,0,5,3.0,T,A,anguyen,2026-01-27T08:00:00,jchen,2026-01-28T08:00:00,T
902593,502593,VIABLE_AIR_USP,0,1,1,1.0,CFU/m3,0,20,10.0,T,A,mrodriguez,2026-01-28T11:00:00,skwon,2026-01-28T13:00:00,T
902594,502594,SETTLE_PLATE_TSA,0,1,1,1.0,CFU/plate,0,50,25.0,T,A,anguyen,2026-01-28T12:00:00,mrodriguez,2026-01-29T12:00:00,T
902595,502595,VIABLE_AIR_USP,0,6,6,6.0,CFU/m3,0,200,100.0,T,A,tolawale,2026-01-28T12:00:00,dpatel,2026-01-28T19:00:00,T
902596,502596,SETTLE_PLATE_TSA,0,6,6,6.0,CFU/plate,0,100,50.0,T,A,dpatel,2026-01-27T14:00:00,tolawale,2026-01-27T20:00:00,T
902597,502597,VIABLE_AIR_USP,0,18,18,18.0,CFU/m3,0,400,200.0,T,A,jchen,2026-01-27T12:00:00,dpatel,2026-01-28T15:00:00,T
902598,502598,SETTLE_PLATE_TSA,0,0,0,0.0,CFU/plate,0,1,1.0,T,A,tolawale,2026-01-29T09:00:00,jchen,2026-01-30T15:00:00,T
902599,502599,VIABLE_AIR_USP,0,0,0,0.0,CFU/m3,0,1,1.0,T,A,mrodriguez,2026-02-03T13:00:00,jchen,2026-02-03T15:00:00,T
902600,502600,SETTLE_PLATE_TSA,0,0,0,0.0,CFU/plate,0,5,3.0,T,A,mrodriguez,2026-01-28T11:00:00,mrodriguez,2026-01-29T12:00:00,T
902601,502601,VIABLE_AIR_USP,0,3,3,3.0,CFU/m3,0,20,10.0,T,A,anguyen,2026-01-29T08:00:00,mrodriguez,2026-01-29T21:00:00,T
902602,502602,SETTLE_PLATE_TSA,0,4,4,4.0,CFU/plate,0,50,25.0,T,A,tolawale,2026-01-29T16:00:00,mrodriguez,2026-01-30T07:00:00,T
902603,502603,VIABLE_AIR_USP,0,13,13,13.0,CFU/m3,0,200,100.0,T,A,dpatel,2026-01-28T12:00:00,mrodriguez,2026-01-29T10:00:00,T
902604,502604,SETTLE_PLATE_TSA,0,5,5,5.0,CFU/plate,0,100,50.0,T,A,tolawale,2026-01-28T08:00:00,dpatel,2026-01-29T05:00:00,T
902605,502605,VIABLE_AIR_USP,0,27,27,27.0,CFU/m3,0,400,200.0,T,A,skwon,2026-01-28T12:00:00,dpatel,2026-01-29T05:00:00,T
902606,502606,SETTLE_PLATE_TSA,0,0,0,0.0,CFU/plate,0,1,1.0,T,A,jchen,2026-01-30T17:00:00,dpatel,2026-01-31T00:00:00,T
902607,502607,VIABLE_AIR_USP,0,0,0,0.0,CFU/m3,0,1,1.0,T,A,skwon,2026-01-29T13:00:00,anguyen,2026-01-30T05:00:00,T
902608,502608,SETTLE_PLATE_TSA,0,0,0,0.0,CFU/plate,0,5,3.0,T,A,dpatel,2026-01-30T11:00:00,dpatel,2026-01-31T16:00:00,T
902609,502609,VIABLE_AIR_USP,0,2,2,2.0,CFU/m3,0,20,10.0,T,A,skwon,2026-01-30T18:00:00,dpatel,2026-01-31T10:00:00,T
902610,502610,SETTLE_PLATE_TSA,0,2,2,2.0,CFU/plate,0,50,25.0,T,A,skwon,2026-01-29T09:00:00,dpatel,2026-01-30T07:00:00,T
902611,502611,VIABLE_AIR_USP,0,11,11,11.0,CFU/m3,0,200,100.0,T,A,jchen,2026-01-30T17:00:00,dpatel,2026-01-31T13:00:00,T
902612,502612,SETTLE_PLATE_TSA,0,4,4,4.0,CFU/plate,0,100,50.0,T,A,dpatel,2026-01-29T11:00:00,tolawale,2026-01-29T14:00:00,T
902613,502613,VIABLE_AIR_USP,0,17,17,17.0,CFU/m3,0,400,200.0,T,A,anguyen,2026-01-29T11:00:00,tolawale,2026-01-29T15:00:00,T
902614,502614,SETTLE_PLATE_TSA,0,0,0,0.0,CFU/plate,0,1,1.0,T,A,tolawale,2026-01-30T15:00:00,mrodriguez,2026-01-31T01:00:00,T
902615,502615,VIABLE_AIR_USP,0,0,0,0.0,CFU/m3,0,1,1.0,T,A,tolawale,2026-01-31T10:00:00,jchen,2026-02-01T12:00:00,T
902616,502616,SETTLE_PLATE_TSA,0,1,1,1.0,CFU/plate,0,5,3.0,T,A,mrodriguez,2026-01-30T17:00:00,mrodriguez,2026-01-30T23:00:00,T
902617,502617,VIABLE_AIR_USP,0,1,1,1.0,CFU/m3,0,20,10.0,T,A,mrodriguez,2026-01-31T13:00:00,mrodriguez,2026-02-01T07:00:00,T
902618,502618,SETTLE_PLATE_TSA,0,1,1,1.0,CFU/plate,0,50,25.0,T,A,dpatel,2026-01-31T18:00:00,skwon,2026-01-31T20:00:00,T
902619,502619,VIABLE_AIR_USP,0,9,9,9.0,CFU/m3,0,200,100.0,T,A,dpatel,2026-01-30T06:00:00,mrodriguez,2026-01-30T13:00:00,T
902620,502620,SETTLE_PLATE_TSA,0,4,4,4.0,CFU/plate,0,100,50.0,T,A,mrodriguez,2026-01-31T09:00:00,mrodriguez,2026-02-01T12:00:00,T
902621,502621,VIABLE_AIR_USP,0,22,22,22.0,CFU/m3,0,400,200.0,T,A,jchen,2026-01-30T10:00:00,anguyen,2026-01-31T07:00:00,T
902622,502622,SETTLE_PLATE_TSA,0,0,0,0.0,CFU/plate,0,1,1.0,T,A,mrodriguez,2026-02-01T09:00:00,mrodriguez,2026-02-01T12:00:00,T
902623,502623,VIABLE_AIR_USP,0,0,0,0.0,CFU/m3,0,1,1.0,T,A,jchen,2026-01-31T08:00:00,jchen,2026-01-31T12:00:00,T
902624,502624,SETTLE_PLATE_TSA,0,0,0,0.0,CFU/plate,0,5,3.0,T,A,skwon,2026-01-31T09:00:00,skwon,2026-02-01T11:00:00,T
902625,502625,VIABLE_AIR_USP,0,0,0,0.0,CFU/m3,0,20,10.0,T,A,skwon,2026-02-01T10:00:00,jchen,2026-02-02T12:00:00,T
902626,502626,SETTLE_PLATE_TSA,0,2,2,2.0,CFU/plate,0,50,25.0,T,A,dpatel,2026-01-31T15:00:00,anguyen,2026-02-01T01:00:00,T
902627,502627,VIABLE_AIR_USP,0,7,7,7.0,CFU/m3,0,200,100.0,T,A,anguyen,2026-02-01T09:00:00,jchen,2026-02-02T07:00:00,T
902628,502628,SETTLE_PLATE_TSA,0,3,3,3.0,CFU/plate,0,100,50.0,T,A,mrodriguez,2026-01-31T09:00:00,mrodriguez,2026-01-31T11:00:00,T
902629,502629,VIABLE_AIR_USP,0,18,18,18.0,CFU/m3,0,400,200.0,T,A,anguyen,2026-02-01T11:00:00,anguyen,2026-02-02T13:00:00,T
902630,502630,SETTLE_PLATE_TSA,0,0,0,0.0,CFU/plate,0,1,1.0,T,A,skwon,2026-02-02T08:00:00,anguyen,2026-02-02T23:00:00,T
902631,502631,VIABLE_AIR_USP,0,0,0,0.0,CFU/m3,0,1,1.0,T,A,anguyen,2026-02-01T08:00:00,tolawale,2026-02-02T14:00:00,T
902632,502632,SETTLE_PLATE_TSA,0,0,0,0.0,CFU/plate,0,5,3.0,T,A,dpatel,2026-02-01T17:00:00,dpatel,2026-02-02T01:00:00,T
902633,502633,VIABLE_AIR_USP,0,1,1,1.0,CFU/m3,0,20,10.0,T,A,skwon,2026-02-01T06:00:00,anguyen,2026-02-01T13:00:00,T
902634,502634,SETTLE_PLATE_TSA,0,1,1,1.0,CFU/plate,0,50,25.0,T,A,dpatel,2026-02-02T18:00:00,mrodriguez,2026-02-02T21:00:00,T
902635,502635,VIABLE_AIR_USP,0,10,10,10.0,CFU/m3,0,200,100.0,T,A,mrodriguez,2026-02-01T11:00:00,mrodriguez,2026-02-02T17:00:00,T
902636,502636,SETTLE_PLATE_TSA,0,3,3,3.0,CFU/plate,0,100,50.0,T,A,anguyen,2026-02-07T15:00:00,skwon,2026-02-08T10:00:00,T
902637,502637,VIABLE_AIR_USP,0,19,19,19.0,CFU/m3,0,400,200.0,T,A,jchen,2026-02-02T14:00:00,anguyen,2026-02-02T18:00:00,T
902638,502638,SETTLE_PLATE_TSA,0,0,0,0.0,CFU/plate,0,1,1.0,T,A,dpatel,2026-02-02T11:00:00,tolawale,2026-02-02T23:00:00,T
902639,502639,VIABLE_AIR_USP,0,1,1,1.0,CFU/m3,0,1,1.0,F,A,dpatel,2026-02-03T10:00:00,jchen,2026-02-03T12:00:00,T
902640,502640,SETTLE_PLATE_TSA,0,0,0,0.0,CFU/plate,0,5,3.0,T,A,dpatel,2026-02-02T14:00:00,tolawale,2026-02-03T19:00:00,T
902641,502641,VIABLE_AIR_USP,0,0,0,0.0,CFU/m3,0,20,10.0,T,A,anguyen,2026-02-02T08:00:00,dpatel,2026-02-02T19:00:00,T
902642,502642,SETTLE_PLATE_TSA,0,3,3,3.0,CFU/plate,0,50,25.0,T,A,jchen,2026-02-02T12:00:00,jchen,2026-02-03T09:00:00,T
902643,502643,VIABLE_AIR_USP,0,5,5,5.0,CFU/m3,0,200,100.0,T,A,jchen,2026-02-03T08:00:00,tolawale,2026-02-03T22:00:00,T
902644,502644,SETTLE_PLATE_TSA,0,7,7,7.0,CFU/plate,0,100,50.0,T,A,skwon,2026-02-02T11:00:00,dpatel,2026-02-03T10:00:00,T
902645,502645,VIABLE_AIR_USP,0,18,18,18.0,CFU/m3,0,400,200.0,T,A,jchen,2026-02-03T10:00:00,dpatel,2026-02-04T14:00:00,T
902646,502646,BIOBURDEN_USP61,0,2,2,2.0,CFU/device,0,100,50.0,T,A,skwon,2026-02-04T07:00:00,jchen,2026-02-05T03:00:00,T
902647,502647,LAL_KINETIC,0,0.6,0.6,0.6,EU/device,0,20,10.0,T,A,skwon,2026-02-02T08:00:00,dpatel,2026-02-03T03:00:00,T
902648,502648,BIOBURDEN_USP61,0,3,3,3.0,CFU/device,0,100,50.0,T,A,anguyen,2026-02-02T07:00:00,dpatel,2026-02-02T23:00:00,T
902649,502649,LAL_KINETIC,0,1.44,1.44,1.44,EU/device,0,20,10.0,T,A,mrodriguez,2026-02-02T06:00:00,anguyen,2026-02-03T02:00:00,T
902650,502650,BIOBURDEN_USP61,0,5,5,5.0,CFU/device,0,100,50.0,T,A,dpatel,2026-02-03T08:00:00,tolawale,2026-02-03T14:00:00,T
902651,502651,LAL_KINETIC,0,0.41,0.41,0.41,EU/device,0,20,10.0,T,A,tolawale,2026-02-04T06:00:00,mrodriguez,2026-02-04T22:00:00,T
902652,502652,BIOBURDEN_USP61,0,3,3,3.0,CFU/device,0,100,50.0,T,A,dpatel,2026-02-03T07:00:00,dpatel,2026-02-03T22:00:00,T
902653,502653,LAL_KINETIC,0,0.76,0.76,0.76,EU/device,0,20,10.0,T,A,skwon,2026-02-03T08:00:00,jchen,2026-02-04T00:00:00,T
902654,502654,BIOBURDEN_USP61,0,8,8,8.0,CFU/device,0,100,50.0,T,A,jchen,2026-02-03T06:00:00,anguyen,2026-02-03T14:00:00,T
902655,502655,LAL_KINETIC,0,1.86,1.86,1.86,EU/device,0,20,10.0,T,A,jchen,2026-02-03T09:00:00,tolawale,2026-02-03T23:00:00,T
902656,502656,SETTLE_PLATE_TSA,0,0,0,0.0,CFU/plate,0,1,1.0,T,A,skwon,2026-02-03T10:00:00,dpatel,2026-02-03T15:00:00,T
902657,502657,VIABLE_AIR_USP,0,0,0,0.0,CFU/m3,0,1,1.0,T,A,anguyen,2026-02-07T14:00:00,dpatel,2026-02-08T01:00:00,T
902658,502658,SETTLE_PLATE_TSA,0,0,0,0.0,CFU/plate,0,5,3.0,T,A,tolawale,2026-02-03T11:00:00,dpatel,2026-02-04T07:00:00,T
902659,502659,VIABLE_AIR_USP,0,0,0,0.0,CFU/m3,0,20,10.0,T,A,tolawale,2026-02-03T16:00:00,anguyen,2026-02-03T23:00:00,T
902660,502660,SETTLE_PLATE_TSA,0,0,0,0.0,CFU/plate,0,50,25.0,T,A,skwon,2026-02-03T09:00:00,skwon,2026-02-04T01:00:00,T
902661,502661,VIABLE_AIR_USP,0,8,8,8.0,CFU/m3,0,200,100.0,T,A,skwon,2026-02-03T12:00:00,anguyen,2026-02-03T20:00:00,T
902662,502662,SETTLE_PLATE_TSA,0,4,4,4.0,CFU/plate,0,100,50.0,T,A,skwon,2026-02-04T11:00:00,skwon,2026-02-04T19:00:00,T
902663,502663,VIABLE_AIR_USP,0,19,19,19.0,CFU/m3,0,400,200.0,T,A,anguyen,2026-02-06T13:00:00,skwon,2026-02-07T07:00:00,T
902664,502664,SETTLE_PLATE_TSA,0,0,0,0.0,CFU/plate,0,1,1.0,T,A,jchen,2026-02-05T10:00:00,dpatel,2026-02-05T20:00:00,T
902665,502665,VIABLE_AIR_USP,0,0,0,0.0,CFU/m3,0,1,1.0,T,A,anguyen,2026-02-05T13:00:00,tolawale,2026-02-06T09:00:00,T
902666,502666,SETTLE_PLATE_TSA,0,0,0,0.0,CFU/plate,0,5,3.0,T,A,skwon,2026-02-05T10:00:00,tolawale,2026-02-05T22:00:00,T
902667,502667,VIABLE_AIR_USP,0,2,2,2.0,CFU/m3,0,20,10.0,T,A,skwon,2026-02-05T16:00:00,skwon,2026-02-06T13:00:00,T
902668,502668,SETTLE_PLATE_TSA,0,1,1,1.0,CFU/plate,0,50,25.0,T,A,mrodriguez,2026-02-04T08:00:00,dpatel,2026-02-04T17:00:00,T
902669,502669,VIABLE_AIR_USP,0,7,7,7.0,CFU/m3,0,200,100.0,T,A,skwon,2026-02-05T09:00:00,mrodriguez,2026-02-06T01:00:00,T
902670,502670,SETTLE_PLATE_TSA,0,3,3,3.0,CFU/plate,0,100,50.0,T,A,tolawale,2026-02-04T08:00:00,skwon,2026-02-05T10:00:00,T
902671,502671,VIABLE_AIR_USP,0,15,15,15.0,CFU/m3,0,400,200.0,T,A,skwon,2026-02-05T10:00:00,jchen,2026-02-06T01:00:00,T
902672,502672,SETTLE_PLATE_TSA,0,0,0,0.0,CFU/plate,0,1,1.0,T,A,anguyen,2026-02-06T14:00:00,skwon,2026-02-07T18:00:00,T
902673,502673,VIABLE_AIR_USP,0,0,0,0.0,CFU/m3,0,1,1.0,T,A,jchen,2026-02-05T13:00:00,mrodriguez,2026-02-06T09:00:00,T
902674,502674,SETTLE_PLATE_TSA,0,0,0,0.0,CFU/plate,0,5,3.0,T,A,jchen,2026-02-06T15:00:00,dpatel,2026-02-06T17:00:00,T
902675,502675,VIABLE_AIR_USP,0,0,0,0.0,CFU/m3,0,20,10.0,T,A,dpatel,2026-02-05T09:00:00,jchen,2026-02-06T00:00:00,T
902676,502676,SETTLE_PLATE_TSA,0,2,2,2.0,CFU/plate,0,50,25.0,T,A,jchen,2026-02-05T15:00:00,jchen,2026-02-05T23:00:00,T
902677,502677,VIABLE_AIR_USP,0,5,5,5.0,CFU/m3,0,200,100.0,T,A,jchen,2026-02-05T09:00:00,skwon,2026-02-05T16:00:00,T
902678,502678,SETTLE_PLATE_TSA,0,4,4,4.0,CFU/plate,0,100,50.0,T,A,anguyen,2026-02-05T16:00:00,dpatel,2026-02-05T23:00:00,T
902679,502679,VIABLE_AIR_USP,0,21,21,21.0,CFU/m3,0,400,200.0,T,A,mrodriguez,2026-02-05T17:00:00,jchen,2026-02-06T02:00:00,T
902680,502680,SETTLE_PLATE_TSA,0,0,0,0.0,CFU/plate,0,1,1.0,T,A,jchen,2026-02-07T16:00:00,tolawale,2026-02-08T04:00:00,T
902681,502681,VIABLE_AIR_USP,0,0,0,0.0,CFU/m3,0,1,1.0,T,A,mrodriguez,2026-02-06T17:00:00,jchen,2026-02-07T00:00:00,T
902682,502682,SETTLE_PLATE_TSA,0,0,0,0.0,CFU/plate,0,5,3.0,T,A,skwon,2026-02-06T10:00:00,skwon,2026-02-07T12:00:00,T
902683,502683,VIABLE_AIR_USP,0,0,0,0.0,CFU/m3,0,20,10.0,T,A,tolawale,2026-02-07T14:00:00,skwon,2026-02-08T18:00:00,T
902684,502684,SETTLE_PLATE_TSA,0,3,3,3.0,CFU/plate,0,50,25.0,T,A,dpatel,2026-02-07T12:00:00,tolawale,2026-02-08T09:00:00,T
902685,502685,VIABLE_AIR_USP,0,12,12,12.0,CFU/m3,0,200,100.0,T,A,skwon,2026-02-07T10:00:00,skwon,2026-02-08T14:00:00,T
902686,502686,SETTLE_PLATE_TSA,0,4,4,4.0,CFU/plate,0,100,50.0,T,A,jchen,2026-02-06T10:00:00,anguyen,2026-02-07T06:00:00,T
902687,502687,VIABLE_AIR_USP,0,15,15,15.0,CFU/m3,0,400,200.0,T,A,jchen,2026-02-07T10:00:00,dpatel,2026-02-08T07:00:00,T
902688,502688,SETTLE_PLATE_TSA,0,0,0,0.0,CFU/plate,0,1,1.0,T,A,anguyen,2026-02-07T11:00:00,mrodriguez,2026-02-07T19:00:00,T
902689,502689,VIABLE_AIR_USP,0,0,0,0.0,CFU/m3,0,1,1.0,T,A,mrodriguez,2026-02-07T09:00:00,tolawale,2026-02-08T12:00:00,T
902690,502690,SETTLE_PLATE_TSA,0,0,0,0.0,CFU/plate,0,5,3.0,T,A,jchen,2026-02-07T11:00:00,tolawale,2026-02-07T22:00:00,T
902691,502691,VIABLE_AIR_USP,0,1,1,1.0,CFU/m3,0,20,10.0,T,A,mrodriguez,2026-02-08T09:00:00,mrodriguez,2026-02-09T06:00:00,T
902692,502692,SETTLE_PLATE_TSA,0,1,1,1.0,CFU/plate,0,50,25.0,T,A,mrodriguez,2026-02-07T14:00:00,anguyen,2026-02-07T20:00:00,T
902693,502693,VIABLE_AIR_USP,0,10,10,10.0,CFU/m3,0,200,100.0,T,A,tolawale,2026-02-07T11:00:00,dpatel,2026-02-07T17:00:00,T
902694,502694,SETTLE_PLATE_TSA,0,6,6,6.0,CFU/plate,0,100,50.0,T,A,dpatel,2026-02-08T14:00:00,anguyen,2026-02-09T19:00:00,T
902695,502695,VIABLE_AIR_USP,0,13,13,13.0,CFU/m3,0,400,200.0,T,A,jchen,2026-02-08T12:00:00,skwon,2026-02-08T20:00:00,T
902696,502696,SETTLE_PLATE_TSA,0,0,0,0.0,CFU/plate,0,1,1.0,T,A,dpatel,2026-02-08T14:00:00,dpatel,2026-02-08T21:00:00,T
902697,502697,VIABLE_AIR_USP,0,0,0,0.0,CFU/m3,0,1,1.0,T,A,mrodriguez,2026-02-09T11:00:00,mrodriguez,2026-02-10T07:00:00,T
902698,502698,SETTLE_PLATE_TSA,0,0,0,0.0,CFU/plate,0,5,3.0,T,A,jchen,2026-02-08T13:00:00,dpatel,2026-02-08T19:00:00,T
902699,502699,VIABLE_AIR_USP,0,0,0,0.0,CFU/m3,0,20,10.0,T,A,tolawale,2026-02-09T11:00:00,mrodriguez,2026-02-10T01:00:00,T
902700,502700,SETTLE_PLATE_TSA,0,3,3,3.0,CFU/plate,0,50,25.0,T,A,jchen,2026-02-08T09:00:00,anguyen,2026-02-08T11:00:00,T
902701,502701,VIABLE_AIR_USP,0,11,11,11.0,CFU/m3,0,200,100.0,T,A,dpatel,2026-02-08T14:00:00,mrodriguez,2026-02-08T17:00:00,T
902702,502702,SETTLE_PLATE_TSA,0,1,1,1.0,CFU/plate,0,100,50.0,T,A,tolawale,2026-02-09T13:00:00,jchen,2026-02-09T15:00:00,T
902703,502703,VIABLE_AIR_USP,0,16,16,16.0,CFU/m3,0,400,200.0,T,A,jchen,2026-02-08T11:00:00,jchen,2026-02-08T20:00:00,T
902704,502704,SETTLE_PLATE_TSA,0,0,0,0.0,CFU/plate,0,1,1.0,T,A,anguyen,2026-02-09T13:00:00,mrodriguez,2026-02-10T05:00:00,T
902705,502705,VIABLE_AIR_USP,0,0,0,0.0,CFU/m3,0,1,1.0,T,A,mrodriguez,2026-02-09T16:00:00,tolawale,2026-02-10T11:00:00,T
902706,502706,SETTLE_PLATE_TSA,0,1,1,1.0,CFU/plate,0,5,3.0,T,A,tolawale,2026-02-09T10:00:00,dpatel,2026-02-10T11:00:00,T
902707,502707,VIABLE_AIR_USP,0,4,4,4.0,CFU/m3,0,20,10.0,T,A,skwon,2026-02-15T15:00:00,mrodriguez,2026-02-16T19:00:00,T
902708,502708,SETTLE_PLATE_TSA,0,1,1,1.0,CFU/plate,0,50,25.0,T,A,anguyen,2026-02-10T12:00:00,anguyen,2026-02-10T17:00:00,T
902709,502709,VIABLE_AIR_USP,0,8,8,8.0,CFU/m3,0,200,100.0,T,A,dpatel,2026-02-10T13:00:00,anguyen,2026-02-10T23:00:00,T
902710,502710,SETTLE_PLATE_TSA,0,6,6,6.0,CFU/plate,0,100,50.0,T,A,anguyen,2026-02-09T15:00:00,tolawale,2026-02-10T15:00:00,T
902711,502711,VIABLE_AIR_USP,0,19,19,19.0,CFU/m3,0,400,200.0,T,A,skwon,2026-02-09T15:00:00,skwon,2026-02-10T01:00:00,T
902712,502712,BIOBURDEN_USP61,0,5,5,5.0,CFU/device,0,100,50.0,T,A,mrodriguez,2026-02-11T08:00:00,dpatel,2026-02-11T20:00:00,T
902713,502713,LAL_KINETIC,0,2.83,2.83,2.83,EU/device,0,20,10.0,T,A,anguyen,2026-02-10T06:00:00,mrodriguez,2026-02-10T13:00:00,T
902714,502714,BIOBURDEN_USP61,0,5,5,5.0,CFU/device,0,100,50.0,T,A,anguyen,2026-02-09T06:00:00,tolawale,2026-02-09T19:00:00,T
902715,502715,LAL_KINETIC,0,3.14,3.14,3.14,EU/device,0,20,10.0,T,A,mrodriguez,2026-02-10T09:00:00,anguyen,2026-02-11T01:00:00,T
902716,502716,BIOBURDEN_USP61,0,1,1,1.0,CFU/device,0,100,50.0,T,A,mrodriguez,2026-02-11T08:00:00,mrodriguez,2026-02-11T10:00:00,T
902717,502717,LAL_KINETIC,0,0.95,0.95,0.95,EU/device,0,20,10.0,T,A,mrodriguez,2026-02-10T07:00:00,anguyen,2026-02-10T11:00:00,T
902718,502718,SETTLE_PLATE_TSA,0,1,1,1.0,CFU/plate,0,1,1.0,F,A,jchen,2026-02-11T12:00:00,skwon,2026-02-11T19:00:00,T
902719,502719,VIABLE_AIR_USP,0,0,0,0.0,CFU/m3,0,1,1.0,T,A,dpatel,2026-02-10T13:00:00,mrodriguez,2026-02-11T04:00:00,T
902720,502720,SETTLE_PLATE_TSA,0,0,0,0.0,CFU/plate,0,5,3.0,T,A,jchen,2026-02-10T06:00:00,anguyen,2026-02-11T07:00:00,T
902721,502721,VIABLE_AIR_USP,0,0,0,0.0,CFU/m3,0,20,10.0,T,A,mrodriguez,2026-02-10T10:00:00,skwon,2026-02-10T17:00:00,T
902722,502722,SETTLE_PLATE_TSA,0,3,3,3.0,CFU/plate,0,50,25.0,T,A,skwon,2026-02-10T13:00:00,mrodriguez,2026-02-10T15:00:00,T
902723,502723,VIABLE_AIR_USP,0,4,4,4.0,CFU/m3,0,200,100.0,T,A,dpatel,2026-02-11T07:00:00,skwon,2026-02-12T06:00:00,T
902724,502724,SETTLE_PLATE_TSA,0,4,4,4.0,CFU/plate,0,100,50.0,T,A,skwon,2026-02-11T13:00:00,anguyen,2026-02-11T21:00:00,T
902725,502725,VIABLE_AIR_USP,0,14,14,14.0,CFU/m3,0,400,200.0,T,A,jchen,2026-02-15T11:00:00,mrodriguez,2026-02-16T03:00:00,T
902726,502726,SETTLE_PLATE_TSA,0,0,0,0.0,CFU/plate,0,1,1.0,T,A,skwon,2026-02-11T10:00:00,skwon,2026-02-11T18:00:00,T
902727,502727,VIABLE_AIR_USP,0,0,0,0.0,CFU/m3,0,1,1.0,T,A,dpatel,2026-02-11T16:00:00,mrodriguez,2026-02-12T03:00:00,T
902728,502728,SETTLE_PLATE_TSA,0,0,0,0.0,CFU/plate,0,5,3.0,T,A,dpatel,2026-02-12T09:00:00,skwon,2026-02-13T10:00:00,T
902729,502729,VIABLE_AIR_USP,0,0,0,0.0,CFU/m3,0,20,10.0,T,A,tolawale,2026-02-12T16:00:00,skwon,2026-02-13T07:00:00,T
902730,502730,SETTLE_PLATE_TSA,0,1,1,1.0,CFU/plate,0,50,25.0,T,A,anguyen,2026-02-11T12:00:00,jchen,2026-02-12T18:00:00,T
902731,502731,VIABLE_AIR_USP,0,7,7,7.0,CFU/m3,0,200,100.0,T,A,jchen,2026-02-12T08:00:00,anguyen,2026-02-12T12:00:00,T
902732,502732,SETTLE_PLATE_TSA,0,11,11,11.0,CFU/plate,0,100,50.0,T,A,dpatel,2026-02-11T09:00:00,mrodriguez,2026-02-11T20:00:00,T
902733,502733,VIABLE_AIR_USP,0,10,10,10.0,CFU/m3,0,400,200.0,T,A,dpatel,2026-02-12T10:00:00,dpatel,2026-02-12T19:00:00,T
902734,502734,SETTLE_PLATE_TSA,0,1,1,1.0,CFU/plate,0,1,1.0,F,A,anguyen,2026-02-13T14:00:00,mrodriguez,2026-02-14T10:00:00,T
902735,502735,VIABLE_AIR_USP,0,0,0,0.0,CFU/m3,0,1,1.0,T,A,tolawale,2026-02-12T14:00:00,jchen,2026-02-13T09:00:00,T
902736,502736,SETTLE_PLATE_TSA,0,0,0,0.0,CFU/plate,0,5,3.0,T,A,mrodriguez,2026-02-13T08:00:00,jchen,2026-02-14T06:00:00,T
902737,502737,VIABLE_AIR_USP,0,0,0,0.0,CFU/m3,0,20,10.0,T,A,anguyen,2026-02-13T14:00:00,mrodriguez,2026-02-14T15:00:00,T
902738,502738,SETTLE_PLATE_TSA,0,1,1,1.0,CFU/plate,0,50,25.0,T,A,mrodriguez,2026-02-12T08:00:00,skwon,2026-02-13T04:00:00,T
902739,502739,VIABLE_AIR_USP,0,5,5,5.0,CFU/m3,0,200,100.0,T,A,tolawale,2026-02-13T15:00:00,tolawale,2026-02-14T20:00:00,T
902740,502740,SETTLE_PLATE_TSA,0,3,3,3.0,CFU/plate,0,100,50.0,T,A,mrodriguez,2026-02-13T12:00:00,jchen,2026-02-13T20:00:00,T
902741,502741,VIABLE_AIR_USP,0,15,15,15.0,CFU/m3,0,400,200.0,T,A,jchen,2026-02-13T14:00:00,dpatel,2026-02-14T20:00:00,T
902742,502742,SETTLE_PLATE_TSA,0,0,0,0.0,CFU/plate,0,1,1.0,T,A,tolawale,2026-02-13T13:00:00,dpatel,2026-02-14T08:00:00,T
902743,502743,VIABLE_AIR_USP,0,0,0,0.0,CFU/m3,0,1,1.0,T,A,anguyen,2026-02-13T06:00:00,skwon,2026-02-13T12:00:00,T
902744,502744,SETTLE_PLATE_TSA,0,0,0,0.0,CFU/plate,0,5,3.0,T,A,jchen,2026-02-20T14:00:00,tolawale,2026-02-21T02:00:00,T
902745,502745,VIABLE_AIR_USP,0,0,0,0.0,CFU/m3,0,20,10.0,T,A,skwon,2026-02-17T15:00:00,jchen,2026-02-18T06:00:00,T
902746,502746,SETTLE_PLATE_TSA,0,3,3,3.0,CFU/plate,0,50,25.0,T,A,tolawale,2026-02-14T13:00:00,mrodriguez,2026-02-15T09:00:00,T
902747,502747,VIABLE_AIR_USP,0,8,8,8.0,CFU/m3,0,200,100.0,T,A,skwon,2026-02-13T09:00:00,skwon,2026-02-14T13:00:00,T
902748,502748,SETTLE_PLATE_TSA,0,3,3,3.0,CFU/plate,0,100,50.0,T,A,mrodriguez,2026-02-13T16:00:00,anguyen,2026-02-14T07:00:00,T
902749,502749,VIABLE_AIR_USP,0,11,11,11.0,CFU/m3,0,400,200.0,T,A,anguyen,2026-02-20T13:00:00,anguyen,2026-02-21T07:00:00,T
902750,502750,SETTLE_PLATE_TSA,0,0,0,0.0,CFU/plate,0,1,1.0,T,A,dpatel,2026-02-14T16:00:00,anguyen,2026-02-15T09:00:00,T
902751,502751,VIABLE_AIR_USP,0,0,0,0.0,CFU/m3,0,1,1.0,T,A,tolawale,2026-02-15T14:00:00,dpatel,2026-02-15T16:00:00,T
902752,502752,SETTLE_PLATE_TSA,0,0,0,0.0,CFU/plate,0,5,3.0,T,A,jchen,2026-02-15T10:00:00,tolawale,2026-02-15T16:00:00,T
902753,502753,VIABLE_AIR_USP,0,1,1,1.0,CFU/m3,0,20,10.0,T,A,tolawale,2026-02-15T09:00:00,tolawale,2026-02-16T04:00:00,T
902754,502754,SETTLE_PLATE_TSA,0,2,2,2.0,CFU/plate,0,50,25.0,T,A,skwon,2026-02-14T10:00:00,anguyen,2026-02-15T00:00:00,T
902755,502755,VIABLE_AIR_USP,0,8,8,8.0,CFU/m3,0,200,100.0,T,A,skwon,2026-02-14T14:00:00,jchen,2026-02-15T18:00:00,T
902756,502756,SETTLE_PLATE_TSA,0,1,1,1.0,CFU/plate,0,100,50.0,T,A,jchen,2026-02-15T14:00:00,mrodriguez,2026-02-16T20:00:00,T
902757,502757,VIABLE_AIR_USP,0,17,17,17.0,CFU/m3,0,400,200.0,T,A,tolawale,2026-02-14T17:00:00,anguyen,2026-02-15T08:00:00,T
902758,502758,SETTLE_PLATE_TSA,0,0,0,0.0,CFU/plate,0,1,1.0,T,A,dpatel,2026-02-15T18:00:00,mrodriguez,2026-02-16T17:00:00,T
902759,502759,VIABLE_AIR_USP,0,0,0,0.0,CFU/m3,0,1,1.0,T,A,tolawale,2026-02-16T10:00:00,anguyen,2026-02-17T09:00:00,T
902760,502760,SETTLE_PLATE_TSA,0,0,0,0.0,CFU/plate,0,5,3.0,T,A,dpatel,2026-02-16T15:00:00,anguyen,2026-02-16T17:00:00,T
902761,502761,VIABLE_AIR_USP,0,2,2,2.0,CFU/m3,0,20,10.0,T,A,dpatel,2026-02-16T13:00:00,dpatel,2026-02-16T15:00:00,T
902762,502762,SETTLE_PLATE_TSA,0,4,4,4.0,CFU/plate,0,50,25.0,T,A,dpatel,2026-02-16T10:00:00,tolawale,2026-02-17T13:00:00,T
902763,502763,VIABLE_AIR_USP,0,8,8,8.0,CFU/m3,0,200,100.0,T,A,skwon,2026-02-15T12:00:00,jchen,2026-02-16T05:00:00,T
902764,502764,SETTLE_PLATE_TSA,0,3,3,3.0,CFU/plate,0,100,50.0,T,A,tolawale,2026-02-15T13:00:00,anguyen,2026-02-16T19:00:00,T
902765,502765,VIABLE_AIR_USP,0,17,17,17.0,CFU/m3,0,400,200.0,T,A,jchen,2026-02-16T08:00:00,anguyen,2026-02-17T14:00:00,T
902766,502766,SETTLE_PLATE_TSA,0,1,1,1.0,CFU/plate,0,1,1.0,F,A,skwon,2026-02-16T14:00:00,mrodriguez,2026-02-16T17:00:00,T
902767,502767,VIABLE_AIR_USP,0,0,0,0.0,CFU/m3,0,1,1.0,T,A,mrodriguez,2026-02-23T06:00:00,jchen,2026-02-24T00:00:00,T
902768,502768,SETTLE_PLATE_TSA,0,0,0,0.0,CFU/plate,0,5,3.0,T,A,anguyen,2026-02-17T15:00:00,dpatel,2026-02-17T22:00:00,T
902769,502769,VIABLE_AIR_USP,0,5,5,5.0,CFU/m3,0,20,10.0,T,A,dpatel,2026-02-16T10:00:00,anguyen,2026-02-17T02:00:00,T
902770,502770,SETTLE_PLATE_TSA,0,0,0,0.0,CFU/plate,0,50,25.0,T,A,anguyen,2026-02-17T12:00:00,skwon,2026-02-17T16:00:00,T
902771,502771,VIABLE_AIR_USP,0,3,3,3.0,CFU/m3,0,200,100.0,T,A,anguyen,2026-02-17T10:00:00,skwon,2026-02-17T17:00:00,T
902772,502772,SETTLE_PLATE_TSA,0,5,5,5.0,CFU/plate,0,100,50.0,T,A,jchen,2026-02-16T13:00:00,skwon,2026-02-17T10:00:00,T
902773,502773,VIABLE_AIR_USP,0,10,10,10.0,CFU/m3,0,400,200.0,T,A,skwon,2026-02-17T11:00:00,dpatel,2026-02-17T21:00:00,T
902774,502774,BIOBURDEN_USP61,0,3,3,3.0,CFU/device,0,100,50.0,T,A,tolawale,2026-02-17T07:00:00,tolawale,2026-02-17T19:00:00,T
902775,502775,LAL_KINETIC,0,0.66,0.66,0.66,EU/device,0,20,10.0,T,A,jchen,2026-02-16T09:00:00,tolawale,2026-02-16T16:00:00,T
902776,502776,BIOBURDEN_USP61,0,2,2,2.0,CFU/device,0,100,50.0,T,A,dpatel,2026-02-16T07:00:00,skwon,2026-02-16T20:00:00,T
902777,502777,LAL_KINETIC,0,0.41,0.41,0.41,EU/device,0,20,10.0,T,A,jchen,2026-02-18T10:00:00,mrodriguez,2026-02-18T14:00:00,T
902778,502778,BIOBURDEN_USP61,0,3,3,3.0,CFU/device,0,100,50.0,T,A,mrodriguez,2026-02-18T06:00:00,skwon,2026-02-18T16:00:00,T
902779,502779,LAL_KINETIC,0,1.46,1.46,1.46,EU/device,0,20,10.0,T,A,tolawale,2026-02-16T09:00:00,skwon,2026-02-16T18:00:00,T
902780,502780,BIOBURDEN_USP61,0,9,9,9.0,CFU/device,0,100,50.0,T,A,mrodriguez,2026-02-17T06:00:00,dpatel,2026-02-17T15:00:00,T
902781,502781,LAL_KINETIC,0,0.95,0.95,0.95,EU/device,0,20,10.0,T,A,tolawale,2026-02-17T07:00:00,dpatel,2026-02-17T10:00:00,T
902782,502782,SETTLE_PLATE_TSA,0,0,0,0.0,CFU/plate,0,1,1.0,T,A,tolawale,2026-02-18T11:00:00,tolawale,2026-02-19T13:00:00,T
902783,502783,VIABLE_AIR_USP,0,0,0,0.0,CFU/m3,0,1,1.0,T,A,skwon,2026-02-18T15:00:00,jchen,2026-02-19T10:00:00,T
902784,502784,SETTLE_PLATE_TSA,0,0,0,0.0,CFU/plate,0,5,3.0,T,A,skwon,2026-02-17T18:00:00,tolawale,2026-02-18T07:00:00,T
902785,502785,VIABLE_AIR_USP,0,2,2,2.0,CFU/m3,0,20,10.0,T,A,mrodriguez,2026-02-17T13:00:00,skwon,2026-02-17T16:00:00,T
902786,502786,SETTLE_PLATE_TSA,0,0,0,0.0,CFU/plate,0,50,25.0,T,A,anguyen,2026-02-17T12:00:00,dpatel,2026-02-18T01:00:00,T
902787,502787,VIABLE_AIR_USP,0,8,8,8.0,CFU/m3,0,200,100.0,T,A,tolawale,2026-02-17T09:00:00,anguyen,2026-02-17T19:00:00,T
902788,502788,SETTLE_PLATE_TSA,0,3,3,3.0,CFU/plate,0,100,50.0,T,A,skwon,2026-02-17T07:00:00,skwon,2026-02-17T21:00:00,T
902789,502789,VIABLE_AIR_USP,0,20,20,20.0,CFU/m3,0,400,200.0,T,A,anguyen,2026-02-17T12:00:00,skwon,2026-02-18T18:00:00,T
902790,502790,SETTLE_PLATE_TSA,0,0,0,0.0,CFU/plate,0,1,1.0,T,A,tolawale,2026-02-18T13:00:00,tolawale,2026-02-19T01:00:00,T
902791,502791,VIABLE_AIR_USP,0,0,0,0.0,CFU/m3,0,1,1.0,T,A,anguyen,2026-02-19T16:00:00,dpatel,2026-02-20T13:00:00,T
902792,502792,SETTLE_PLATE_TSA,0,0,0,0.0,CFU/plate,0,5,3.0,T,A,dpatel,2026-02-19T14:00:00,anguyen,2026-02-19T21:00:00,T
902793,502793,VIABLE_AIR_USP,0,1,1,1.0,CFU/m3,0,20,10.0,T,A,anguyen,2026-02-18T13:00:00,anguyen,2026-02-18T21:00:00,T
902794,502794,SETTLE_PLATE_TSA,0,3,3,3.0,CFU/plate,0,50,25.0,T,A,mrodriguez,2026-02-19T06:00:00,jchen,2026-02-19T08:00:00,T
902795,502795,VIABLE_AIR_USP,0,6,6,6.0,CFU/m3,0,200,100.0,T,A,tolawale,2026-02-19T12:00:00,tolawale,2026-02-19T18:00:00,T
902796,502796,SETTLE_PLATE_TSA,0,6,6,6.0,CFU/plate,0,100,50.0,T,A,tolawale,2026-02-18T08:00:00,tolawale,2026-02-19T13:00:00,T
902797,502797,VIABLE_AIR_USP,0,19,19,19.0,CFU/m3,0,400,200.0,T,A,mrodriguez,2026-02-18T09:00:00,skwon,2026-02-19T03:00:00,T
902798,502798,SETTLE_PLATE_TSA,0,0,0,0.0,CFU/plate,0,1,1.0,T,A,skwon,2026-02-20T15:00:00,skwon,2026-02-21T19:00:00,T
902799,502799,VIABLE_AIR_USP,0,0,0,0.0,CFU/m3,0,1,1.0,T,A,dpatel,2026-02-20T09:00:00,mrodriguez,2026-02-20T12:00:00,T
902800,502800,SETTLE_PLATE_TSA,0,0,0,0.0,CFU/plate,0,5,3.0,T,A,anguyen,2026-02-20T12:00:00,anguyen,2026-02-21T09:00:00,T
902801,502801,VIABLE_AIR_USP,0,0,0,0.0,CFU/m3,0,20,10.0,T,A,anguyen,2026-02-19T15:00:00,mrodriguez,2026-02-20T05:00:00,T
902802,502802,SETTLE_PLATE_TSA,0,2,2,2.0,CFU/plate,0,50,25.0,T,A,tolawale,2026-02-19T16:00:00,skwon,2026-02-20T13:00:00,T
902803,502803,VIABLE_AIR_USP,0,6,6,6.0,CFU/m3,0,200,100.0,T,A,skwon,2026-02-20T12:00:00,tolawale,2026-02-21T14:00:00,T
902804,502804,SETTLE_PLATE_TSA,0,2,2,2.0,CFU/plate,0,100,50.0,T,A,dpatel,2026-02-20T13:00:00,tolawale,2026-02-20T23:00:00,T
902805,502805,VIABLE_AIR_USP,0,7,7,7.0,CFU/m3,0,400,200.0,T,A,jchen,2026-02-20T12:00:00,jchen,2026-02-21T17:00:00,T
902806,502806,SETTLE_PLATE_TSA,0,0,0,0.0,CFU/plate,0,1,1.0,T,A,skwon,2026-02-20T10:00:00,jchen,2026-02-21T03:00:00,T
902807,502807,VIABLE_AIR_USP,0,0,0,0.0,CFU/m3,0,1,1.0,T,A,anguyen,2026-02-20T06:00:00,dpatel,2026-02-20T12:00:00,T
902808,502808,SETTLE_PLATE_TSA,0,0,0,0.0,CFU/plate,0,5,3.0,T,A,anguyen,2026-02-20T18:00:00,mrodriguez,2026-02-21T11:00:00,T
902809,502809,VIABLE_AIR_USP,0,0,0,0.0,CFU/m3,0,20,10.0,T,A,dpatel,2026-02-21T11:00:00,dpatel,2026-02-21T21:00:00,T
902810,502810,SETTLE_PLATE_TSA,0,2,2,2.0,CFU/plate,0,50,25.0,T,A,skwon,2026-02-21T16:00:00,mrodriguez,2026-02-22T07:00:00,T
902811,502811,VIABLE_AIR_USP,0,7,7,7.0,CFU/m3,0,200,100.0,T,A,jchen,2026-02-21T12:00:00,anguyen,2026-02-22T00:00:00,T
902812,502812,SETTLE_PLATE_TSA,0,7,7,7.0,CFU/plate,0,100,50.0,T,A,tolawale,2026-02-21T07:00:00,mrodriguez,2026-02-22T00:00:00,T
902813,502813,VIABLE_AIR_USP,0,12,12,12.0,CFU/m3,0,400,200.0,T,A,anguyen,2026-02-20T11:00:00,mrodriguez,2026-02-21T00:00:00,T
902814,502814,SETTLE_PLATE_TSA,0,0,0,0.0,CFU/plate,0,1,1.0,T,A,jchen,2026-02-22T18:00:00,dpatel,2026-02-22T20:00:00,T
902815,502815,VIABLE_AIR_USP,0,0,0,0.0,CFU/m3,0,1,1.0,T,A,tolawale,2026-02-21T11:00:00,dpatel,2026-02-22T17:00:00,T
902816,502816,SETTLE_PLATE_TSA,0,0,0,0.0,CFU/plate,0,5,3.0,T,A,tolawale,2026-02-21T15:00:00,skwon,2026-02-21T18:00:00,T
902817,502817,VIABLE_AIR_USP,0,1,1,1.0,CFU/m3,0,20,10.0,T,A,jchen,2026-02-21T06:00:00,dpatel,2026-02-22T06:00:00,T
902818,502818,SETTLE_PLATE_TSA,0,2,2,2.0,CFU/plate,0,50,25.0,T,A,dpatel,2026-02-21T18:00:00,jchen,2026-02-22T00:00:00,T
902819,502819,VIABLE_AIR_USP,0,4,4,4.0,CFU/m3,0,200,100.0,T,A,tolawale,2026-02-22T12:00:00,tolawale,2026-02-23T14:00:00,T
902820,502820,SETTLE_PLATE_TSA,0,1,1,1.0,CFU/plate,0,100,50.0,T,A,dpatel,2026-02-22T14:00:00,tolawale,2026-02-23T12:00:00,T
902821,502821,VIABLE_AIR_USP,0,22,22,22.0,CFU/m3,0,400,200.0,T,A,anguyen,2026-02-21T15:00:00,anguyen,2026-02-22T03:00:00,T
902822,502822,SETTLE_PLATE_TSA,0,0,0,0.0,CFU/plate,0,1,1.0,T,A,dpatel,2026-02-22T12:00:00,dpatel,2026-02-23T13:00:00,T
902823,502823,VIABLE_AIR_USP,0,0,0,0.0,CFU/m3,0,1,1.0,T,A,mrodriguez,2026-02-26T14:00:00,jchen,2026-02-27T01:00:00,T
902824,502824,SETTLE_PLATE_TSA,0,0,0,0.0,CFU/plate,0,5,3.0,T,A,skwon,2026-02-23T06:00:00,jchen,2026-02-24T03:00:00,T
902825,502825,VIABLE_AIR_USP,0,0,0,0.0,CFU/m3,0,20,10.0,T,A,anguyen,2026-02-22T14:00:00,tolawale,2026-02-23T18:00:00,T
902826,502826,SETTLE_PLATE_TSA,0,2,2,2.0,CFU/plate,0,50,25.0,T,A,jchen,2026-02-22T13:00:00,jchen,2026-02-23T03:00:00,T
902827,502827,VIABLE_AIR_USP,0,5,5,5.0,CFU/m3,0,200,100.0,T,A,anguyen,2026-02-22T13:00:00,mrodriguez,2026-02-22T20:00:00,T
902828,502828,SETTLE_PLATE_TSA,0,6,6,6.0,CFU/plate,0,100,50.0,T,A,anguyen,2026-02-22T10:00:00,tolawale,2026-02-23T02:00:00,T
902829,502829,VIABLE_AIR_USP,0,14,14,14.0,CFU/m3,0,400,200.0,T,A,jchen,2026-02-23T07:00:00,dpatel,2026-02-24T00:00:00,T
902830,502830,SETTLE_PLATE_TSA,0,0,0,0.0,CFU/plate,0,1,1.0,T,A,skwon,2026-02-23T16:00:00,mrodriguez,2026-02-24T15:00:00,T
902831,502831,VIABLE_AIR_USP,0,0,0,0.0,CFU/m3,0,1,1.0,T,A,jchen,2026-02-23T11:00:00,jchen,2026-02-24T01:00:00,T
902832,502832,SETTLE_PLATE_TSA,0,1,1,1.0,CFU/plate,0,5,3.0,T,A,tolawale,2026-02-24T14:00:00,skwon,2026-02-25T20:00:00,T
902833,502833,VIABLE_AIR_USP,0,2,2,2.0,CFU/m3,0,20,10.0,T,A,skwon,2026-02-24T13:00:00,mrodriguez,2026-02-24T15:00:00,T
902834,502834,SETTLE_PLATE_TSA,0,2,2,2.0,CFU/plate,0,50,25.0,T,A,jchen,2026-02-24T09:00:00,skwon,2026-02-24T15:00:00,T
902835,502835,VIABLE_AIR_USP,0,8,8,8.0,CFU/m3,0,200,100.0,T,A,jchen,2026-02-24T17:00:00,dpatel,2026-02-25T07:00:00,T
902836,502836,SETTLE_PLATE_TSA,0,3,3,3.0,CFU/plate,0,100,50.0,T,A,mrodriguez,2026-03-01T12:00:00,dpatel,2026-03-02T03:00:00,T
902837,502837,VIABLE_AIR_USP,0,15,15,15.0,CFU/m3,0,400,200.0,T,A,tolawale,2026-02-24T14:00:00,anguyen,2026-02-25T18:00:00,T
902838,502838,BIOBURDEN_USP61,0,4,4,4.0,CFU/device,0,100,50.0,T,A,anguyen,2026-02-23T07:00:00,mrodriguez,2026-02-24T03:00:00,T
902839,502839,LAL_KINETIC,0,1.29,1.29,1.29,EU/device,0,20,10.0,T,A,tolawale,2026-02-23T06:00:00,dpatel,2026-02-23T08:00:00,T
902840,502840,SETTLE_PLATE_TSA,0,0,0,0.0,CFU/plate,0,1,1.0,T,A,tolawale,2026-02-25T12:00:00,tolawale,2026-02-26T08:00:00,T
902841,502841,VIABLE_AIR_USP,0,0,0,0.0,CFU/m3,0,1,1.0,T,A,jchen,2026-02-24T13:00:00,anguyen,2026-02-24T16:00:00,T
902842,502842,SETTLE_PLATE_TSA,0,0,0,0.0,CFU/plate,0,5,3.0,T,A,mrodriguez,2026-02-25T11:00:00,dpatel,2026-02-26T15:00:00,T
902843,502843,VIABLE_AIR_USP,0,0,0,0.0,CFU/m3,0,20,10.0,T,A,dpatel,2026-02-24T08:00:00,tolawale,2026-02-24T20:00:00,T
902844,502844,SETTLE_PLATE_TSA,0,1,1,1.0,CFU/plate,0,50,25.0,T,A,tolawale,2026-02-25T11:00:00,jchen,2026-02-26T05:00:00,T
902845,502845,VIABLE_AIR_USP,0,14,14,14.0,CFU/m3,0,200,100.0,T,A,jchen,2026-02-25T15:00:00,anguyen,2026-02-26T13:00:00,T
902846,502846,SETTLE_PLATE_TSA,0,1,1,1.0,CFU/plate,0,100,50.0,T,A,skwon,2026-02-24T10:00:00,dpatel,2026-02-25T07:00:00,T
902847,502847,VIABLE_AIR_USP,0,14,14,14.0,CFU/m3,0,400,200.0,T,A,anguyen,2026-02-25T15:00:00,mrodriguez,2026-02-26T05:00:00,T
902848,502848,SETTLE_PLATE_TSA,0,0,0,0.0,CFU/plate,0,1,1.0,T,A,skwon,2026-02-26T14:00:00,skwon,2026-02-27T05:00:00,T
902849,502849,VIABLE_AIR_USP,0,0,0,0.0,CFU/m3,0,1,1.0,T,A,tolawale,2026-02-26T15:00:00,mrodriguez,2026-02-26T17:00:00,T
902850,502850,SETTLE_PLATE_TSA,0,0,0,0.0,CFU/plate,0,5,3.0,T,A,anguyen,2026-02-25T13:00:00,jchen,2026-02-25T21:00:00,T
902851,502851,VIABLE_AIR_USP,0,3,3,3.0,CFU/m3,0,20,10.0,T,A,tolawale,2026-02-25T13:00:00,dpatel,2026-02-26T06:00:00,T
902852,502852,SETTLE_PLATE_TSA,0,0,0,0.0,CFU/plate,0,50,25.0,T,A,skwon,2026-02-26T12:00:00,dpatel,2026-02-26T19:00:00,T
902853,502853,VIABLE_AIR_USP,0,7,7,7.0,CFU/m3,0,200,100.0,T,A,anguyen,2026-02-26T11:00:00,skwon,2026-02-26T14:00:00,T
902854,502854,SETTLE_PLATE_TSA,0,4,4,4.0,CFU/plate,0,100,50.0,T,A,jchen,2026-02-26T14:00:00,dpatel,2026-02-27T10:00:00,T
902855,502855,VIABLE_AIR_USP,0,12,12,12.0,CFU/m3,0,400,200.0,T,A,anguyen,2026-02-25T14:00:00,anguyen,2026-02-26T12:00:00,T
902856,502856,SETTLE_PLATE_TSA,0,0,0,0.0,CFU/plate,0,1,1.0,T,A,tolawale,2026-02-26T14:00:00,jchen,2026-02-27T02:00:00,T
902857,502857,VIABLE_AIR_USP,0,0,0,0.0,CFU/m3,0,1,1.0,T,A,dpatel,2026-02-27T11:00:00,anguyen,2026-02-28T09:00:00,T
902858,502858,SETTLE_PLATE_TSA,0,0,0,0.0,CFU/plate,0,5,3.0,T,A,dpatel,2026-02-26T08:00:00,tolawale,2026-02-26T17:00:00,T
902859,502859,VIABLE_AIR_USP,0,1,1,1.0,CFU/m3,0,20,10.0,T,A,tolawale,2026-02-27T12:00:00,tolawale,2026-02-28T17:00:00,T
902860,502860,SETTLE_PLATE_TSA,0,3,3,3.0,CFU/plate,0,50,25.0,T,A,jchen,2026-02-27T14:00:00,mrodriguez,2026-02-27T23:00:00,T
902861,502861,VIABLE_AIR_USP,0,4,4,4.0,CFU/m3,0,200,100.0,T,A,tolawale,2026-02-27T10:00:00,mrodriguez,2026-02-28T13:00:00,T
902862,502862,SETTLE_PLATE_TSA,0,3,3,3.0,CFU/plate,0,100,50.0,T,A,dpatel,2026-03-05T10:00:00,mrodriguez,2026-03-05T22:00:00,T
902863,502863,VIABLE_AIR_USP,0,21,21,21.0,CFU/m3,0,400,200.0,T,A,skwon,2026-02-26T13:00:00,skwon,2026-02-26T20:00:00,T
902864,502864,SETTLE_PLATE_TSA,0,0,0,0.0,CFU/plate,0,1,1.0,T,A,mrodriguez,2026-02-28T09:00:00,mrodriguez,2026-02-28T12:00:00,T
902865,502865,VIABLE_AIR_USP,0,0,0,0.0,CFU/m3,0,1,1.0,T,A,anguyen,2026-02-27T07:00:00,mrodriguez,2026-02-27T22:00:00,T
902866,502866,SETTLE_PLATE_TSA,0,0,0,0.0,CFU/plate,0,5,3.0,T,A,dpatel,2026-02-27T14:00:00,jchen,2026-02-28T07:00:00,T
902867,502867,VIABLE_AIR_USP,0,0,0,0.0,CFU/m3,0,20,10.0,T,A,mrodriguez,2026-02-27T17:00:00,jchen,2026-02-28T05:00:00,T
902868,502868,SETTLE_PLATE_TSA,0,1,1,1.0,CFU/plate,0,50,25.0,T,A,mrodriguez,2026-02-27T15:00:00,anguyen,2026-02-28T03:00:00,T
902869,502869,VIABLE_AIR_USP,0,15,15,15.0,CFU/m3,0,200,100.0,T,A,jchen,2026-02-27T11:00:00,tolawale,2026-02-27T13:00:00,T
902870,502870,SETTLE_PLATE_TSA,0,3,3,3.0,CFU/plate,0,100,50.0,T,A,mrodriguez,2026-02-27T13:00:00,mrodriguez,2026-02-28T11:00:00,T
902871,502871,VIABLE_AIR_USP,0,21,21,21.0,CFU/m3,0,400,200.0,T,A,skwon,2026-02-27T12:00:00,tolawale,2026-02-27T16:00:00,T
902872,502872,SETTLE_PLATE_TSA,0,1,1,1.0,CFU/plate,0,1,1.0,F,A,skwon,2026-03-01T09:00:00,jchen,2026-03-02T12:00:00,T
902873,502873,VIABLE_AIR_USP,0,0,0,0.0,CFU/m3,0,1,1.0,T,A,jchen,2026-03-01T11:00:00,dpatel,2026-03-02T08:00:00,T
902874,502874,SETTLE_PLATE_TSA,0,1,1,1.0,CFU/plate,0,5,3.0,T,A,tolawale,2026-03-01T10:00:00,mrodriguez,2026-03-02T11:00:00,T
902875,502875,VIABLE_AIR_USP,0,1,1,1.0,CFU/m3,0,20,10.0,T,A,jchen,2026-03-01T15:00:00,anguyen,2026-03-02T18:00:00,T
902876,502876,SETTLE_PLATE_TSA,0,2,2,2.0,CFU/plate,0,50,25.0,T,A,mrodriguez,2026-02-28T15:00:00,jchen,2026-03-01T19:00:00,T
902877,502877,VIABLE_AIR_USP,0,11,11,11.0,CFU/m3,0,200,100.0,T,A,tolawale,2026-03-01T13:00:00,skwon,2026-03-02T19:00:00,T
902878,502878,SETTLE_PLATE_TSA,0,6,6,6.0,CFU/plate,0,100,50.0,T,A,skwon,2026-03-01T13:00:00,mrodriguez,2026-03-01T18:00:00,T
902879,502879,VIABLE_AIR_USP,0,25,25,25.0,CFU/m3,0,400,200.0,T,A,tolawale,2026-03-01T11:00:00,tolawale,2026-03-01T21:00:00,T
902880,502880,SETTLE_PLATE_TSA,0,0,0,0.0,CFU/plate,0,1,1.0,T,A,tolawale,2026-03-02T15:00:00,anguyen,2026-03-02T17:00:00,T
902881,502881,VIABLE_AIR_USP,0,0,0,0.0,CFU/m3,0,1,1.0,T,A,mrodriguez,2026-03-02T11:00:00,mrodriguez,2026-03-02T19:00:00,T
902882,502882,SETTLE_PLATE_TSA,0,0,0,0.0,CFU/plate,0,5,3.0,T,A,skwon,2026-03-01T10:00:00,anguyen,2026-03-02T10:00:00,T
902883,502883,VIABLE_AIR_USP,0,0,0,0.0,CFU/m3,0,20,10.0,T,A,tolawale,2026-03-01T15:00:00,anguyen,2026-03-02T12:00:00,T
902884,502884,SETTLE_PLATE_TSA,0,1,1,1.0,CFU/plate,0,50,25.0,T,A,jchen,2026-03-04T10:00:00,skwon,2026-03-05T09:00:00,T
902885,502885,VIABLE_AIR_USP,0,5,5,5.0,CFU/m3,0,200,100.0,T,A,mrodriguez,2026-03-02T14:00:00,tolawale,2026-03-03T01:00:00,T
902886,502886,SETTLE_PLATE_TSA,0,9,9,9.0,CFU/plate,0,100,50.0,T,A,tolawale,2026-03-02T10:00:00,anguyen,2026-03-03T15:00:00,T
902887,502887,VIABLE_AIR_USP,0,17,17,17.0,CFU/m3,0,400,200.0,T,A,mrodriguez,2026-03-02T07:00:00,anguyen,2026-03-02T19:00:00,T
902888,502888,SETTLE_PLATE_TSA,0,0,0,0.0,CFU/plate,0,1,1.0,T,A,skwon,2026-03-03T07:00:00,tolawale,2026-03-04T08:00:00,T
902889,502889,VIABLE_AIR_USP,0,0,0,0.0,CFU/m3,0,1,1.0,T,A,tolawale,2026-03-03T17:00:00,anguyen,2026-03-04T18:00:00,T
902890,502890,SETTLE_PLATE_TSA,0,0,0,0.0,CFU/plate,0,5,3.0,T,A,jchen,2026-03-03T17:00:00,skwon,2026-03-04T08:00:00,T
902891,502891,VIABLE_AIR_USP,0,0,0,0.0,CFU/m3,0,20,10.0,T,A,skwon,2026-03-02T10:00:00,skwon,2026-03-03T15:00:00,T
902892,502892,SETTLE_PLATE_TSA,0,0,0,0.0,CFU/plate,0,50,25.0,T,A,jchen,2026-03-02T08:00:00,skwon,2026-03-02T23:00:00,T
902893,502893,VIABLE_AIR_USP,0,8,8,8.0,CFU/m3,0,200,100.0,T,A,jchen,2026-03-03T11:00:00,tolawale,2026-03-04T12:00:00,T
902894,502894,SETTLE_PLATE_TSA,0,7,7,7.0,CFU/plate,0,100,50.0,T,A,skwon,2026-03-03T13:00:00,skwon,2026-03-04T01:00:00,T
902895,502895,VIABLE_AIR_USP,0,20,20,20.0,CFU/m3,0,400,200.0,T,A,dpatel,2026-03-03T07:00:00,skwon,2026-03-03T09:00:00,T
902896,502896,BIOBURDEN_USP61,0,5,5,5.0,CFU/device,0,100,50.0,T,A,anguyen,2026-03-02T09:00:00,jchen,2026-03-02T20:00:00,T
902897,502897,LAL_KINETIC,0,1.07,1.07,1.07,EU/device,0,20,10.0,T,A,jchen,2026-03-03T08:00:00,dpatel,2026-03-03T22:00:00,T
902898,502898,BIOBURDEN_USP61,0,5,5,5.0,CFU/device,0,100,50.0,T,A,dpatel,2026-03-03T07:00:00,anguyen,2026-03-03T17:00:00,T
902899,502899,LAL_KINETIC,0,1.49,1.49,1.49,EU/device,0,20,10.0,T,A,anguyen,2026-03-03T10:00:00,mrodriguez,2026-03-03T21:00:00,T
902900,502900,BIOBURDEN_USP61,0,4,4,4.0,CFU/device,0,100,50.0,T,A,anguyen,2026-03-03T07:00:00,jchen,2026-03-04T02:00:00,T
902901,502901,LAL_KINETIC,0,0.53,0.53,0.53,EU/device,0,20,10.0,T,A,mrodriguez,2026-03-03T10:00:00,tolawale,2026-03-04T03:00:00,T
902902,502902,SETTLE_PLATE_TSA,0,0,0,0.0,CFU/plate,0,1,1.0,T,A,jchen,2026-03-04T11:00:00,anguyen,2026-03-04T17:00:00,T
902903,502903,VIABLE_AIR_USP,0,0,0,0.0,CFU/m3,0,1,1.0,T,A,mrodriguez,2026-03-08T06:00:00,tolawale,2026-03-09T01:00:00,T
902904,502904,SETTLE_PLATE_TSA,0,0,0,0.0,CFU/plate,0,5,3.0,T,A,dpatel,2026-03-03T14:00:00,jchen,2026-03-04T13:00:00,T
902905,502905,VIABLE_AIR_USP,0,0,0,0.0,CFU/m3,0,20,10.0,T,A,tolawale,2026-03-04T16:00:00,skwon,2026-03-05T21:00:00,T
902906,502906,SETTLE_PLATE_TSA,0,0,0,0.0,CFU/plate,0,50,25.0,T,A,mrodriguez,2026-03-03T11:00:00,anguyen,2026-03-04T00:00:00,T
902907,502907,VIABLE_AIR_USP,0,5,5,5.0,CFU/m3,0,200,100.0,T,A,dpatel,2026-03-03T13:00:00,skwon,2026-03-03T21:00:00,T
902908,502908,SETTLE_PLATE_TSA,0,3,3,3.0,CFU/plate,0,100,50.0,T,A,anguyen,2026-03-03T13:00:00,tolawale,2026-03-04T06:00:00,T
902909,502909,VIABLE_AIR_USP,0,12,12,12.0,CFU/m3,0,400,200.0,T,A,dpatel,2026-03-04T18:00:00,tolawale,2026-03-04T21:00:00,T
902910,502910,SETTLE_PLATE_TSA,0,0,0,0.0,CFU/plate,0,1,1.0,T,A,tolawale,2026-03-05T09:00:00,mrodriguez,2026-03-06T07:00:00,T
902911,502911,VIABLE_AIR_USP,0,0,0,0.0,CFU/m3,0,1,1.0,T,A,anguyen,2026-03-04T13:00:00,anguyen,2026-03-05T07:00:00,T
902912,502912,SETTLE_PLATE_TSA,0,0,0,0.0,CFU/plate,0,5,3.0,T,A,mrodriguez,2026-03-04T09:00:00,anguyen,2026-03-04T18:00:00,T
902913,502913,VIABLE_AIR_USP,0,1,1,1.0,CFU/m3,0,20,10.0,T,A,skwon,2026-03-05T16:00:00,dpatel,2026-03-06T05:00:00,T
902914,502914,SETTLE_PLATE_TSA,0,1,1,1.0,CFU/plate,0,50,25.0,T,A,jchen,2026-03-05T12:00:00,tolawale,2026-03-06T11:00:00,T
902915,502915,VIABLE_AIR_USP,0,6,6,6.0,CFU/m3,0,200,100.0,T,A,anguyen,2026-03-04T11:00:00,anguyen,2026-03-05T14:00:00,T
902916,502916,SETTLE_PLATE_TSA,0,5,5,5.0,CFU/plate,0,100,50.0,T,A,anguyen,2026-03-04T09:00:00,jchen,2026-03-04T16:00:00,T
902917,502917,VIABLE_AIR_USP,0,19,19,19.0,CFU/m3,0,400,200.0,T,A,tolawale,2026-03-05T10:00:00,skwon,2026-03-06T02:00:00,T
902918,502918,SETTLE_PLATE_TSA,0,0,0,0.0,CFU/plate,0,1,1.0,T,A,jchen,2026-03-06T10:00:00,skwon,2026-03-07T10:00:00,T
902919,502919,VIABLE_AIR_USP,0,0,0,0.0,CFU/m3,0,1,1.0,T,A,mrodriguez,2026-03-05T15:00:00,jchen,2026-03-05T19:00:00,T
902920,502920,SETTLE_PLATE_TSA,0,0,0,0.0,CFU/plate,0,5,3.0,T,A,dpatel,2026-03-06T12:00:00,anguyen,2026-03-07T16:00:00,T
902921,502921,VIABLE_AIR_USP,0,1,1,1.0,CFU/m3,0,20,10.0,T,A,anguyen,2026-03-05T16:00:00,mrodriguez,2026-03-05T22:00:00,T
902922,502922,SETTLE_PLATE_TSA,0,3,3,3.0,CFU/plate,0,50,25.0,T,A,tolawale,2026-03-06T15:00:00,mrodriguez,2026-03-07T11:00:00,T
902923,502923,VIABLE_AIR_USP,0,7,7,7.0,CFU/m3,0,200,100.0,T,A,skwon,2026-03-05T07:00:00,dpatel,2026-03-06T07:00:00,T
902924,502924,SETTLE_PLATE_TSA,0,4,4,4.0,CFU/plate,0,100,50.0,T,A,tolawale,2026-03-06T13:00:00,dpatel,2026-03-07T05:00:00,T
902925,502925,VIABLE_AIR_USP,0,17,17,17.0,CFU/m3,0,400,200.0,T,A,tolawale,2026-03-06T13:00:00,mrodriguez,2026-03-07T01:00:00,T
902926,502926,SETTLE_PLATE_TSA,0,0,0,0.0,CFU/plate,0,1,1.0,T,A,anguyen,2026-03-06T17:00:00,skwon,2026-03-07T18:00:00,T
902927,502927,VIABLE_AIR_USP,0,0,0,0.0,CFU/m3,0,1,1.0,T,A,anguyen,2026-03-07T08:00:00,dpatel,2026-03-08T03:00:00,T
902928,502928,SETTLE_PLATE_TSA,0,0,0,0.0,CFU/plate,0,5,3.0,T,A,mrodriguez,2026-03-06T17:00:00,anguyen,2026-03-07T03:00:00,T
902929,502929,VIABLE_AIR_USP,0,0,0,0.0,CFU/m3,0,20,10.0,T,A,anguyen,2026-03-10T07:00:00,skwon,2026-03-11T06:00:00,T
902930,502930,SETTLE_PLATE_TSA,0,1,1,1.0,CFU/plate,0,50,25.0,T,A,skwon,2026-03-06T11:00:00,anguyen,2026-03-07T09:00:00,T
902931,502931,VIABLE_AIR_USP,0,8,8,8.0,CFU/m3,0,200,100.0,T,A,tolawale,2026-03-06T10:00:00,anguyen,2026-03-07T06:00:00,T
902932,502932,SETTLE_PLATE_TSA,0,2,2,2.0,CFU/plate,0,100,50.0,T,A,anguyen,2026-03-06T13:00:00,skwon,2026-03-06T15:00:00,T
902933,502933,VIABLE_AIR_USP,0,21,21,21.0,CFU/m3,0,400,200.0,T,A,jchen,2026-03-06T17:00:00,mrodriguez,2026-03-07T13:00:00,T
902934,502934,SETTLE_PLATE_TSA,0,0,0,0.0,CFU/plate,0,1,1.0,T,A,anguyen,2026-03-07T13:00:00,anguyen,2026-03-07T23:00:00,T
902935,502935,VIABLE_AIR_USP,0,0,0,0.0,CFU/m3,0,1,1.0,T,A,tolawale,2026-03-08T09:00:00,dpatel,2026-03-08T18:00:00,T
902936,502936,SETTLE_PLATE_TSA,0,0,0,0.0,CFU/plate,0,5,3.0,T,A,skwon,2026-03-08T16:00:00,mrodriguez,2026-03-09T19:00:00,T
902937,502937,VIABLE_AIR_USP,0,0,0,0.0,CFU/m3,0,20,10.0,T,A,dpatel,2026-03-08T07:00:00,skwon,2026-03-09T10:00:00,T
902938,502938,SETTLE_PLATE_TSA,0,1,1,1.0,CFU/plate,0,50,25.0,T,A,tolawale,2026-03-07T08:00:00,dpatel,2026-03-07T20:00:00,T
902939,502939,VIABLE_AIR_USP,0,7,7,7.0,CFU/m3,0,200,100.0,T,A,skwon,2026-03-07T13:00:00,jchen,2026-03-07T19:00:00,T
902940,502940,SETTLE_PLATE_TSA,0,4,4,4.0,CFU/plate,0,100,50.0,T,A,dpatel,2026-03-08T14:00:00,dpatel,2026-03-08T17:00:00,T
902941,502941,VIABLE_AIR_USP,0,17,17,17.0,CFU/m3,0,400,200.0,T,A,mrodriguez,2026-03-07T14:00:00,skwon,2026-03-07T18:00:00,T
902942,502942,SETTLE_PLATE_TSA,0,0,0,0.0,CFU/plate,0,1,1.0,T,A,mrodriguez,2026-03-09T06:00:00,anguyen,2026-03-09T14:00:00,T
902943,502943,VIABLE_AIR_USP,0,0,0,0.0,CFU/m3,0,1,1.0,T,A,dpatel,2026-03-09T14:00:00,tolawale,2026-03-10T11:00:00,T
902944,502944,SETTLE_PLATE_TSA,0,0,0,0.0,CFU/plate,0,5,3.0,T,A,skwon,2026-03-08T11:00:00,dpatel,2026-03-08T20:00:00,T
902945,502945,VIABLE_AIR_USP,0,0,0,0.0,CFU/m3,0,20,10.0,T,A,dpatel,2026-03-09T12:00:00,anguyen,2026-03-10T03:00:00,T
902946,502946,SETTLE_PLATE_TSA,0,2,2,2.0,CFU/plate,0,50,25.0,T,A,skwon,2026-03-09T11:00:00,jchen,2026-03-10T15:00:00,T
902947,502947,VIABLE_AIR_USP,0,8,8,8.0,CFU/m3,0,200,100.0,T,A,anguyen,2026-03-08T14:00:00,mrodriguez,2026-03-09T08:00:00,T
902948,502948,SETTLE_PLATE_TSA,0,6,6,6.0,CFU/plate,0,100,50.0,T,A,skwon,2026-03-08T12:00:00,mrodriguez,2026-03-09T11:00:00,T
902949,502949,VIABLE_AIR_USP,0,17,17,17.0,CFU/m3,0,400,200.0,T,A,anguyen,2026-03-08T09:00:00,jchen,2026-03-08T15:00:00,T
902950,502950,SETTLE_PLATE_TSA,0,0,0,0.0,CFU/plate,0,1,1.0,T,A,tolawale,2026-03-09T11:00:00,jchen,2026-03-09T18:00:00,T
902951,502951,VIABLE_AIR_USP,0,0,0,0.0,CFU/m3,0,1,1.0,T,A,jchen,2026-03-10T16:00:00,skwon,2026-03-11T01:00:00,T
902952,502952,SETTLE_PLATE_TSA,0,0,0,0.0,CFU/plate,0,5,3.0,T,A,mrodriguez,2026-03-10T16:00:00,skwon,2026-03-11T16:00:00,T
902953,502953,VIABLE_AIR_USP,0,0,0,0.0,CFU/m3,0,20,10.0,T,A,dpatel,2026-03-10T14:00:00,jchen,2026-03-11T01:00:00,T
902954,502954,SETTLE_PLATE_TSA,0,1,1,1.0,CFU/plate,0,50,25.0,T,A,tolawale,2026-03-09T14:00:00,jchen,2026-03-09T18:00:00,T
902955,502955,VIABLE_AIR_USP,0,8,8,8.0,CFU/m3,0,200,100.0,T,A,mrodriguez,2026-03-09T13:00:00,jchen,2026-03-10T09:00:00,T
902956,502956,SETTLE_PLATE_TSA,0,2,2,2.0,CFU/plate,0,100,50.0,T,A,mrodriguez,2026-03-10T10:00:00,skwon,2026-03-11T09:00:00,T
902957,502957,VIABLE_AIR_USP,0,13,13,13.0,CFU/m3,0,400,200.0,T,A,tolawale,2026-03-09T13:00:00,dpatel,2026-03-10T16:00:00,T
902958,502958,BIOBURDEN_USP61,0,9,9,9.0,CFU/device,0,100,50.0,T,A,anguyen,2026-03-10T07:00:00,tolawale,2026-03-10T18:00:00,T
902959,502959,LAL_KINETIC,0,1.38,1.38,1.38,EU/device,0,20,10.0,T,A,mrodriguez,2026-03-09T07:00:00,tolawale,2026-03-09T13:00:00,T
902960,502960,BIOBURDEN_USP61,0,4,4,4.0,CFU/device,0,100,50.0,T,A,anguyen,2026-03-11T06:00:00,tolawale,2026-03-12T02:00:00,T
902961,502961,LAL_KINETIC,0,1.27,1.27,1.27,EU/device,0,20,10.0,T,A,jchen,2026-03-11T07:00:00,skwon,2026-03-11T15:00:00,T
902962,502962,SETTLE_PLATE_TSA,0,0,0,0.0,CFU/plate,0,1,1.0,T,A,skwon,2026-03-10T09:00:00,tolawale,2026-03-10T15:00:00,T
902963,502963,VIABLE_AIR_USP,0,0,0,0.0,CFU/m3,0,1,1.0,T,A,dpatel,2026-03-10T09:00:00,mrodriguez,2026-03-11T12:00:00,T
902964,502964,SETTLE_PLATE_TSA,0,0,0,0.0,CFU/plate,0,5,3.0,T,A,anguyen,2026-03-10T09:00:00,tolawale,2026-03-11T15:00:00,T
902965,502965,VIABLE_AIR_USP,0,1,1,1.0,CFU/m3,0,20,10.0,T,A,anguyen,2026-03-11T16:00:00,tolawale,2026-03-12T05:00:00,T
902966,502966,SETTLE_PLATE_TSA,0,3,3,3.0,CFU/plate,0,50,25.0,T,A,anguyen,2026-03-10T13:00:00,jchen,2026-03-10T23:00:00,T
902967,502967,VIABLE_AIR_USP,0,6,6,6.0,CFU/m3,0,200,100.0,T,A,anguyen,2026-03-10T11:00:00,dpatel,2026-03-10T15:00:00,T
902968,502968,SETTLE_PLATE_TSA,0,4,4,4.0,CFU/plate,0,100,50.0,T,A,dpatel,2026-03-11T09:00:00,skwon,2026-03-11T14:00:00,T
902969,502969,VIABLE_AIR_USP,0,13,13,13.0,CFU/m3,0,400,200.0,T,A,skwon,2026-03-11T13:00:00,tolawale,2026-03-12T19:00:00,T
902970,502970,SETTLE_PLATE_TSA,0,0,0,0.0,CFU/plate,0,1,1.0,T,A,tolawale,2026-03-12T13:00:00,jchen,2026-03-13T18:00:00,T
902971,502971,VIABLE_AIR_USP,0,0,0,0.0,CFU/m3,0,1,1.0,T,A,jchen,2026-03-12T06:00:00,dpatel,2026-03-12T13:00:00,T
902972,502972,SETTLE_PLATE_TSA,0,0,0,0.0,CFU/plate,0,5,3.0,T,A,dpatel,2026-03-12T15:00:00,mrodriguez,2026-03-13T05:00:00,T
902973,502973,VIABLE_AIR_USP,0,2,2,2.0,CFU/m3,0,20,10.0,T,A,mrodriguez,2026-03-12T17:00:00,mrodriguez,2026-03-13T19:00:00,T
902974,502974,SETTLE_PLATE_TSA,0,1,1,1.0,CFU/plate,0,50,25.0,T,A,skwon,2026-03-11T13:00:00,dpatel,2026-03-12T12:00:00,T
902975,502975,VIABLE_AIR_USP,0,7,7,7.0,CFU/m3,0,200,100.0,T,A,mrodriguez,2026-03-11T11:00:00,skwon,2026-03-12T11:00:00,T
902976,502976,SETTLE_PLATE_TSA,0,7,7,7.0,CFU/plate,0,100,50.0,T,A,dpatel,2026-03-11T10:00:00,anguyen,2026-03-11T21:00:00,T
902977,502977,VIABLE_AIR_USP,0,14,14,14.0,CFU/m3,0,400,200.0,T,A,skwon,2026-03-12T13:00:00,mrodriguez,2026-03-12T18:00:00,T
902978,502978,SETTLE_PLATE_TSA,0,0,0,0.0,CFU/plate,0,1,1.0,T,A,anguyen,2026-03-15T16:00:00,jchen,2026-03-16T09:00:00,T
902979,502979,VIABLE_AIR_USP,0,0,0,0.0,CFU/m3,0,1,1.0,T,A,jchen,2026-03-12T14:00:00,skwon,2026-03-12T23:00:00,T
902980,502980,SETTLE_PLATE_TSA,0,0,0,0.0,CFU/plate,0,5,3.0,T,A,jchen,2026-03-12T14:00:00,jchen,2026-03-13T06:00:00,T
902981,502981,VIABLE_AIR_USP,0,0,0,0.0,CFU/m3,0,20,10.0,T,A,tolawale,2026-03-13T13:00:00,skwon,2026-03-13T19:00:00,T
902982,502982,SETTLE_PLATE_TSA,0,1,1,1.0,CFU/plate,0,50,25.0,T,A,tolawale,2026-03-12T16:00:00,tolawale,2026-03-13T20:00:00,T
902983,502983,VIABLE_AIR_USP,0,13,13,13.0,CFU/m3,0,200,100.0,T,A,dpatel,2026-03-12T09:00:00,jchen,2026-03-12T11:00:00,T
902984,502984,SETTLE_PLATE_TSA,0,4,4,4.0,CFU/plate,0,100,50.0,T,A,mrodriguez,2026-03-13T11:00:00,dpatel,2026-03-14T09:00:00,T
902985,502985,VIABLE_AIR_USP,0,14,14,14.0,CFU/m3,0,400,200.0,T,A,tolawale,2026-03-12T08:00:00,jchen,2026-03-12T19:00:00,T
902986,502986,SETTLE_PLATE_TSA,0,0,0,0.0,CFU/plate,0,1,1.0,T,A,skwon,2026-03-13T07:00:00,dpatel,2026-03-13T19:00:00,T
902987,502987,VIABLE_AIR_USP,0,0,0,0.0,CFU/m3,0,1,1.0,T,A,anguyen,2026-03-13T16:00:00,mrodriguez,2026-03-14T07:00:00,T
902988,502988,SETTLE_PLATE_TSA,0,0,0,0.0,CFU/plate,0,5,3.0,T,A,mrodriguez,2026-03-13T11:00:00,dpatel,2026-03-13T14:00:00,T
902989,502989,VIABLE_AIR_USP,0,2,2,2.0,CFU/m3,0,20,10.0,T,A,mrodriguez,2026-03-13T10:00:00,mrodriguez,2026-03-13T23:00:00,T
902990,502990,SETTLE_PLATE_TSA,0,2,2,2.0,CFU/plate,0,50,25.0,T,A,jchen,2026-03-13T13:00:00,dpatel,2026-03-13T23:00:00,T
902991,502991,VIABLE_AIR_USP,0,10,10,10.0,CFU/m3,0,200,100.0,T,A,jchen,2026-03-13T15:00:00,skwon,2026-03-13T22:00:00,T
902992,502992,SETTLE_PLATE_TSA,0,4,4,4.0,CFU/plate,0,100,50.0,T,A,mrodriguez,2026-03-14T12:00:00,tolawale,2026-03-15T16:00:00,T
902993,502993,VIABLE_AIR_USP,0,20,20,20.0,CFU/m3,0,400,200.0,T,A,mrodriguez,2026-03-14T11:00:00,anguyen,2026-03-15T13:00:00,T
902994,502994,SETTLE_PLATE_TSA,0,0,0,0.0,CFU/plate,0,1,1.0,T,A,dpatel,2026-03-15T13:00:00,mrodriguez,2026-03-15T21:00:00,T
902995,502995,VIABLE_AIR_USP,0,0,0,0.0,CFU/m3,0,1,1.0,T,A,dpatel,2026-03-15T17:00:00,dpatel,2026-03-16T15:00:00,T
902996,502996,SETTLE_PLATE_TSA,0,0,0,0.0,CFU/plate,0,5,3.0,T,A,mrodriguez,2026-03-14T13:00:00,dpatel,2026-03-15T03:00:00,T
902997,502997,VIABLE_AIR_USP,0,0,0,0.0,CFU/m3,0,20,10.0,T,A,skwon,2026-03-15T10:00:00,skwon,2026-03-15T20:00:00,T
902998,502998,SETTLE_PLATE_TSA,0,1,1,1.0,CFU/plate,0,50,25.0,T,A,tolawale,2026-03-15T13:00:00,dpatel,2026-03-16T00:00:00,T
902999,502999,VIABLE_AIR_USP,0,8,8,8.0,CFU/m3,0,200,100.0,T,A,mrodriguez,2026-03-15T10:00:00,dpatel,2026-03-15T21:00:00,T
903000,503000,SETTLE_PLATE_TSA,0,5,5,5.0,CFU/plate,0,100,50.0,T,A,tolawale,2026-03-14T14:00:00,anguyen,2026-03-14T22:00:00,T
903001,503001,VIABLE_AIR_USP,0,22,22,22.0,CFU/m3,0,400,200.0,T,A,mrodriguez,2026-03-15T12:00:00,mrodriguez,2026-03-15T18:00:00,T
903002,503002,SETTLE_PLATE_TSA,0,0,0,0.0,CFU/plate,0,1,1.0,T,A,skwon,2026-03-15T13:00:00,skwon,2026-03-15T18:00:00,T
903003,503003,VIABLE_AIR_USP,0,0,0,0.0,CFU/m3,0,1,1.0,T,A,tolawale,2026-03-16T12:00:00,anguyen,2026-03-17T13:00:00,T
903004,503004,SETTLE_PLATE_TSA,0,1,1,1.0,CFU/plate,0,5,3.0,T,A,mrodriguez,2026-03-16T14:00:00,anguyen,2026-03-17T09:00:00,T
903005,503005,VIABLE_AIR_USP,0,0,0,0.0,CFU/m3,0,20,10.0,T,A,tolawale,2026-03-16T08:00:00,anguyen,2026-03-16T22:00:00,T
903006,503006,SETTLE_PLATE_TSA,0,3,3,3.0,CFU/plate,0,50,25.0,T,A,anguyen,2026-03-15T15:00:00,mrodriguez,2026-03-15T20:00:00,T
903007,503007,VIABLE_AIR_USP,0,12,12,12.0,CFU/m3,0,200,100.0,T,A,jchen,2026-03-15T17:00:00,mrodriguez,2026-03-15T21:00:00,T
903008,503008,SETTLE_PLATE_TSA,0,4,4,4.0,CFU/plate,0,100,50.0,T,A,mrodriguez,2026-03-16T11:00:00,jchen,2026-03-17T13:00:00,T
903009,503009,VIABLE_AIR_USP,0,22,22,22.0,CFU/m3,0,400,200.0,T,A,skwon,2026-03-15T18:00:00,skwon,2026-03-17T00:00:00,T
903010,503010,SETTLE_PLATE_TSA,0,0,0,0.0,CFU/plate,0,1,1.0,T,A,jchen,2026-03-16T11:00:00,anguyen,2026-03-17T01:00:00,T
903011,503011,VIABLE_AIR_USP,0,0,0,0.0,CFU/m3,0,1,1.0,T,A,skwon,2026-03-17T11:00:00,tolawale,2026-03-18T12:00:00,T
903012,503012,SETTLE_PLATE_TSA,0,0,0,0.0,CFU/plate,0,5,3.0,T,A,dpatel,2026-03-16T11:00:00,skwon,2026-03-17T08:00:00,T
903013,503013,VIABLE_AIR_USP,0,0,0,0.0,CFU/m3,0,20,10.0,T,A,anguyen,2026-03-17T10:00:00,anguyen,2026-03-17T18:00:00,T
903014,503014,SETTLE_PLATE_TSA,0,4,4,4.0,CFU/plate,0,50,25.0,T,A,tolawale,2026-03-17T12:00:00,anguyen,2026-03-18T12:00:00,T
903015,503015,VIABLE_AIR_USP,0,5,5,5.0,CFU/m3,0,200,100.0,T,A,skwon,2026-03-16T16:00:00,mrodriguez,2026-03-17T15:00:00,T
903016,503016,SETTLE_PLATE_TSA,0,6,6,6.0,CFU/plate,0,100,50.0,T,A,jchen,2026-03-22T11:00:00,anguyen,2026-03-22T18:00:00,T
903017,503017,VIABLE_AIR_USP,0,10,10,10.0,CFU/m3,0,400,200.0,T,A,tolawale,2026-03-17T09:00:00,mrodriguez,2026-03-18T11:00:00,T
903018,503018,BIOBURDEN_USP61,0,4,4,4.0,CFU/device,0,100,50.0,T,A,skwon,2026-03-18T09:00:00,dpatel,2026-03-18T17:00:00,T
903019,503019,LAL_KINETIC,0,4.47,4.47,4.47,EU/device,0,20,10.0,T,A,jchen,2026-03-17T10:00:00,anguyen,2026-03-17T13:00:00,T
903020,503020,SETTLE_PLATE_TSA,0,0,0,0.0,CFU/plate,0,1,1.0,T,A,tolawale,2026-03-17T12:00:00,mrodriguez,2026-03-18T05:00:00,T
903021,503021,VIABLE_AIR_USP,0,0,0,0.0,CFU/m3,0,1,1.0,T,A,anguyen,2026-03-18T08:00:00,tolawale,2026-03-18T19:00:00,T
903022,503022,SETTLE_PLATE_TSA,0,0,0,0.0,CFU/plate,0,5,3.0,T,A,jchen,2026-03-22T08:00:00,mrodriguez,2026-03-23T14:00:00,T
903023,503023,VIABLE_AIR_USP,0,4,4,4.0,CFU/m3,0,20,10.0,T,A,skwon,2026-03-18T17:00:00,jchen,2026-03-18T20:00:00,T
903024,503024,SETTLE_PLATE_TSA,0,4,4,4.0,CFU/plate,0,50,25.0,T,A,mrodriguez,2026-03-17T09:00:00,tolawale,2026-03-17T19:00:00,T
903025,503025,VIABLE_AIR_USP,0,11,11,11.0,CFU/m3,0,200,100.0,T,A,anguyen,2026-03-17T08:00:00,mrodriguez,2026-03-17T16:00:00,T
903026,503026,SETTLE_PLATE_TSA,0,5,5,5.0,CFU/plate,0,100,50.0,T,A,anguyen,2026-03-17T16:00:00,jchen,2026-03-18T20:00:00,T
903027,503027,VIABLE_AIR_USP,0,14,14,14.0,CFU/m3,0,400,200.0,T,A,skwon,2026-03-22T17:00:00,jchen,2026-03-22T22:00:00,T
903028,503028,SETTLE_PLATE_TSA,0,0,0,0.0,CFU/plate,0,1,1.0,T,A,mrodriguez,2026-03-18T11:00:00,mrodriguez,2026-03-19T16:00:00,T
903029,503029,VIABLE_AIR_USP,0,0,0,0.0,CFU/m3,0,1,1.0,T,A,tolawale,2026-03-18T17:00:00,jchen,2026-03-19T12:00:00,T
903030,503030,SETTLE_PLATE_TSA,0,0,0,0.0,CFU/plate,0,5,3.0,T,A,anguyen,2026-03-19T12:00:00,tolawale,2026-03-19T18:00:00,T
903031,503031,VIABLE_AIR_USP,0,1,1,1.0,CFU/m3,0,20,10.0,T,A,mrodriguez,2026-03-19T18:00:00,skwon,2026-03-20T07:00:00,T
903032,503032,SETTLE_PLATE_TSA,0,0,0,0.0,CFU/plate,0,50,25.0,T,A,anguyen,2026-03-18T07:00:00,dpatel,2026-03-19T05:00:00,T
903033,503033,VIABLE_AIR_USP,0,10,10,10.0,CFU/m3,0,200,100.0,T,A,tolawale,2026-03-18T10:00:00,tolawale,2026-03-18T17:00:00,T
903034,503034,SETTLE_PLATE_TSA,0,5,5,5.0,CFU/plate,0,100,50.0,T,A,jchen,2026-03-18T09:00:00,dpatel,2026-03-18T21:00:00,T
903035,503035,VIABLE_AIR_USP,0,12,12,12.0,CFU/m3,0,400,200.0,T,A,tolawale,2026-03-18T16:00:00,anguyen,2026-03-18T20:00:00,T
903036,503036,SETTLE_PLATE_TSA,0,0,0,0.0,CFU/plate,0,1,1.0,T,A,mrodriguez,2026-03-19T15:00:00,jchen,2026-03-20T16:00:00,T
903037,503037,VIABLE_AIR_USP,0,0,0,0.0,CFU/m3,0,1,1.0,T,A,dpatel,2026-03-19T15:00:00,anguyen,2026-03-20T11:00:00,T
903038,503038,SETTLE_PLATE_TSA,0,0,0,0.0,CFU/plate,0,5,3.0,T,A,anguyen,2026-03-20T16:00:00,dpatel,2026-03-21T06:00:00,T
903039,503039,VIABLE_AIR_USP,0,0,0,0.0,CFU/m3,0,20,10.0,T,A,mrodriguez,2026-03-19T15:00:00,tolawale,2026-03-19T20:00:00,T
903040,503040,SETTLE_PLATE_TSA,0,2,2,2.0,CFU/plate,0,50,25.0,T,A,skwon,2026-03-20T12:00:00,anguyen,2026-03-21T01:00:00,T
903041,503041,VIABLE_AIR_USP,0,3,3,3.0,CFU/m3,0,200,100.0,T,A,mrodriguez,2026-03-19T14:00:00,skwon,2026-03-19T20:00:00,T
903042,503042,SETTLE_PLATE_TSA,0,4,4,4.0,CFU/plate,0,100,50.0,T,A,dpatel,2026-03-25T09:00:00,tolawale,2026-03-26T02:00:00,T
903043,503043,VIABLE_AIR_USP,0,21,21,21.0,CFU/m3,0,400,200.0,T,A,tolawale,2026-03-19T11:00:00,anguyen,2026-03-19T13:00:00,T
903044,503044,SETTLE_PLATE_TSA,0,0,0,0.0,CFU/plate,0,1,1.0,T,A,dpatel,2026-03-27T14:00:00,jchen,2026-03-28T16:00:00,T
903045,503045,VIABLE_AIR_USP,0,0,0,0.0,CFU/m3,0,1,1.0,T,A,skwon,2026-03-20T13:00:00,skwon,2026-03-21T16:00:00,T
903046,503046,SETTLE_PLATE_TSA,0,1,1,1.0,CFU/plate,0,5,3.0,T,A,skwon,2026-03-20T14:00:00,jchen,2026-03-21T15:00:00,T
903047,503047,VIABLE_AIR_USP,0,3,3,3.0,CFU/m3,0,20,10.0,T,A,mrodriguez,2026-03-20T09:00:00,mrodriguez,2026-03-20T16:00:00,T
903048,503048,SETTLE_PLATE_TSA,0,3,3,3.0,CFU/plate,0,50,25.0,T,A,skwon,2026-03-20T16:00:00,anguyen,2026-03-21T00:00:00,T
903049,503049,VIABLE_AIR_USP,0,9,9,9.0,CFU/m3,0,200,100.0,T,A,jchen,2026-03-23T08:00:00,dpatel,2026-03-24T09:00:00,T
903050,503050,SETTLE_PLATE_TSA,0,1,1,1.0,CFU/plate,0,100,50.0,T,A,dpatel,2026-03-20T08:00:00,tolawale,2026-03-20T17:00:00,T
903051,503051,VIABLE_AIR_USP,0,15,15,15.0,CFU/m3,0,400,200.0,T,A,mrodriguez,2026-03-21T10:00:00,anguyen,2026-03-21T17:00:00,T
903052,503052,SETTLE_PLATE_TSA,0,0,0,0.0,CFU/plate,0,1,1.0,T,A,dpatel,2026-03-22T16:00:00,anguyen,2026-03-23T11:00:00,T
903053,503053,VIABLE_AIR_USP,0,0,0,0.0,CFU/m3,0,1,1.0,T,A,mrodriguez,2026-03-28T10:00:00,jchen,2026-03-29T15:00:00,T
903054,503054,SETTLE_PLATE_TSA,0,0,0,0.0,CFU/plate,0,5,3.0,T,A,dpatel,2026-03-22T13:00:00,anguyen,2026-03-23T00:00:00,T
903055,503055,VIABLE_AIR_USP,0,1,1,1.0,CFU/m3,0,20,10.0,T,A,anguyen,2026-03-21T11:00:00,anguyen,2026-03-21T22:00:00,T
903056,503056,SETTLE_PLATE_TSA,0,3,3,3.0,CFU/plate,0,50,25.0,T,A,tolawale,2026-03-21T16:00:00,jchen,2026-03-21T19:00:00,T
903057,503057,VIABLE_AIR_USP,0,9,9,9.0,CFU/m3,0,200,100.0,T,A,anguyen,2026-03-22T13:00:00,skwon,2026-03-23T15:00:00,T
903058,503058,SETTLE_PLATE_TSA,0,3,3,3.0,CFU/plate,0,100,50.0,T,A,skwon,2026-03-21T09:00:00,tolawale,2026-03-21T14:00:00,T
903059,503059,VIABLE_AIR_USP,0,17,17,17.0,CFU/m3,0,400,200.0,T,A,dpatel,2026-03-21T15:00:00,jchen,2026-03-22T12:00:00,T
903060,503060,SETTLE_PLATE_TSA,0,0,0,0.0,CFU/plate,0,1,1.0,T,A,dpatel,2026-03-23T15:00:00,dpatel,2026-03-24T11:00:00,T
903061,503061,VIABLE_AIR_USP,0,0,0,0.0,CFU/m3,0,1,1.0,T,A,anguyen,2026-03-22T06:00:00,anguyen,2026-03-23T10:00:00,T
903062,503062,SETTLE_PLATE_TSA,0,1,1,1.0,CFU/plate,0,5,3.0,T,A,tolawale,2026-03-22T14:00:00,skwon,2026-03-23T11:00:00,T
903063,503063,VIABLE_AIR_USP,0,0,0,0.0,CFU/m3,0,20,10.0,T,A,tolawale,2026-03-27T12:00:00,mrodriguez,2026-03-28T04:00:00,T
903064,503064,SETTLE_PLATE_TSA,0,1,1,1.0,CFU/plate,0,50,25.0,T,A,skwon,2026-03-22T14:00:00,skwon,2026-03-23T02:00:00,T
903065,503065,VIABLE_AIR_USP,0,5,5,5.0,CFU/m3,0,200,100.0,T,A,skwon,2026-03-22T11:00:00,jchen,2026-03-23T07:00:00,T
903066,503066,SETTLE_PLATE_TSA,0,3,3,3.0,CFU/plate,0,100,50.0,T,A,anguyen,2026-03-23T12:00:00,mrodriguez,2026-03-24T09:00:00,T
903067,503067,VIABLE_AIR_USP,0,14,14,14.0,CFU/m3,0,400,200.0,T,A,dpatel,2026-03-23T16:00:00,dpatel,2026-03-24T21:00:00,T
903068,503068,SETTLE_PLATE_TSA,0,0,0,0.0,CFU/plate,0,1,1.0,T,A,dpatel,2026-03-23T12:00:00,mrodriguez,2026-03-24T18:00:00,T
903069,503069,VIABLE_AIR_USP,0,0,0,0.0,CFU/m3,0,1,1.0,T,A,jchen,2026-03-24T11:00:00,mrodriguez,2026-03-25T03:00:00,T
903070,503070,SETTLE_PLATE_TSA,0,0,0,0.0,CFU/plate,0,5,3.0,T,A,dpatel,2026-03-24T09:00:00,dpatel,2026-03-24T21:00:00,T
903071,503071,VIABLE_AIR_USP,0,0,0,0.0,CFU/m3,0,20,10.0,T,A,anguyen,2026-03-24T10:00:00,anguyen,2026-03-25T14:00:00,T
903072,503072,SETTLE_PLATE_TSA,0,1,1,1.0,CFU/plate,0,50,25.0,T,A,dpatel,2026-03-24T07:00:00,mrodriguez,2026-03-24T16:00:00,T
903073,503073,VIABLE_AIR_USP,0,7,7,7.0,CFU/m3,0,200,100.0,T,A,dpatel,2026-03-24T15:00:00,jchen,2026-03-24T22:00:00,T
903074,503074,SETTLE_PLATE_TSA,0,2,2,2.0,CFU/plate,0,100,50.0,T,A,skwon,2026-03-24T10:00:00,anguyen,2026-03-25T14:00:00,T
903075,503075,VIABLE_AIR_USP,0,8,8,8.0,CFU/m3,0,400,200.0,T,A,tolawale,2026-03-23T14:00:00,skwon,2026-03-23T21:00:00,T
903076,503076,BIOBURDEN_USP61,0,6,6,6.0,CFU/device,0,100,50.0,T,A,mrodriguez,2026-03-23T07:00:00,skwon,2026-03-23T18:00:00,T
903077,503077,LAL_KINETIC,0,3.04,3.04,3.04,EU/device,0,20,10.0,T,A,anguyen,2026-03-23T09:00:00,tolawale,2026-03-23T14:00:00,T
903078,503078,BIOBURDEN_USP61,0,9,9,9.0,CFU/device,0,100,50.0,T,A,anguyen,2026-03-23T09:00:00,skwon,2026-03-24T02:00:00,T
903079,503079,LAL_KINETIC,0,0.97,0.97,0.97,EU/device,0,20,10.0,T,A,mrodriguez,2026-03-24T07:00:00,jchen,2026-03-24T10:00:00,T
903080,503080,BIOBURDEN_USP61,0,1,1,1.0,CFU/device,0,100,50.0,T,A,anguyen,2026-03-23T07:00:00,dpatel,2026-03-23T18:00:00,T
903081,503081,LAL_KINETIC,0,0.17,0.17,0.17,EU/device,0,20,10.0,T,A,mrodriguez,2026-03-23T06:00:00,jchen,2026-03-23T09:00:00,T
903082,503082,SETTLE_PLATE_TSA,0,0,0,0.0,CFU/plate,0,1,1.0,T,A,anguyen,2026-03-24T09:00:00,mrodriguez,2026-03-24T22:00:00,T
903083,503083,VIABLE_AIR_USP,0,0,0,0.0,CFU/m3,0,1,1.0,T,A,jchen,2026-03-24T09:00:00,mrodriguez,2026-03-25T07:00:00,T
903084,503084,SETTLE_PLATE_TSA,0,0,0,0.0,CFU/plate,0,5,3.0,T,A,skwon,2026-03-24T10:00:00,skwon,2026-03-25T14:00:00,T
903085,503085,VIABLE_AIR_USP,0,0,0,0.0,CFU/m3,0,20,10.0,T,A,tolawale,2026-03-25T13:00:00,jchen,2026-03-26T10:00:00,T
903086,503086,SETTLE_PLATE_TSA,0,2,2,2.0,CFU/plate,0,50,25.0,T,A,mrodriguez,2026-03-25T15:00:00,mrodriguez,2026-03-26T16:00:00,T
903087,503087,VIABLE_AIR_USP,0,11,11,11.0,CFU/m3,0,200,100.0,T,A,skwon,2026-03-25T13:00:00,jchen,2026-03-26T16:00:00,T
903088,503088,SETTLE_PLATE_TSA,0,5,5,5.0,CFU/plate,0,100,50.0,T,A,skwon,2026-03-24T15:00:00,jchen,2026-03-24T17:00:00,T
903089,503089,VIABLE_AIR_USP,0,21,21,21.0,CFU/m3,0,400,200.0,T,A,mrodriguez,2026-03-24T09:00:00,skwon,2026-03-25T08:00:00,T
903090,503090,SETTLE_PLATE_TSA,0,0,0,0.0,CFU/plate,0,1,1.0,T,A,dpatel,2026-03-29T16:00:00,jchen,2026-03-30T14:00:00,T
903091,503091,VIABLE_AIR_USP,0,0,0,0.0,CFU/m3,0,1,1.0,T,A,mrodriguez,2026-03-26T17:00:00,skwon,2026-03-27T12:00:00,T
903092,503092,SETTLE_PLATE_TSA,0,0,0,0.0,CFU/plate,0,5,3.0,T,A,jchen,2026-03-25T11:00:00,skwon,2026-03-26T10:00:00,T
903093,503093,VIABLE_AIR_USP,0,0,0,0.0,CFU/m3,0,20,10.0,T,A,tolawale,2026-03-25T16:00:00,tolawale,2026-03-26T14:00:00,T
903094,503094,SETTLE_PLATE_TSA,0,2,2,2.0,CFU/plate,0,50,25.0,T,A,mrodriguez,2026-03-26T08:00:00,anguyen,2026-03-27T03:00:00,T
903095,503095,VIABLE_AIR_USP,0,10,10,10.0,CFU/m3,0,200,100.0,T,A,skwon,2026-03-26T15:00:00,mrodriguez,2026-03-27T04:00:00,T
903096,503096,SETTLE_PLATE_TSA,0,4,4,4.0,CFU/plate,0,100,50.0,T,A,dpatel,2026-03-26T09:00:00,jchen,2026-03-26T11:00:00,T
903097,503097,VIABLE_AIR_USP,0,16,16,16.0,CFU/m3,0,400,200.0,T,A,skwon,2026-03-25T15:00:00,mrodriguez,2026-03-26T11:00:00,T
903098,503098,SETTLE_PLATE_TSA,0,0,0,0.0,CFU/plate,0,1,1.0,T,A,mrodriguez,2026-03-27T11:00:00,tolawale,2026-03-28T08:00:00,T
903099,503099,VIABLE_AIR_USP,0,0,0,0.0,CFU/m3,0,1,1.0,T,A,skwon,2026-03-26T16:00:00,tolawale,2026-03-27T18:00:00,T
903100,503100,SETTLE_PLATE_TSA,0,0,0,0.0,CFU/plate,0,5,3.0,T,A,mrodriguez,2026-03-27T16:00:00,jchen,2026-03-28T04:00:00,T
903101,503101,VIABLE_AIR_USP,0,1,1,1.0,CFU/m3,0,20,10.0,T,A,mrodriguez,2026-03-26T08:00:00,dpatel,2026-03-26T13:00:00,T
903102,503102,SETTLE_PLATE_TSA,0,0,0,0.0,CFU/plate,0,50,25.0,T,A,dpatel,2026-03-27T15:00:00,skwon,2026-03-28T02:00:00,T
903103,503103,VIABLE_AIR_USP,0,8,8,8.0,CFU/m3,0,200,100.0,T,A,dpatel,2026-03-26T14:00:00,dpatel,2026-03-26T21:00:00,T
903104,503104,SETTLE_PLATE_TSA,0,5,5,5.0,CFU/plate,0,100,50.0,T,A,skwon,2026-03-27T13:00:00,anguyen,2026-03-28T01:00:00,T
903105,503105,VIABLE_AIR_USP,0,16,16,16.0,CFU/m3,0,400,200.0,T,A,dpatel,2026-03-27T15:00:00,dpatel,2026-03-27T22:00:00,T
903106,503106,SETTLE_PLATE_TSA,0,0,0,0.0,CFU/plate,0,1,1.0,T,A,tolawale,2026-03-27T08:00:00,tolawale,2026-03-27T19:00:00,T
903107,503107,VIABLE_AIR_USP,0,0,0,0.0,CFU/m3,0,1,1.0,T,A,skwon,2026-03-28T11:00:00,dpatel,2026-03-29T01:00:00,T
903108,503108,SETTLE_PLATE_TSA,0,0,0,0.0,CFU/plate,0,5,3.0,T,A,skwon,2026-03-28T12:00:00,mrodriguez,2026-03-29T12:00:00,T
903109,503109,VIABLE_AIR_USP,0,0,0,0.0,CFU/m3,0,20,10.0,T,A,tolawale,2026-03-27T14:00:00,dpatel,2026-03-28T10:00:00,T
903110,503110,SETTLE_PLATE_TSA,0,0,0,0.0,CFU/plate,0,50,25.0,T,A,jchen,2026-03-27T11:00:00,dpatel,2026-03-28T02:00:00,T
903111,503111,VIABLE_AIR_USP,0,7,7,7.0,CFU/m3,0,200,100.0,T,A,mrodriguez,2026-03-28T14:00:00,tolawale,2026-03-29T06:00:00,T
903112,503112,SETTLE_PLATE_TSA,0,4,4,4.0,CFU/plate,0,100,50.0,T,A,dpatel,2026-03-28T10:00:00,anguyen,2026-03-28T23:00:00,T
903113,503113,VIABLE_AIR_USP,0,13,13,13.0,CFU/m3,0,400,200.0,T,A,skwon,2026-03-31T14:00:00,dpatel,2026-03-31T20:00:00,T
903114,503114,SETTLE_PLATE_TSA,0,0,0,0.0,CFU/plate,0,1,1.0,T,A,mrodriguez,2026-03-28T07:00:00,tolawale,2026-03-29T03:00:00,T
903115,503115,VIABLE_AIR_USP,0,0,0,0.0,CFU/m3,0,1,1.0,T,A,tolawale,2026-03-29T12:00:00,skwon,2026-03-30T14:00:00,T
903116,503116,SETTLE_PLATE_TSA,0,0,0,0.0,CFU/plate,0,5,3.0,T,A,tolawale,2026-03-28T17:00:00,jchen,2026-03-29T08:00:00,T
903117,503117,VIABLE_AIR_USP,0,1,1,1.0,CFU/m3,0,20,10.0,T,A,mrodriguez,2026-03-31T15:00:00,dpatel,2026-04-01T02:00:00,T
903118,503118,SETTLE_PLATE_TSA,0,1,1,1.0,CFU/plate,0,50,25.0,T,A,mrodriguez,2026-03-28T16:00:00,tolawale,2026-03-29T21:00:00,T
903119,503119,VIABLE_AIR_USP,0,7,7,7.0,CFU/m3,0,200,100.0,T,A,anguyen,2026-03-29T13:00:00,tolawale,2026-03-30T14:00:00,T
903120,503120,SETTLE_PLATE_TSA,0,4,4,4.0,CFU/plate,0,100,50.0,T,A,jchen,2026-03-29T13:00:00,anguyen,2026-03-30T19:00:00,T
903121,503121,VIABLE_AIR_USP,0,16,16,16.0,CFU/m3,0,400,200.0,T,A,dpatel,2026-03-29T10:00:00,mrodriguez,2026-03-29T15:00:00,T
903122,503122,SETTLE_PLATE_TSA,0,0,0,0.0,CFU/plate,0,1,1.0,T,A,anguyen,2026-03-30T06:00:00,jchen,2026-03-31T10:00:00,T
903123,503123,VIABLE_AIR_USP,0,0,0,0.0,CFU/m3,0,1,1.0,T,A,dpatel,2026-03-30T13:00:00,tolawale,2026-03-31T16:00:00,T
903124,503124,SETTLE_PLATE_TSA,0,0,0,0.0,CFU/plate,0,5,3.0,T,A,anguyen,2026-03-29T14:00:00,anguyen,2026-03-30T15:00:00,T
903125,503125,VIABLE_AIR_USP,0,2,2,2.0,CFU/m3,0,20,10.0,T,A,dpatel,2026-03-29T06:00:00,dpatel,2026-03-29T17:00:00,T
903126,503126,SETTLE_PLATE_TSA,0,2,2,2.0,CFU/plate,0,50,25.0,T,A,skwon,2026-03-30T10:00:00,dpatel,2026-03-31T09:00:00,T
903127,503127,VIABLE_AIR_USP,0,6,6,6.0,CFU/m3,0,200,100.0,T,A,dpatel,2026-03-29T13:00:00,dpatel,2026-03-30T00:00:00,T
903128,503128,SETTLE_PLATE_TSA,0,3,3,3.0,CFU/plate,0,100,50.0,T,A,jchen,2026-03-29T08:00:00,dpatel,2026-03-29T22:00:00,T
903129,503129,VIABLE_AIR_USP,0,12,12,12.0,CFU/m3,0,400,200.0,T,A,jchen,2026-03-30T17:00:00,jchen,2026-03-31T03:00:00,T
903130,503130,SETTLE_PLATE_TSA,0,0,0,0.0,CFU/plate,0,1,1.0,T,A,mrodriguez,2026-03-30T12:00:00,anguyen,2026-03-31T18:00:00,T
903131,503131,VIABLE_AIR_USP,0,0,0,0.0,CFU/m3,0,1,1.0,T,A,skwon,2026-03-31T08:00:00,anguyen,2026-03-31T13:00:00,T
903132,503132,SETTLE_PLATE_TSA,0,0,0,0.0,CFU/plate,0,5,3.0,T,A,skwon,2026-03-31T16:00:00,anguyen,2026-04-01T08:00:00,T
903133,503133,VIABLE_AIR_USP,0,1,1,1.0,CFU/m3,0,20,10.0,T,A,mrodriguez,2026-03-30T16:00:00,jchen,2026-03-30T20:00:00,T
903134,503134,SETTLE_PLATE_TSA,0,1,1,1.0,CFU/plate,0,50,25.0,T,A,anguyen,2026-03-30T12:00:00,anguyen,2026-03-31T01:00:00,T
903135,503135,VIABLE_AIR_USP,0,10,10,10.0,CFU/m3,0,200,100.0,T,A,skwon,2026-03-30T16:00:00,dpatel,2026-03-31T05:00:00,T
903136,503136,SETTLE_PLATE_TSA,0,1,1,1.0,CFU/plate,0,100,50.0,T,A,tolawale,2026-03-30T14:00:00,skwon,2026-03-30T21:00:00,T
903137,503137,VIABLE_AIR_USP,0,13,13,13.0,CFU/m3,0,400,200.0,T,A,skwon,2026-03-31T11:00:00,jchen,2026-04-01T06:00:00,T
903138,503138,BIOBURDEN_USP61,0,4,4,4.0,CFU/device,0,100,50.0,T,A,anguyen,2026-03-31T09:00:00,mrodriguez,2026-03-31T17:00:00,T
903139,503139,LAL_KINETIC,0,1.79,1.79,1.79,EU/device,0,20,10.0,T,A,mrodriguez,2026-04-01T06:00:00,mrodriguez,2026-04-01T18:00:00,T
903140,503140,BIOBURDEN_USP61,0,1,1,1.0,CFU/device,0,100,50.0,T,A,skwon,2026-03-31T07:00:00,anguyen,2026-03-31T22:00:00,T
903141,503141,LAL_KINETIC,0,0.23,0.23,0.23,EU/device,0,20,10.0,T,A,dpatel,2026-03-31T07:00:00,dpatel,2026-03-31T11:00:00,T
903142,503142,BIOBURDEN_USP61,0,2,2,2.0,CFU/device,0,100,50.0,T,A,mrodriguez,2026-03-31T06:00:00,dpatel,2026-03-31T12:00:00,T
903143,503143,LAL_KINETIC,0,0.91,0.91,0.91,EU/device,0,20,10.0,T,A,skwon,2026-03-30T08:00:00,anguyen,2026-03-30T17:00:00,T
903144,503144,BIOBURDEN_USP61,0,5,5,5.0,CFU/device,0,100,50.0,T,A,anguyen,2026-04-01T06:00:00,tolawale,2026-04-01T23:00:00,T
903145,503145,LAL_KINETIC,0,0.74,0.74,0.74,EU/device,0,20,10.0,T,A,tolawale,2026-03-31T06:00:00,tolawale,2026-03-31T15:00:00,T
903146,503146,SETTLE_PLATE_TSA,0,0,0,0.0,CFU/plate,0,1,1.0,T,A,skwon,2026-03-31T10:00:00,dpatel,2026-04-01T16:00:00,T
903147,503147,VIABLE_AIR_USP,0,0,0,0.0,CFU/m3,0,1,1.0,T,A,tolawale,2026-04-01T10:00:00,jchen,2026-04-01T12:00:00,T
903148,503148,SETTLE_PLATE_TSA,0,1,1,1.0,CFU/plate,0,5,3.0,T,A,jchen,2026-04-04T11:00:00,dpatel,2026-04-04T17:00:00,T
903149,503149,VIABLE_AIR_USP,0,0,0,0.0,CFU/m3,0,20,10.0,T,A,mrodriguez,2026-03-31T14:00:00,skwon,2026-04-01T15:00:00,T
903150,503150,SETTLE_PLATE_TSA,0,0,0,0.0,CFU/plate,0,50,25.0,T,A,skwon,2026-04-01T10:00:00,anguyen,2026-04-02T09:00:00,T
903151,503151,VIABLE_AIR_USP,0,6,6,6.0,CFU/m3,0,200,100.0,T,A,skwon,2026-04-01T11:00:00,skwon,2026-04-02T13:00:00,T
903152,503152,SETTLE_PLATE_TSA,0,4,4,4.0,CFU/plate,0,100,50.0,T,A,jchen,2026-04-01T16:00:00,mrodriguez,2026-04-02T21:00:00,T
903153,503153,VIABLE_AIR_USP,0,14,14,14.0,CFU/m3,0,400,200.0,T,A,jchen,2026-04-05T10:00:00,mrodriguez,2026-04-05T17:00:00,T
903154,503154,SETTLE_PLATE_TSA,0,0,0,0.0,CFU/plate,0,1,1.0,T,A,mrodriguez,2026-04-01T10:00:00,anguyen,2026-04-01T16:00:00,T
903155,503155,VIABLE_AIR_USP,0,0,0,0.0,CFU/m3,0,1,1.0,T,A,mrodriguez,2026-04-01T15:00:00,tolawale,2026-04-01T17:00:00,T
903156,503156,SETTLE_PLATE_TSA,0,0,0,0.0,CFU/plate,0,5,3.0,T,A,skwon,2026-04-04T12:00:00,anguyen,2026-04-05T05:00:00,T
903157,503157,VIABLE_AIR_USP,0,0,0,0.0,CFU/m3,0,20,10.0,T,A,jchen,2026-04-01T08:00:00,tolawale,2026-04-01T12:00:00,T
903158,503158,SETTLE_PLATE_TSA,0,2,2,2.0,CFU/plate,0,50,25.0,T,A,jchen,2026-04-04T11:00:00,anguyen,2026-04-05T01:00:00,T
903159,503159,VIABLE_AIR_USP,0,10,10,10.0,CFU/m3,0,200,100.0,T,A,tolawale,2026-04-02T12:00:00,anguyen,2026-04-03T09:00:00,T
903160,503160,SETTLE_PLATE_TSA,0,3,3,3.0,CFU/plate,0,100,50.0,T,A,dpatel,2026-04-01T12:00:00,anguyen,2026-04-02T05:00:00,T
903161,503161,VIABLE_AIR_USP,0,15,15,15.0,CFU/m3,0,400,200.0,T,A,anguyen,2026-04-01T12:00:00,tolawale,2026-04-02T02:00:00,T
903162,503162,SETTLE_PLATE_TSA,0,0,0,0.0,CFU/plate,0,1,1.0,T,A,dpatel,2026-04-02T11:00:00,jchen,2026-04-02T13:00:00,T
903163,503163,VIABLE_AIR_USP,0,0,0,0.0,CFU/m3,0,1,1.0,T,A,tolawale,2026-04-03T15:00:00,anguyen,2026-04-04T04:00:00,T
903164,503164,SETTLE_PLATE_TSA,0,0,0,0.0,CFU/plate,0,5,3.0,T,A,dpatel,2026-04-02T17:00:00,dpatel,2026-04-03T16:00:00,T
903165,503165,VIABLE_AIR_USP,0,0,0,0.0,CFU/m3,0,20,10.0,T,A,tolawale,2026-04-02T06:00:00,tolawale,2026-04-03T01:00:00,T
903166,503166,SETTLE_PLATE_TSA,0,1,1,1.0,CFU/plate,0,50,25.0,T,A,jchen,2026-04-02T17:00:00,dpatel,2026-04-03T19:00:00,T
903167,503167,VIABLE_AIR_USP,0,10,10,10.0,CFU/m3,0,200,100.0,T,A,skwon,2026-04-03T10:00:00,tolawale,2026-04-04T11:00:00,T
903168,503168,SETTLE_PLATE_TSA,0,6,6,6.0,CFU/plate,0,100,50.0,T,A,dpatel,2026-04-02T13:00:00,mrodriguez,2026-04-03T10:00:00,T
903169,503169,VIABLE_AIR_USP,0,19,19,19.0,CFU/m3,0,400,200.0,T,A,jchen,2026-04-05T06:00:00,anguyen,2026-04-06T00:00:00,T
903170,503170,SETTLE_PLATE_TSA,0,0,0,0.0,CFU/plate,0,1,1.0,T,A,anguyen,2026-04-03T13:00:00,jchen,2026-04-04T18:00:00,T
903171,503171,VIABLE_AIR_USP,0,0,0,0.0,CFU/m3,0,1,1.0,T,A,dpatel,2026-04-04T08:00:00,anguyen,2026-04-04T20:00:00,T
903172,503172,SETTLE_PLATE_TSA,0,0,0,0.0,CFU/plate,0,5,3.0,T,A,anguyen,2026-04-03T10:00:00,tolawale,2026-04-04T10:00:00,T
903173,503173,VIABLE_AIR_USP,0,0,0,0.0,CFU/m3,0,20,10.0,T,A,jchen,2026-04-04T15:00:00,tolawale,2026-04-04T22:00:00,T
903174,503174,SETTLE_PLATE_TSA,0,3,3,3.0,CFU/plate,0,50,25.0,T,A,mrodriguez,2026-04-04T15:00:00,anguyen,2026-04-04T19:00:00,T
903175,503175,VIABLE_AIR_USP,0,6,6,6.0,CFU/m3,0,200,100.0,T,A,tolawale,2026-04-04T09:00:00,tolawale,2026-04-05T14:00:00,T
903176,503176,SETTLE_PLATE_TSA,0,3,3,3.0,CFU/plate,0,100,50.0,T,A,dpatel,2026-04-03T09:00:00,skwon,2026-04-03T11:00:00,T
903177,503177,VIABLE_AIR_USP,0,15,15,15.0,CFU/m3,0,400,200.0,T,A,anguyen,2026-04-04T09:00:00,anguyen,2026-04-04T14:00:00,T
903178,503178,SETTLE_PLATE_TSA,0,0,0,0.0,CFU/plate,0,1,1.0,T,A,mrodriguez,2026-04-04T15:00:00,dpatel,2026-04-05T06:00:00,T
903179,503179,VIABLE_AIR_USP,0,0,0,0.0,CFU/m3,0,1,1.0,T,A,skwon,2026-04-05T13:00:00,anguyen,2026-04-06T13:00:00,T
903180,503180,SETTLE_PLATE_TSA,0,0,0,0.0,CFU/plate,0,5,3.0,T,A,tolawale,2026-04-04T13:00:00,anguyen,2026-04-04T22:00:00,T
903181,503181,VIABLE_AIR_USP,0,0,0,0.0,CFU/m3,0,20,10.0,T,A,jchen,2026-04-05T10:00:00,mrodriguez,2026-04-06T02:00:00,T
903182,503182,SETTLE_PLATE_TSA,0,2,2,2.0,CFU/plate,0,50,25.0,T,A,skwon,2026-04-04T12:00:00,skwon,2026-04-05T04:00:00,T
903183,503183,VIABLE_AIR_USP,0,4,4,4.0,CFU/m3,0,200,100.0,T,A,dpatel,2026-04-04T16:00:00,anguyen,2026-04-05T03:00:00,T
903184,503184,SETTLE_PLATE_TSA,0,6,6,6.0,CFU/plate,0,100,50.0,T,A,anguyen,2026-04-05T15:00:00,skwon,2026-04-06T12:00:00,T
903185,503185,VIABLE_AIR_USP,0,20,20,20.0,CFU/m3,0,400,200.0,T,A,dpatel,2026-04-05T15:00:00,anguyen,2026-04-06T02:00:00,T
903186,503186,SETTLE_PLATE_TSA,0,0,0,0.0,CFU/plate,0,1,1.0,T,A,tolawale,2026-04-06T08:00:00,dpatel,2026-04-06T12:00:00,T
903187,503187,VIABLE_AIR_USP,0,0,0,0.0,CFU/m3,0,1,1.0,T,A,jchen,2026-04-06T14:00:00,anguyen,2026-04-07T07:00:00,T
903188,503188,SETTLE_PLATE_TSA,0,0,0,0.0,CFU/plate,0,5,3.0,T,A,anguyen,2026-04-06T13:00:00,anguyen,2026-04-07T02:00:00,T
903189,503189,VIABLE_AIR_USP,0,0,0,0.0,CFU/m3,0,20,10.0,T,A,tolawale,2026-04-06T14:00:00,jchen,2026-04-07T05:00:00,T
903190,503190,SETTLE_PLATE_TSA,0,0,0,0.0,CFU/plate,0,50,25.0,T,A,jchen,2026-04-05T10:00:00,tolawale,2026-04-05T20:00:00,T
903191,503191,VIABLE_AIR_USP,0,7,7,7.0,CFU/m3,0,200,100.0,T,A,skwon,2026-04-06T15:00:00,jchen,2026-04-07T13:00:00,T
903192,503192,SETTLE_PLATE_TSA,0,2,2,2.0,CFU/plate,0,100,50.0,T,A,anguyen,2026-04-05T08:00:00,dpatel,2026-04-06T09:00:00,T
903193,503193,VIABLE_AIR_USP,0,17,17,17.0,CFU/m3,0,400,200.0,T,A,tolawale,2026-04-05T13:00:00,anguyen,2026-04-05T23:00:00,T
903194,503194,SETTLE_PLATE_TSA,0,0,0,0.0,CFU/plate,0,1,1.0,T,A,tolawale,2026-04-07T11:00:00,mrodriguez,2026-04-07T18:00:00,T
903195,503195,VIABLE_AIR_USP,0,0,0,0.0,CFU/m3,0,1,1.0,T,A,anguyen,2026-04-06T17:00:00,mrodriguez,2026-04-06T19:00:00,T
903196,503196,SETTLE_PLATE_TSA,0,0,0,0.0,CFU/plate,0,5,3.0,T,A,tolawale,2026-04-06T13:00:00,skwon,2026-04-07T16:00:00,T
903197,503197,VIABLE_AIR_USP,0,0,0,0.0,CFU/m3,0,20,10.0,T,A,mrodriguez,2026-04-07T14:00:00,tolawale,2026-04-07T23:00:00,T
903198,503198,SETTLE_PLATE_TSA,0,0,0,0.0,CFU/plate,0,50,25.0,T,A,skwon,2026-04-06T12:00:00,tolawale,2026-04-06T23:00:00,T
903199,503199,VIABLE_AIR_USP,0,9,9,9.0,CFU/m3,0,200,100.0,T,A,skwon,2026-04-07T12:00:00,skwon,2026-04-07T15:00:00,T
903200,503200,SETTLE_PLATE_TSA,0,2,2,2.0,CFU/plate,0,100,50.0,T,A,dpatel,2026-04-07T12:00:00,dpatel,2026-04-07T21:00:00,T
903201,503201,VIABLE_AIR_USP,0,12,12,12.0,CFU/m3,0,400,200.0,T,A,skwon,2026-04-07T13:00:00,mrodriguez,2026-04-08T18:00:00,T
903202,503202,BIOBURDEN_USP61,0,5,5,5.0,CFU/device,0,100,50.0,T,A,dpatel,2026-04-08T07:00:00,dpatel,2026-04-08T16:00:00,T
903203,503203,LAL_KINETIC,0,2.08,2.08,2.08,EU/device,0,20,10.0,T,A,skwon,2026-04-08T10:00:00,skwon,2026-04-08T17:00:00,T
903204,503204,BIOBURDEN_USP61,0,6,6,6.0,CFU/device,0,100,50.0,T,A,dpatel,2026-04-06T10:00:00,tolawale,2026-04-06T16:00:00,T
903205,503205,LAL_KINETIC,0,0.47,0.47,0.47,EU/device,0,20,10.0,T,A,skwon,2026-04-07T09:00:00,jchen,2026-04-08T03:00:00,T
903206,503206,BIOBURDEN_USP61,0,3,3,3.0,CFU/device,0,100,50.0,T,A,mrodriguez,2026-04-06T08:00:00,anguyen,2026-04-06T23:00:00,T
903207,503207,LAL_KINETIC,0,0.69,0.69,0.69,EU/device,0,20,10.0,T,A,tolawale,2026-04-08T07:00:00,mrodriguez,2026-04-08T17:00:00,T
903208,503208,BIOBURDEN_USP61,0,2,2,2.0,CFU/device,0,100,50.0,T,A,anguyen,2026-04-08T09:00:00,jchen,2026-04-08T21:00:00,T
903209,503209,LAL_KINETIC,0,1.01,1.01,1.01,EU/device,0,20,10.0,T,A,jchen,2026-04-08T08:00:00,jchen,2026-04-08T19:00:00,T
903210,503210,SETTLE_PLATE_TSA,0,0,0,0.0,CFU/plate,0,1,1.0,T,A,anguyen,2026-04-08T12:00:00,tolawale,2026-04-09T04:00:00,T
903211,503211,VIABLE_AIR_USP,0,0,0,0.0,CFU/m3,0,1,1.0,T,A,skwon,2026-04-07T09:00:00,tolawale,2026-04-08T05:00:00,T
903212,503212,SETTLE_PLATE_TSA,0,0,0,0.0,CFU/plate,0,5,3.0,T,A,mrodriguez,2026-04-08T13:00:00,tolawale,2026-04-09T11:00:00,T
903213,503213,VIABLE_AIR_USP,0,0,0,0.0,CFU/m3,0,20,10.0,T,A,mrodriguez,2026-04-07T07:00:00,dpatel,2026-04-07T22:00:00,T
903214,503214,SETTLE_PLATE_TSA,0,3,3,3.0,CFU/plate,0,50,25.0,T,A,dpatel,2026-04-11T06:00:00,jchen,2026-04-11T17:00:00,T
903215,503215,VIABLE_AIR_USP,0,6,6,6.0,CFU/m3,0,200,100.0,T,A,jchen,2026-04-08T13:00:00,mrodriguez,2026-04-09T19:00:00,T
903216,503216,SETTLE_PLATE_TSA,0,7,7,7.0,CFU/plate,0,100,50.0,T,A,mrodriguez,2026-04-08T10:00:00,tolawale,2026-04-08T14:00:00,T
903217,503217,VIABLE_AIR_USP,0,11,11,11.0,CFU/m3,0,400,200.0,T,A,mrodriguez,2026-04-08T06:00:00,skwon,2026-04-08T16:00:00,T
903218,503218,SETTLE_PLATE_TSA,0,0,0,0.0,CFU/plate,0,1,1.0,T,A,mrodriguez,2026-04-09T10:00:00,dpatel,2026-04-10T13:00:00,T
903219,503219,VIABLE_AIR_USP,0,0,0,0.0,CFU/m3,0,1,1.0,T,A,anguyen,2026-04-08T14:00:00,tolawale,2026-04-08T22:00:00,T
903220,503220,SETTLE_PLATE_TSA,0,0,0,0.0,CFU/plate,0,5,3.0,T,A,dpatel,2026-04-09T14:00:00,tolawale,2026-04-09T17:00:00,T
903221,503221,VIABLE_AIR_USP,0,0,0,0.0,CFU/m3,0,20,10.0,T,A,dpatel,2026-04-09T11:00:00,dpatel,2026-04-10T00:00:00,T
903222,503222,SETTLE_PLATE_TSA,0,1,1,1.0,CFU/plate,0,50,25.0,T,A,tolawale,2026-04-14T11:00:00,anguyen,2026-04-15T04:00:00,T
903223,503223,VIABLE_AIR_USP,0,7,7,7.0,CFU/m3,0,200,100.0,T,A,skwon,2026-04-09T13:00:00,mrodriguez,2026-04-10T03:00:00,T
903224,503224,SETTLE_PLATE_TSA,0,3,3,3.0,CFU/plate,0,100,50.0,T,A,dpatel,2026-04-08T15:00:00,mrodriguez,2026-04-09T01:00:00,T
903225,503225,VIABLE_AIR_USP,0,12,12,12.0,CFU/m3,0,400,200.0,T,A,anguyen,2026-04-08T14:00:00,skwon,2026-04-09T17:00:00,T
903226,503226,SETTLE_PLATE_TSA,0,0,0,0.0,CFU/plate,0,1,1.0,T,A,anguyen,2026-04-10T13:00:00,skwon,2026-04-10T17:00:00,T
903227,503227,VIABLE_AIR_USP,0,0,0,0.0,CFU/m3,0,1,1.0,T,A,anguyen,2026-04-09T13:00:00,jchen,2026-04-10T14:00:00,T
903228,503228,SETTLE_PLATE_TSA,0,0,0,0.0,CFU/plate,0,5,3.0,T,A,tolawale,2026-04-09T10:00:00,tolawale,2026-04-10T09:00:00,T
903229,503229,VIABLE_AIR_USP,0,1,1,1.0,CFU/m3,0,20,10.0,T,A,tolawale,2026-04-09T10:00:00,anguyen,2026-04-09T20:00:00,T
903230,503230,SETTLE_PLATE_TSA,0,3,3,3.0,CFU/plate,0,50,25.0,T,A,dpatel,2026-04-09T10:00:00,jchen,2026-04-10T08:00:00,T
903231,503231,VIABLE_AIR_USP,0,14,14,14.0,CFU/m3,0,200,100.0,T,A,mrodriguez,2026-04-10T10:00:00,mrodriguez,2026-04-11T15:00:00,T
903232,503232,SETTLE_PLATE_TSA,0,1,1,1.0,CFU/plate,0,100,50.0,T,A,mrodriguez,2026-04-10T11:00:00,skwon,2026-04-11T13:00:00,T
903233,503233,VIABLE_AIR_USP,0,17,17,17.0,CFU/m3,0,400,200.0,T,A,anguyen,2026-04-09T12:00:00,jchen,2026-04-09T23:00:00,T
903234,503234,SETTLE_PLATE_TSA,0,0,0,0.0,CFU/plate,0,1,1.0,T,A,mrodriguez,2026-04-10T12:00:00,anguyen,2026-04-10T21:00:00,T
903235,503235,VIABLE_AIR_USP,0,0,0,0.0,CFU/m3,0,1,1.0,T,A,jchen,2026-04-10T13:00:00,tolawale,2026-04-11T06:00:00,T
903236,503236,SETTLE_PLATE_TSA,0,0,0,0.0,CFU/plate,0,5,3.0,T,A,skwon,2026-04-10T13:00:00,skwon,2026-04-11T10:00:00,T
903237,503237,VIABLE_AIR_USP,0,1,1,1.0,CFU/m3,0,20,10.0,T,A,jchen,2026-04-10T10:00:00,skwon,2026-04-11T04:00:00,T
903238,503238,SETTLE_PLATE_TSA,0,2,2,2.0,CFU/plate,0,50,25.0,T,A,tolawale,2026-04-17T13:00:00,mrodriguez,2026-04-17T22:00:00,T
903239,503239,VIABLE_AIR_USP,0,5,5,5.0,CFU/m3,0,200,100.0,T,A,anguyen,2026-04-10T15:00:00,tolawale,2026-04-11T07:00:00,T
903240,503240,SETTLE_PLATE_TSA,0,3,3,3.0,CFU/plate,0,100,50.0,T,A,jchen,2026-04-11T13:00:00,tolawale,2026-04-11T15:00:00,T
903241,503241,VIABLE_AIR_USP,0,14,14,14.0,CFU/m3,0,400,200.0,T,A,tolawale,2026-04-10T15:00:00,jchen,2026-04-11T20:00:00,T
903242,503242,SETTLE_PLATE_TSA,0,0,0,0.0,CFU/plate,0,1,1.0,T,A,jchen,2026-04-11T06:00:00,skwon,2026-04-11T12:00:00,T
903243,503243,VIABLE_AIR_USP,0,0,0,0.0,CFU/m3,0,1,1.0,T,A,mrodriguez,2026-04-11T13:00:00,tolawale,2026-04-12T14:00:00,T
903244,503244,SETTLE_PLATE_TSA,0,0,0,0.0,CFU/plate,0,5,3.0,T,A,anguyen,2026-04-12T14:00:00,jchen,2026-04-13T16:00:00,T
903245,503245,VIABLE_AIR_USP,0,0,0,0.0,CFU/m3,0,20,10.0,T,A,dpatel,2026-04-15T10:00:00,tolawale,2026-04-16T01:00:00,T
903246,503246,SETTLE_PLATE_TSA,0,0,0,0.0,CFU/plate,0,50,25.0,T,A,tolawale,2026-04-11T11:00:00,anguyen,2026-04-12T14:00:00,T
903247,503247,VIABLE_AIR_USP,0,5,5,5.0,CFU/m3,0,200,100.0,T,A,jchen,2026-04-11T13:00:00,jchen,2026-04-11T20:00:00,T
903248,503248,SETTLE_PLATE_TSA,0,4,4,4.0,CFU/plate,0,100,50.0,T,A,mrodriguez,2026-04-12T06:00:00,dpatel,2026-04-12T11:00:00,T
903249,503249,VIABLE_AIR_USP,0,15,15,15.0,CFU/m3,0,400,200.0,T,A,jchen,2026-04-11T11:00:00,mrodriguez,2026-04-12T14:00:00,T
903250,503250,SETTLE_PLATE_TSA,0,0,0,0.0,CFU/plate,0,1,1.0,T,A,tolawale,2026-04-13T15:00:00,tolawale,2026-04-13T20:00:00,T
903251,503251,VIABLE_AIR_USP,0,0,0,0.0,CFU/m3,0,1,1.0,T,A,jchen,2026-04-12T16:00:00,skwon,2026-04-13T01:00:00,T
903252,503252,SETTLE_PLATE_TSA,0,0,0,0.0,CFU/plate,0,5,3.0,T,A,anguyen,2026-04-13T16:00:00,jchen,2026-04-14T09:00:00,T
903253,503253,VIABLE_AIR_USP,0,1,1,1.0,CFU/m3,0,20,10.0,T,A,mrodriguez,2026-04-12T08:00:00,skwon,2026-04-13T01:00:00,T
903254,503254,SETTLE_PLATE_TSA,0,2,2,2.0,CFU/plate,0,50,25.0,T,A,anguyen,2026-04-12T16:00:00,dpatel,2026-04-13T20:00:00,T
903255,503255,VIABLE_AIR_USP,0,4,4,4.0,CFU/m3,0,200,100.0,T,A,skwon,2026-04-17T08:00:00,anguyen,2026-04-18T10:00:00,T
903256,503256,SETTLE_PLATE_TSA,0,9,9,9.0,CFU/plate,0,100,50.0,T,A,dpatel,2026-04-13T14:00:00,mrodriguez,2026-04-14T11:00:00,T
903257,503257,VIABLE_AIR_USP,0,14,14,14.0,CFU/m3,0,400,200.0,T,A,dpatel,2026-04-12T10:00:00,skwon,2026-04-13T02:00:00,T
903258,503258,SETTLE_PLATE_TSA,0,0,0,0.0,CFU/plate,0,1,1.0,T,A,tolawale,2026-04-13T17:00:00,mrodriguez,2026-04-14T11:00:00,T
903259,503259,VIABLE_AIR_USP,0,0,0,0.0,CFU/m3,0,1,1.0,T,A,anguyen,2026-04-13T09:00:00,skwon,2026-04-14T10:00:00,T
903260,503260,SETTLE_PLATE_TSA,0,0,0,0.0,CFU/plate,0,5,3.0,T,A,mrodriguez,2026-04-14T15:00:00,skwon,2026-04-15T08:00:00,T
903261,503261,VIABLE_AIR_USP,0,2,2,2.0,CFU/m3,0,20,10.0,T,A,anguyen,2026-04-14T10:00:00,mrodriguez,2026-04-14T17:00:00,T
903262,503262,SETTLE_PLATE_TSA,0,1,1,1.0,CFU/plate,0,50,25.0,T,A,tolawale,2026-04-13T12:00:00,skwon,2026-04-13T23:00:00,T
903263,503263,VIABLE_AIR_USP,0,9,9,9.0,CFU/m3,0,200,100.0,T,A,mrodriguez,2026-04-13T13:00:00,jchen,2026-04-14T12:00:00,T
903264,503264,SETTLE_PLATE_TSA,0,1,1,1.0,CFU/plate,0,100,50.0,T,A,tolawale,2026-04-13T11:00:00,anguyen,2026-04-13T18:00:00,T
903265,503265,VIABLE_AIR_USP,0,16,16,16.0,CFU/m3,0,400,200.0,T,A,skwon,2026-04-14T13:00:00,dpatel,2026-04-15T19:00:00,T
903266,503266,BIOBURDEN_USP61,0,3,3,3.0,CFU/device,0,100,50.0,T,A,skwon,2026-04-15T08:00:00,anguyen,2026-04-16T04:00:00,T
903267,503267,LAL_KINETIC,0,1.16,1.16,1.16,EU/device,0,20,10.0,T,A,skwon,2026-04-13T10:00:00,anguyen,2026-04-13T18:00:00,T
903268,503268,BIOBURDEN_USP61,0,3,3,3.0,CFU/device,0,100,50.0,T,A,jchen,2026-04-14T06:00:00,skwon,2026-04-15T01:00:00,T
903269,503269,LAL_KINETIC,0,0.86,0.86,0.86,EU/device,0,20,10.0,T,A,tolawale,2026-04-13T10:00:00,mrodriguez,2026-04-14T00:00:00,T
903270,503270,BIOBURDEN_USP61,0,3,3,3.0,CFU/device,0,100,50.0,T,A,anguyen,2026-04-13T08:00:00,anguyen,2026-04-13T14:00:00,T
903271,503271,LAL_KINETIC,0,0.17,0.17,0.17,EU/device,0,20,10.0,T,A,tolawale,2026-04-15T06:00:00,jchen,2026-04-15T13:00:00,T
903272,503272,BIOBURDEN_USP61,0,5,5,5.0,CFU/device,0,100,50.0,T,A,dpatel,2026-04-13T07:00:00,jchen,2026-04-13T10:00:00,T
903273,503273,LAL_KINETIC,0,1.1,1.1,1.1,EU/device,0,20,10.0,T,A,tolawale,2026-04-15T09:00:00,jchen,2026-04-15T15:00:00,T
903274,503274,SETTLE_PLATE_TSA,0,0,0,0.0,CFU/plate,0,1,1.0,T,A,anguyen,2026-04-15T08:00:00,jchen,2026-04-16T02:00:00,T
903275,503275,VIABLE_AIR_USP,0,1,1,1.0,CFU/m3,0,1,1.0,F,A,skwon,2026-04-15T06:00:00,dpatel,2026-04-16T11:00:00,T
903276,503276,SETTLE_PLATE_TSA,0,0,0,0.0,CFU/plate,0,5,3.0,T,A,tolawale,2026-04-15T14:00:00,skwon,2026-04-16T10:00:00,T
903277,503277,VIABLE_AIR_USP,0,0,0,0.0,CFU/m3,0,20,10.0,T,A,dpatel,2026-04-14T07:00:00,jchen,2026-04-15T00:00:00,T
903278,503278,SETTLE_PLATE_TSA,0,1,1,1.0,CFU/plate,0,50,25.0,T,A,skwon,2026-04-14T16:00:00,tolawale,2026-04-15T13:00:00,T
903279,503279,VIABLE_AIR_USP,0,12,12,12.0,CFU/m3,0,200,100.0,T,A,skwon,2026-04-14T11:00:00,jchen,2026-04-15T02:00:00,T
903280,503280,SETTLE_PLATE_TSA,0,7,7,7.0,CFU/plate,0,100,50.0,T,A,mrodriguez,2026-04-15T11:00:00,tolawale,2026-04-16T03:00:00,T
903281,503281,VIABLE_AIR_USP,0,14,14,14.0,CFU/m3,0,400,200.0,T,A,jchen,2026-04-15T15:00:00,anguyen,2026-04-15T23:00:00,T
903282,503282,SETTLE_PLATE_TSA,0,0,0,0.0,CFU/plate,0,1,1.0,T,A,mrodriguez,2026-04-15T16:00:00,tolawale,2026-04-16T10:00:00,T
903283,503283,VIABLE_AIR_USP,0,0,0,0.0,CFU/m3,0,1,1.0,T,A,tolawale,2026-04-16T08:00:00,dpatel,2026-04-16T23:00:00,T
903284,503284,SETTLE_PLATE_TSA,0,0,0,0.0,CFU/plate,0,5,3.0,T,A,jchen,2026-04-15T13:00:00,jchen,2026-04-15T18:00:00,T
903285,503285,VIABLE_AIR_USP,0,0,0,0.0,CFU/m3,0,20,10.0,T,A,dpatel,2026-04-15T10:00:00,anguyen,2026-04-15T21:00:00,T
903286,503286,SETTLE_PLATE_TSA,0,2,2,2.0,CFU/plate,0,50,25.0,T,A,tolawale,2026-04-16T13:00:00,dpatel,2026-04-17T02:00:00,T
903287,503287,VIABLE_AIR_USP,0,6,6,6.0,CFU/m3,0,200,100.0,T,A,tolawale,2026-04-15T16:00:00,mrodriguez,2026-04-16T18:00:00,T
903288,503288,SETTLE_PLATE_TSA,0,9,9,9.0,CFU/plate,0,100,50.0,T,A,anguyen,2026-04-15T12:00:00,jchen,2026-04-16T14:00:00,T
903289,503289,VIABLE_AIR_USP,0,19,19,19.0,CFU/m3,0,400,200.0,T,A,jchen,2026-04-15T13:00:00,tolawale,2026-04-16T08:00:00,T
903290,503290,SETTLE_PLATE_TSA,0,0,0,0.0,CFU/plate,0,1,1.0,T,A,skwon,2026-04-16T11:00:00,skwon,2026-04-17T11:00:00,T
903291,503291,VIABLE_AIR_USP,0,0,0,0.0,CFU/m3,0,1,1.0,T,A,tolawale,2026-04-16T10:00:00,jchen,2026-04-16T23:00:00,T
903292,503292,SETTLE_PLATE_TSA,0,0,0,0.0,CFU/plate,0,5,3.0,T,A,dpatel,2026-04-16T15:00:00,jchen,2026-04-17T05:00:00,T
903293,503293,VIABLE_AIR_USP,0,0,0,0.0,CFU/m3,0,20,10.0,T,A,skwon,2026-04-17T06:00:00,skwon,2026-04-18T04:00:00,T
903294,503294,SETTLE_PLATE_TSA,0,0,0,0.0,CFU/plate,0,50,25.0,T,A,anguyen,2026-04-16T12:00:00,anguyen,2026-04-17T13:00:00,T
903295,503295,VIABLE_AIR_USP,0,4,4,4.0,CFU/m3,0,200,100.0,T,A,anguyen,2026-04-16T17:00:00,mrodriguez,2026-04-17T10:00:00,T
903296,503296,SETTLE_PLATE_TSA,0,7,7,7.0,CFU/plate,0,100,50.0,T,A,skwon,2026-04-16T12:00:00,skwon,2026-04-16T20:00:00,T
903297,503297,VIABLE_AIR_USP,0,13,13,13.0,CFU/m3,0,400,200.0,T,A,skwon,2026-04-20T10:00:00,mrodriguez,2026-04-21T03:00:00,T
903298,503298,SETTLE_PLATE_TSA,0,0,0,0.0,CFU/plate,0,1,1.0,T,A,dpatel,2026-04-17T09:00:00,jchen,2026-04-18T10:00:00,T
903299,503299,VIABLE_AIR_USP,0,0,0,0.0,CFU/m3,0,1,1.0,T,A,tolawale,2026-04-17T16:00:00,mrodriguez,2026-04-18T15:00:00,T
903300,503300,SETTLE_PLATE_TSA,0,1,1,1.0,CFU/plate,0,5,3.0,T,A,dpatel,2026-04-17T16:00:00,dpatel,2026-04-17T21:00:00,T
903301,503301,VIABLE_AIR_USP,0,2,2,2.0,CFU/m3,0,20,10.0,T,A,dpatel,2026-04-18T09:00:00,jchen,2026-04-19T08:00:00,T
903302,503302,SETTLE_PLATE_TSA,0,3,3,3.0,CFU/plate,0,50,25.0,T,A,dpatel,2026-04-24T11:00:00,dpatel,2026-04-25T03:00:00,T
903303,503303,VIABLE_AIR_USP,0,11,11,11.0,CFU/m3,0,200,100.0,T,A,jchen,2026-04-18T07:00:00,dpatel,2026-04-18T19:00:00,T
903304,503304,SETTLE_PLATE_TSA,0,6,6,6.0,CFU/plate,0,100,50.0,T,A,dpatel,2026-04-17T14:00:00,jchen,2026-04-18T11:00:00,T
903305,503305,VIABLE_AIR_USP,0,17,17,17.0,CFU/m3,0,400,200.0,T,A,jchen,2026-04-17T13:00:00,jchen,2026-04-18T17:00:00,T
903306,503306,SETTLE_PLATE_TSA,0,0,0,0.0,CFU/plate,0,1,1.0,T,A,anguyen,2026-04-18T12:00:00,tolawale,2026-04-19T17:00:00,T
903307,503307,VIABLE_AIR_USP,0,0,0,0.0,CFU/m3,0,1,1.0,T,A,jchen,2026-04-19T12:00:00,dpatel,2026-04-20T00:00:00,T
903308,503308,SETTLE_PLATE_TSA,0,1,1,1.0,CFU/plate,0,5,3.0,T,A,mrodriguez,2026-04-22T13:00:00,tolawale,2026-04-23T06:00:00,T
903309,503309,VIABLE_AIR_USP,0,2,2,2.0,CFU/m3,0,20,10.0,T,A,tolawale,2026-04-19T12:00:00,anguyen,2026-04-20T14:00:00,T
903310,503310,SETTLE_PLATE_TSA,0,2,2,2.0,CFU/plate,0,50,25.0,T,A,skwon,2026-04-19T11:00:00,tolawale,2026-04-20T15:00:00,T
903311,503311,VIABLE_AIR_USP,0,9,9,9.0,CFU/m3,0,200,100.0,T,A,anguyen,2026-04-18T11:00:00,tolawale,2026-04-18T17:00:00,T
903312,503312,SETTLE_PLATE_TSA,0,4,4,4.0,CFU/plate,0,100,50.0,T,A,jchen,2026-04-18T16:00:00,dpatel,2026-04-19T17:00:00,T
903313,503313,VIABLE_AIR_USP,0,17,17,17.0,CFU/m3,0,400,200.0,T,A,dpatel,2026-04-18T10:00:00,skwon,2026-04-18T20:00:00,T
903314,503314,SETTLE_PLATE_TSA,0,0,0,0.0,CFU/plate,0,1,1.0,T,A,skwon,2026-04-20T10:00:00,dpatel,2026-04-21T04:00:00,T
903315,503315,VIABLE_AIR_USP,0,0,0,0.0,CFU/m3,0,1,1.0,T,A,dpatel,2026-04-19T13:00:00,anguyen,2026-04-20T10:00:00,T
903316,503316,SETTLE_PLATE_TSA,0,1,1,1.0,CFU/plate,0,5,3.0,T,A,dpatel,2026-04-19T14:00:00,tolawale,2026-04-19T21:00:00,T
903317,503317,VIABLE_AIR_USP,0,2,2,2.0,CFU/m3,0,20,10.0,T,A,anguyen,2026-04-20T17:00:00,jchen,2026-04-21T21:00:00,T
903318,503318,SETTLE_PLATE_TSA,0,0,0,0.0,CFU/plate,0,50,25.0,T,A,skwon,2026-04-19T15:00:00,skwon,2026-04-20T12:00:00,T
903319,503319,VIABLE_AIR_USP,0,5,5,5.0,CFU/m3,0,200,100.0,T,A,dpatel,2026-04-19T06:00:00,anguyen,2026-04-19T09:00:00,T
903320,503320,SETTLE_PLATE_TSA,0,6,6,6.0,CFU/plate,0,100,50.0,T,A,anguyen,2026-04-19T14:00:00,tolawale,2026-04-20T01:00:00,T
903321,503321,VIABLE_AIR_USP,0,17,17,17.0,CFU/m3,0,400,200.0,T,A,tolawale,2026-04-20T15:00:00,anguyen,2026-04-21T07:00:00,T
903322,503322,SETTLE_PLATE_TSA,0,0,0,0.0,CFU/plate,0,1,1.0,T,A,jchen,2026-04-20T16:00:00,jchen,2026-04-21T16:00:00,T
903323,503323,VIABLE_AIR_USP,0,0,0,0.0,CFU/m3,0,1,1.0,T,A,anguyen,2026-04-25T16:00:00,jchen,2026-04-25T20:00:00,T
903324,503324,SETTLE_PLATE_TSA,0,0,0,0.0,CFU/plate,0,5,3.0,T,A,dpatel,2026-04-21T11:00:00,skwon,2026-04-21T23:00:00,T
903325,503325,VIABLE_AIR_USP,0,3,3,3.0,CFU/m3,0,20,10.0,T,A,skwon,2026-04-20T14:00:00,tolawale,2026-04-20T18:00:00,T
903326,503326,SETTLE_PLATE_TSA,0,2,2,2.0,CFU/plate,0,50,25.0,T,A,skwon,2026-04-21T10:00:00,tolawale,2026-04-22T06:00:00,T
903327,503327,VIABLE_AIR_USP,0,10,10,10.0,CFU/m3,0,200,100.0,T,A,tolawale,2026-04-21T14:00:00,dpatel,2026-04-22T10:00:00,T
903328,503328,SETTLE_PLATE_TSA,0,6,6,6.0,CFU/plate,0,100,50.0,T,A,jchen,2026-04-21T14:00:00,anguyen,2026-04-22T19:00:00,T
903329,503329,VIABLE_AIR_USP,0,13,13,13.0,CFU/m3,0,400,200.0,T,A,skwon,2026-04-20T09:00:00,tolawale,2026-04-21T13:00:00,T
903330,503330,BIOBURDEN_USP61,0,3,3,3.0,CFU/device,0,100,50.0,T,A,skwon,2026-04-22T06:00:00,mrodriguez,2026-04-23T01:00:00,T
903331,503331,LAL_KINETIC,0,0.97,0.97,0.97,EU/device,0,20,10.0,T,A,skwon,2026-04-20T08:00:00,mrodriguez,2026-04-20T19:00:00,T
903332,503332,SETTLE_PLATE_TSA,0,0,0,0.0,CFU/plate,0,1,1.0,T,A,dpatel,2026-04-22T16:00:00,skwon,2026-04-23T17:00:00,T
903333,503333,VIABLE_AIR_USP,0,0,0,0.0,CFU/m3,0,1,1.0,T,A,anguyen,2026-04-21T14:00:00,anguyen,2026-04-22T16:00:00,T
903334,503334,SETTLE_PLATE_TSA,0,0,0,0.0,CFU/plate,0,5,3.0,T,A,tolawale,2026-04-21T13:00:00,anguyen,2026-04-21T21:00:00,T
903335,503335,VIABLE_AIR_USP,0,1,1,1.0,CFU/m3,0,20,10.0,T,A,tolawale,2026-04-21T07:00:00,skwon,2026-04-22T12:00:00,T
903336,503336,SETTLE_PLATE_TSA,0,1,1,1.0,CFU/plate,0,50,25.0,T,A,dpatel,2026-04-21T10:00:00,tolawale,2026-04-22T12:00:00,T
903337,503337,VIABLE_AIR_USP,0,11,11,11.0,CFU/m3,0,200,100.0,T,A,mrodriguez,2026-04-22T15:00:00,skwon,2026-04-23T04:00:00,T
903338,503338,SETTLE_PLATE_TSA,0,4,4,4.0,CFU/plate,0,100,50.0,T,A,skwon,2026-04-21T07:00:00,skwon,2026-04-21T15:00:00,T
903339,503339,VIABLE_AIR_USP,0,11,11,11.0,CFU/m3,0,400,200.0,T,A,tolawale,2026-04-22T14:00:00,skwon,2026-04-23T08:00:00,T
903340,503340,SETTLE_PLATE_TSA,0,0,0,0.0,CFU/plate,0,1,1.0,T,A,mrodriguez,2026-04-22T09:00:00,dpatel,2026-04-22T17:00:00,T
903341,503341,VIABLE_AIR_USP,0,0,0,0.0,CFU/m3,0,1,1.0,T,A,jchen,2026-04-22T16:00:00,jchen,2026-04-23T22:00:00,T
903342,503342,SETTLE_PLATE_TSA,0,0,0,0.0,CFU/plate,0,5,3.0,T,A,dpatel,2026-04-23T10:00:00,mrodriguez,2026-04-24T09:00:00,T
903343,503343,VIABLE_AIR_USP,0,0,0,0.0,CFU/m3,0,20,10.0,T,A,skwon,2026-04-22T17:00:00,anguyen,2026-04-23T14:00:00,T
903344,503344,SETTLE_PLATE_TSA,0,1,1,1.0,CFU/plate,0,50,25.0,T,A,skwon,2026-04-23T12:00:00,tolawale,2026-04-24T11:00:00,T
903345,503345,VIABLE_AIR_USP,0,4,4,4.0,CFU/m3,0,200,100.0,T,A,anguyen,2026-04-22T13:00:00,skwon,2026-04-23T18:00:00,T
903346,503346,SETTLE_PLATE_TSA,0,4,4,4.0,CFU/plate,0,100,50.0,T,A,mrodriguez,2026-04-23T12:00:00,dpatel,2026-04-24T07:00:00,T
903347,503347,VIABLE_AIR_USP,0,20,20,20.0,CFU/m3,0,400,200.0,T,A,jchen,2026-04-23T13:00:00,jchen,2026-04-24T05:00:00,T
903348,503348,SETTLE_PLATE_TSA,0,0,0,0.0,CFU/plate,0,1,1.0,T,A,mrodriguez,2026-04-23T13:00:00,mrodriguez,2026-04-24T15:00:00,T
903349,503349,VIABLE_AIR_USP,0,1,1,1.0,CFU/m3,0,1,1.0,F,A,jchen,2026-04-23T07:00:00,jchen,2026-04-24T05:00:00,T
903350,503350,SETTLE_PLATE_TSA,0,0,0,0.0,CFU/plate,0,5,3.0,T,A,skwon,2026-04-23T11:00:00,tolawale,2026-04-24T12:00:00,T
903351,503351,VIABLE_AIR_USP,0,1,1,1.0,CFU/m3,0,20,10.0,T,A,anguyen,2026-04-24T13:00:00,dpatel,2026-04-25T02:00:00,T
903352,503352,SETTLE_PLATE_TSA,0,0,0,0.0,CFU/plate,0,50,25.0,T,A,skwon,2026-04-23T07:00:00,dpatel,2026-04-24T12:00:00,T
903353,503353,VIABLE_AIR_USP,0,5,5,5.0,CFU/m3,0,200,100.0,T,A,tolawale,2026-04-23T13:00:00,anguyen,2026-04-24T17:00:00,T
903354,503354,SETTLE_PLATE_TSA,0,9,9,9.0,CFU/plate,0,100,50.0,T,A,jchen,2026-04-24T14:00:00,anguyen,2026-04-24T18:00:00,T
903355,503355,VIABLE_AIR_USP,0,13,13,13.0,CFU/m3,0,400,200.0,T,A,anguyen,2026-04-24T12:00:00,jchen,2026-04-25T02:00:00,T
903356,503356,SETTLE_PLATE_TSA,0,0,0,0.0,CFU/plate,0,1,1.0,T,A,skwon,2026-04-24T17:00:00,skwon,2026-04-25T15:00:00,T
903357,503357,VIABLE_AIR_USP,0,0,0,0.0,CFU/m3,0,1,1.0,T,A,dpatel,2026-04-25T12:00:00,skwon,2026-04-26T11:00:00,T
903358,503358,SETTLE_PLATE_TSA,0,0,0,0.0,CFU/plate,0,5,3.0,T,A,jchen,2026-04-24T15:00:00,anguyen,2026-04-25T05:00:00,T
903359,503359,VIABLE_AIR_USP,0,0,0,0.0,CFU/m3,0,20,10.0,T,A,anguyen,2026-04-24T10:00:00,tolawale,2026-04-25T10:00:00,T
903360,503360,SETTLE_PLATE_TSA,0,4,4,4.0,CFU/plate,0,50,25.0,T,A,tolawale,2026-04-24T13:00:00,jchen,2026-04-25T04:00:00,T
903361,503361,VIABLE_AIR_USP,0,8,8,8.0,CFU/m3,0,200,100.0,T,A,tolawale,2026-04-25T11:00:00,dpatel,2026-04-25T17:00:00,T
903362,503362,SETTLE_PLATE_TSA,0,3,3,3.0,CFU/plate,0,100,50.0,T,A,jchen,2026-04-25T07:00:00,dpatel,2026-04-25T18:00:00,T
903363,503363,VIABLE_AIR_USP,0,19,19,19.0,CFU/m3,0,400,200.0,T,A,mrodriguez,2026-04-24T11:00:00,tolawale,2026-04-25T03:00:00,T
903364,503364,SETTLE_PLATE_TSA,0,0,0,0.0,CFU/plate,0,1,1.0,T,A,skwon,2026-04-26T10:00:00,dpatel,2026-04-26T12:00:00,T
903365,503365,VIABLE_AIR_USP,0,0,0,0.0,CFU/m3,0,1,1.0,T,A,jchen,2026-04-29T11:00:00,skwon,2026-04-30T14:00:00,T
903366,503366,SETTLE_PLATE_TSA,0,0,0,0.0,CFU/plate,0,5,3.0,T,A,anguyen,2026-04-26T12:00:00,skwon,2026-04-26T23:00:00,T
903367,503367,VIABLE_AIR_USP,0,1,1,1.0,CFU/m3,0,20,10.0,T,A,jchen,2026-04-26T08:00:00,mrodriguez,2026-04-27T02:00:00,T
903368,503368,SETTLE_PLATE_TSA,0,2,2,2.0,CFU/plate,0,50,25.0,T,A,dpatel,2026-04-26T15:00:00,dpatel,2026-04-27T10:00:00,T
903369,503369,VIABLE_AIR_USP,0,6,6,6.0,CFU/m3,0,200,100.0,T,A,anguyen,2026-04-26T12:00:00,skwon,2026-04-27T12:00:00,T
903370,503370,SETTLE_PLATE_TSA,0,6,6,6.0,CFU/plate,0,100,50.0,T,A,anguyen,2026-04-25T16:00:00,tolawale,2026-04-26T03:00:00,T
903371,503371,VIABLE_AIR_USP,0,16,16,16.0,CFU/m3,0,400,200.0,T,A,mrodriguez,2026-04-26T11:00:00,jchen,2026-04-27T00:00:00,T
903372,503372,SETTLE_PLATE_TSA,0,0,0,0.0,CFU/plate,0,1,1.0,T,A,mrodriguez,2026-04-26T11:00:00,dpatel,2026-04-27T07:00:00,T
903373,503373,VIABLE_AIR_USP,0,0,0,0.0,CFU/m3,0,1,1.0,T,A,jchen,2026-04-26T10:00:00,jchen,2026-04-26T18:00:00,T
903374,503374,SETTLE_PLATE_TSA,0,0,0,0.0,CFU/plate,0,5,3.0,T,A,dpatel,2026-04-26T11:00:00,tolawale,2026-04-26T18:00:00,T
903375,503375,VIABLE_AIR_USP,0,0,0,0.0,CFU/m3,0,20,10.0,T,A,anguyen,2026-04-26T08:00:00,tolawale,2026-04-27T12:00:00,T
903376,503376,SETTLE_PLATE_TSA,0,1,1,1.0,CFU/plate,0,50,25.0,T,A,anguyen,2026-04-27T09:00:00,jchen,2026-04-27T20:00:00,T
903377,503377,VIABLE_AIR_USP,0,6,6,6.0,CFU/m3,0,200,100.0,T,A,jchen,2026-04-26T14:00:00,dpatel,2026-04-27T20:00:00,T
903378,503378,SETTLE_PLATE_TSA,0,4,4,4.0,CFU/plate,0,100,50.0,T,A,dpatel,2026-04-26T06:00:00,dpatel,2026-04-27T09:00:00,T
903379,503379,VIABLE_AIR_USP,0,18,18,18.0,CFU/m3,0,400,200.0,T,A,anguyen,2026-04-26T09:00:00,skwon,2026-04-27T06:00:00,T
903380,503380,SETTLE_PLATE_TSA,0,1,1,1.0,CFU/plate,0,1,1.0,F,A,tolawale,2026-04-28T15:00:00,tolawale,2026-04-29T06:00:00,T
903381,503381,VIABLE_AIR_USP,0,0,0,0.0,CFU/m3,0,1,1.0,T,A,dpatel,2026-04-27T09:00:00,anguyen,2026-04-27T15:00:00,T
903382,503382,SETTLE_PLATE_TSA,0,0,0,0.0,CFU/plate,0,5,3.0,T,A,dpatel,2026-04-28T12:00:00,anguyen,2026-04-29T11:00:00,T
903383,503383,VIABLE_AIR_USP,0,2,2,2.0,CFU/m3,0,20,10.0,T,A,jchen,2026-04-27T12:00:00,tolawale,2026-04-28T10:00:00,T
903384,503384,SETTLE_PLATE_TSA,0,1,1,1.0,CFU/plate,0,50,25.0,T,A,tolawale,2026-04-27T08:00:00,mrodriguez,2026-04-28T07:00:00,T
903385,503385,VIABLE_AIR_USP,0,11,11,11.0,CFU/m3,0,200,100.0,T,A,skwon,2026-04-28T14:00:00,tolawale,2026-04-28T20:00:00,T
903386,503386,SETTLE_PLATE_TSA,0,3,3,3.0,CFU/plate,0,100,50.0,T,A,tolawale,2026-04-28T14:00:00,anguyen,2026-04-28T20:00:00,T
903387,503387,VIABLE_AIR_USP,0,13,13,13.0,CFU/m3,0,400,200.0,T,A,skwon,2026-04-27T08:00:00,anguyen,2026-04-27T10:00:00,T
903388,503388,BIOBURDEN_USP61,0,3,3,3.0,CFU/device,0,100,50.0,T,A,mrodriguez,2026-04-29T07:00:00,tolawale,2026-04-29T23:00:00,T
903389,503389,LAL_KINETIC,0,3.78,3.78,3.78,EU/device,0,20,10.0,T,A,mrodriguez,2026-04-27T07:00:00,tolawale,2026-04-27T09:00:00,T
903390,503390,BIOBURDEN_USP61,0,3,3,3.0,CFU/device,0,100,50.0,T,A,dpatel,2026-04-29T10:00:00,mrodriguez,2026-04-30T03:00:00,T
903391,503391,LAL_KINETIC,0,0.2,0.2,0.2,EU/device,0,20,10.0,T,A,mrodriguez,2026-04-29T08:00:00,mrodriguez,2026-04-30T00:00:00,T
903392,503392,BIOBURDEN_USP61,0,3,3,3.0,CFU/device,0,100,50.0,T,A,dpatel,2026-04-27T08:00:00,tolawale,2026-04-27T11:00:00,T
903393,503393,LAL_KINETIC,0,0.47,0.47,0.47,EU/device,0,20,10.0,T,A,tolawale,2026-04-27T10:00:00,anguyen,2026-04-27T16:00:00,T
903394,503394,BIOBURDEN_USP61,0,9,9,9.0,CFU/device,0,100,50.0,T,A,dpatel,2026-04-29T06:00:00,mrodriguez,2026-04-29T08:00:00,T
903395,503395,LAL_KINETIC,0,1.09,1.09,1.09,EU/device,0,20,10.0,T,A,jchen,2026-04-28T08:00:00,skwon,2026-04-28T21:00:00,T
903396,503396,SETTLE_PLATE_TSA,0,0,0,0.0,CFU/plate,0,1,1.0,T,A,dpatel,2026-05-05T10:00:00,tolawale,2026-05-05T20:00:00,T
903397,503397,VIABLE_AIR_USP,0,0,0,0.0,CFU/m3,0,1,1.0,T,A,anguyen,2026-04-29T14:00:00,jchen,2026-04-29T22:00:00,T
903398,503398,SETTLE_PLATE_TSA,0,0,0,0.0,CFU/plate,0,5,3.0,T,A,skwon,2026-04-28T16:00:00,anguyen,2026-04-29T11:00:00,T
903399,503399,VIABLE_AIR_USP,0,0,0,0.0,CFU/m3,0,20,10.0,T,A,skwon,2026-04-29T15:00:00,anguyen,2026-04-30T06:00:00,T
903400,503400,SETTLE_PLATE_TSA,0,3,3,3.0,CFU/plate,0,50,25.0,T,A,mrodriguez,2026-04-28T12:00:00,mrodriguez,2026-04-29T10:00:00,T
903401,503401,VIABLE_AIR_USP,0,7,7,7.0,CFU/m3,0,200,100.0,T,A,jchen,2026-04-28T14:00:00,dpatel,2026-04-29T04:00:00,T
903402,503402,SETTLE_PLATE_TSA,0,1,1,1.0,CFU/plate,0,100,50.0,T,A,jchen,2026-04-28T12:00:00,mrodriguez,2026-04-29T06:00:00,T
903403,503403,VIABLE_AIR_USP,0,18,18,18.0,CFU/m3,0,400,200.0,T,A,anguyen,2026-04-29T11:00:00,tolawale,2026-04-30T06:00:00,T
903404,503404,SETTLE_PLATE_TSA,0,0,0,0.0,CFU/plate,0,1,1.0,T,A,anguyen,2026-04-29T10:00:00,tolawale,2026-04-30T02:00:00,T
903405,503405,VIABLE_AIR_USP,0,0,0,0.0,CFU/m3,0,1,1.0,T,A,mrodriguez,2026-04-29T16:00:00,dpatel,2026-04-30T01:00:00,T
903406,503406,SETTLE_PLATE_TSA,0,0,0,0.0,CFU/plate,0,5,3.0,T,A,skwon,2026-04-29T14:00:00,mrodriguez,2026-04-30T15:00:00,T
903407,503407,VIABLE_AIR_USP,0,0,0,0.0,CFU/m3,0,20,10.0,T,A,skwon,2026-05-06T13:00:00,anguyen,2026-05-07T18:00:00,T
903408,503408,SETTLE_PLATE_TSA,0,3,3,3.0,CFU/plate,0,50,25.0,T,A,tolawale,2026-04-30T16:00:00,mrodriguez,2026-05-01T16:00:00,T
903409,503409,VIABLE_AIR_USP,0,9,9,9.0,CFU/m3,0,200,100.0,T,A,dpatel,2026-04-29T09:00:00,tolawale,2026-04-30T03:00:00,T
903410,503410,SETTLE_PLATE_TSA,0,4,4,4.0,CFU/plate,0,100,50.0,T,A,anguyen,2026-04-29T11:00:00,skwon,2026-04-29T19:00:00,T
903411,503411,VIABLE_AIR_USP,0,6,6,6.0,CFU/m3,0,400,200.0,T,A,dpatel,2026-04-30T16:00:00,tolawale,2026-05-01T09:00:00,T
903412,503412,SETTLE_PLATE_TSA,0,0,0,0.0,CFU/plate,0,1,1.0,T,A,skwon,2026-04-30T17:00:00,dpatel,2026-05-01T03:00:00,T
903413,503413,VIABLE_AIR_USP,0,1,1,1.0,CFU/m3,0,1,1.0,F,A,skwon,2026-04-30T13:00:00,mrodriguez,2026-05-01T02:00:00,T
903414,503414,SETTLE_PLATE_TSA,0,0,0,0.0,CFU/plate,0,5,3.0,T,A,anguyen,2026-05-01T12:00:00,skwon,2026-05-02T07:00:00,T
903415,503415,VIABLE_AIR_USP,0,0,0,0.0,CFU/m3,0,20,10.0,T,A,tolawale,2026-05-01T14:00:00,mrodriguez,2026-05-02T04:00:00,T
903416,503416,SETTLE_PLATE_TSA,0,6,6,6.0,CFU/plate,0,50,25.0,T,A,tolawale,2026-05-01T12:00:00,mrodriguez,2026-05-01T22:00:00,T
903417,503417,VIABLE_AIR_USP,0,4,4,4.0,CFU/m3,0,200,100.0,T,A,dpatel,2026-04-30T14:00:00,skwon,2026-05-01T16:00:00,T
903418,503418,SETTLE_PLATE_TSA,0,6,6,6.0,CFU/plate,0,100,50.0,T,A,skwon,2026-05-01T13:00:00,jchen,2026-05-02T14:00:00,T
903419,503419,VIABLE_AIR_USP,0,19,19,19.0,CFU/m3,0,400,200.0,T,A,dpatel,2026-04-30T07:00:00,skwon,2026-05-01T11:00:00,T
903420,503420,SETTLE_PLATE_TSA,0,0,0,0.0,CFU/plate,0,1,1.0,T,A,tolawale,2026-05-02T08:00:00,mrodriguez,2026-05-02T15:00:00,T
903421,503421,VIABLE_AIR_USP,0,0,0,0.0,CFU/m3,0,1,1.0,T,A,anguyen,2026-05-01T12:00:00,anguyen,2026-05-02T14:00:00,T
903422,503422,SETTLE_PLATE_TSA,0,0,0,0.0,CFU/plate,0,5,3.0,T,A,anguyen,2026-05-08T13:00:00,tolawale,2026-05-09T04:00:00,T
903423,503423,VIABLE_AIR_USP,0,0,0,0.0,CFU/m3,0,20,10.0,T,A,tolawale,2026-05-01T10:00:00,mrodriguez,2026-05-01T12:00:00,T
903424,503424,SETTLE_PLATE_TSA,0,2,2,2.0,CFU/plate,0,50,25.0,T,A,jchen,2026-05-02T09:00:00,mrodriguez,2026-05-03T01:00:00,T
903425,503425,VIABLE_AIR_USP,0,8,8,8.0,CFU/m3,0,200,100.0,T,A,skwon,2026-05-02T11:00:00,dpatel,2026-05-03T00:00:00,T
903426,503426,SETTLE_PLATE_TSA,0,2,2,2.0,CFU/plate,0,100,50.0,T,A,mrodriguez,2026-05-02T08:00:00,skwon,2026-05-03T05:00:00,T
903427,503427,VIABLE_AIR_USP,0,21,21,21.0,CFU/m3,0,400,200.0,T,A,tolawale,2026-05-02T11:00:00,dpatel,2026-05-02T14:00:00,T
903428,503428,SETTLE_PLATE_TSA,0,0,0,0.0,CFU/plate,0,1,1.0,T,A,anguyen,2026-05-02T10:00:00,dpatel,2026-05-03T10:00:00,T
903429,503429,VIABLE_AIR_USP,0,0,0,0.0,CFU/m3,0,1,1.0,T,A,anguyen,2026-05-02T09:00:00,dpatel,2026-05-02T13:00:00,T
903430,503430,SETTLE_PLATE_TSA,0,0,0,0.0,CFU/plate,0,5,3.0,T,A,anguyen,2026-05-02T14:00:00,dpatel,2026-05-03T06:00:00,T
903431,503431,VIABLE_AIR_USP,0,1,1,1.0,CFU/m3,0,20,10.0,T,A,mrodriguez,2026-05-03T10:00:00,dpatel,2026-05-03T18:00:00,T
903432,503432,SETTLE_PLATE_TSA,0,2,2,2.0,CFU/plate,0,50,25.0,T,A,dpatel,2026-05-03T10:00:00,anguyen,2026-05-04T02:00:00,T
903433,503433,VIABLE_AIR_USP,0,13,13,13.0,CFU/m3,0,200,100.0,T,A,skwon,2026-05-02T07:00:00,jchen,2026-05-03T04:00:00,T
903434,503434,SETTLE_PLATE_TSA,0,3,3,3.0,CFU/plate,0,100,50.0,T,A,jchen,2026-05-03T12:00:00,anguyen,2026-05-03T17:00:00,T
903435,503435,VIABLE_AIR_USP,0,12,12,12.0,CFU/m3,0,400,200.0,T,A,mrodriguez,2026-05-03T12:00:00,mrodriguez,2026-05-04T09:00:00,T
903436,503436,SETTLE_PLATE_TSA,0,0,0,0.0,CFU/plate,0,1,1.0,T,A,anguyen,2026-05-04T14:00:00,skwon,2026-05-05T00:00:00,T
903437,503437,VIABLE_AIR_USP,0,0,0,0.0,CFU/m3,0,1,1.0,T,A,dpatel,2026-05-03T16:00:00,dpatel,2026-05-03T18:00:00,T
903438,503438,SETTLE_PLATE_TSA,0,0,0,0.0,CFU/plate,0,5,3.0,T,A,tolawale,2026-05-03T12:00:00,anguyen,2026-05-03T21:00:00,T
903439,503439,VIABLE_AIR_USP,0,0,0,0.0,CFU/m3,0,20,10.0,T,A,jchen,2026-05-04T11:00:00,jchen,2026-05-04T17:00:00,T
903440,503440,SETTLE_PLATE_TSA,0,1,1,1.0,CFU/plate,0,50,25.0,T,A,jchen,2026-05-03T14:00:00,dpatel,2026-05-04T19:00:00,T
903441,503441,VIABLE_AIR_USP,0,8,8,8.0,CFU/m3,0,200,100.0,T,A,skwon,2026-05-03T10:00:00,dpatel,2026-05-03T15:00:00,T
903442,503442,SETTLE_PLATE_TSA,0,7,7,7.0,CFU/plate,0,100,50.0,T,A,mrodriguez,2026-05-04T12:00:00,tolawale,2026-05-05T11:00:00,T
903443,503443,VIABLE_AIR_USP,0,19,19,19.0,CFU/m3,0,400,200.0,T,A,skwon,2026-05-04T15:00:00,dpatel,2026-05-05T07:00:00,T
903444,503444,SETTLE_PLATE_TSA,0,0,0,0.0,CFU/plate,0,1,1.0,T,A,dpatel,2026-05-05T11:00:00,anguyen,2026-05-05T16:00:00,T
903445,503445,VIABLE_AIR_USP,0,0,0,0.0,CFU/m3,0,1,1.0,T,A,skwon,2026-05-05T10:00:00,anguyen,2026-05-05T19:00:00,T
903446,503446,SETTLE_PLATE_TSA,0,1,1,1.0,CFU/plate,0,5,3.0,T,A,anguyen,2026-05-11T13:00:00,anguyen,2026-05-12T06:00:00,T
903447,503447,VIABLE_AIR_USP,0,1,1,1.0,CFU/m3,0,20,10.0,T,A,dpatel,2026-05-04T15:00:00,mrodriguez,2026-05-05T05:00:00,T
903448,503448,SETTLE_PLATE_TSA,0,1,1,1.0,CFU/plate,0,50,25.0,T,A,tolawale,2026-05-04T14:00:00,mrodriguez,2026-05-04T21:00:00,T
903449,503449,VIABLE_AIR_USP,0,4,4,4.0,CFU/m3,0,200,100.0,T,A,skwon,2026-05-07T15:00:00,skwon,2026-05-07T20:00:00,T
903450,503450,SETTLE_PLATE_TSA,0,4,4,4.0,CFU/plate,0,100,50.0,T,A,dpatel,2026-05-05T13:00:00,mrodriguez,2026-05-06T14:00:00,T
903451,503451,VIABLE_AIR_USP,0,13,13,13.0,CFU/m3,0,400,200.0,T,A,anguyen,2026-05-05T11:00:00,tolawale,2026-05-05T14:00:00,T
903452,503452,BIOBURDEN_USP61,0,5,5,5.0,CFU/device,0,100,50.0,T,A,jchen,2026-05-04T09:00:00,mrodriguez,2026-05-05T01:00:00,T
903453,503453,LAL_KINETIC,0,1.27,1.27,1.27,EU/device,0,20,10.0,T,A,skwon,2026-05-04T10:00:00,skwon,2026-05-04T12:00:00,T
903454,503454,BIOBURDEN_USP61,0,1,1,1.0,CFU/device,0,100,50.0,T,A,tolawale,2026-05-04T06:00:00,tolawale,2026-05-04T11:00:00,T
903455,503455,LAL_KINETIC,0,3.5,3.5,3.5,EU/device,0,20,10.0,T,A,skwon,2026-05-05T06:00:00,dpatel,2026-05-06T02:00:00,T
903456,503456,BIOBURDEN_USP61,0,2,2,2.0,CFU/device,0,100,50.0,T,A,skwon,2026-05-06T10:00:00,dpatel,2026-05-06T17:00:00,T
903457,503457,LAL_KINETIC,0,0.39,0.39,0.39,EU/device,0,20,10.0,T,A,tolawale,2026-05-04T08:00:00,mrodriguez,2026-05-04T22:00:00,T
903458,503458,BIOBURDEN_USP61,0,4,4,4.0,CFU/device,0,100,50.0,T,A,tolawale,2026-05-06T07:00:00,skwon,2026-05-07T03:00:00,T
903459,503459,LAL_KINETIC,0,0.47,0.47,0.47,EU/device,0,20,10.0,T,A,tolawale,2026-05-04T09:00:00,skwon,2026-05-04T22:00:00,T
903460,503460,SETTLE_PLATE_TSA,0,0,0,0.0,CFU/plate,0,1,1.0,T,A,tolawale,2026-05-06T08:00:00,skwon,2026-05-07T01:00:00,T
903461,503461,VIABLE_AIR_USP,0,0,0,0.0,CFU/m3,0,1,1.0,T,A,anguyen,2026-05-05T13:00:00,jchen,2026-05-05T22:00:00,T
903462,503462,SETTLE_PLATE_TSA,0,0,0,0.0,CFU/plate,0,5,3.0,T,A,jchen,2026-05-05T13:00:00,mrodriguez,2026-05-06T18:00:00,T
903463,503463,VIABLE_AIR_USP,0,0,0,0.0,CFU/m3,0,20,10.0,T,A,anguyen,2026-05-06T11:00:00,tolawale,2026-05-06T23:00:00,T
903464,503464,SETTLE_PLATE_TSA,0,3,3,3.0,CFU/plate,0,50,25.0,T,A,skwon,2026-05-05T13:00:00,mrodriguez,2026-05-06T07:00:00,T
903465,503465,VIABLE_AIR_USP,0,8,8,8.0,CFU/m3,0,200,100.0,T,A,tolawale,2026-05-11T09:00:00,tolawale,2026-05-12T12:00:00,T
903466,503466,SETTLE_PLATE_TSA,0,5,5,5.0,CFU/plate,0,100,50.0,T,A,mrodriguez,2026-05-05T18:00:00,mrodriguez,2026-05-06T01:00:00,T
903467,503467,VIABLE_AIR_USP,0,20,20,20.0,CFU/m3,0,400,200.0,T,A,mrodriguez,2026-05-06T13:00:00,mrodriguez,2026-05-07T13:00:00,T
903468,503468,SETTLE_PLATE_TSA,0,0,0,0.0,CFU/plate,0,1,1.0,T,A,skwon,2026-05-06T10:00:00,tolawale,2026-05-07T13:00:00,T
903469,503469,VIABLE_AIR_USP,0,0,0,0.0,CFU/m3,0,1,1.0,T,A,mrodriguez,2026-05-06T12:00:00,skwon,2026-05-07T17:00:00,T
903470,503470,SETTLE_PLATE_TSA,0,0,0,0.0,CFU/plate,0,5,3.0,T,A,skwon,2026-05-06T15:00:00,dpatel,2026-05-07T18:00:00,T
903471,503471,VIABLE_AIR_USP,0,0,0,0.0,CFU/m3,0,20,10.0,T,A,skwon,2026-05-07T14:00:00,mrodriguez,2026-05-08T03:00:00,T
903472,503472,SETTLE_PLATE_TSA,0,2,2,2.0,CFU/plate,0,50,25.0,T,A,dpatel,2026-05-06T09:00:00,tolawale,2026-05-07T03:00:00,T
903473,503473,VIABLE_AIR_USP,0,10,10,10.0,CFU/m3,0,200,100.0,T,A,jchen,2026-05-07T11:00:00,tolawale,2026-05-08T05:00:00,T
903474,503474,SETTLE_PLATE_TSA,0,5,5,5.0,CFU/plate,0,100,50.0,T,A,anguyen,2026-05-06T10:00:00,skwon,2026-05-07T02:00:00,T
903475,503475,VIABLE_AIR_USP,0,17,17,17.0,CFU/m3,0,400,200.0,T,A,anguyen,2026-05-07T13:00:00,skwon,2026-05-07T17:00:00,T
903476,503476,SETTLE_PLATE_TSA,0,0,0,0.0,CFU/plate,0,1,1.0,T,A,jchen,2026-05-07T09:00:00,dpatel,2026-05-07T18:00:00,T
903477,503477,VIABLE_AIR_USP,0,0,0,0.0,CFU/m3,0,1,1.0,T,A,jchen,2026-05-07T14:00:00,jchen,2026-05-07T22:00:00,T
903478,503478,SETTLE_PLATE_TSA,0,0,0,0.0,CFU/plate,0,5,3.0,T,A,skwon,2026-05-08T16:00:00,anguyen,2026-05-08T19:00:00,T
903479,503479,VIABLE_AIR_USP,0,0,0,0.0,CFU/m3,0,20,10.0,T,A,tolawale,2026-05-08T10:00:00,skwon,2026-05-09T05:00:00,T
903480,503480,SETTLE_PLATE_TSA,0,3,3,3.0,CFU/plate,0,50,25.0,T,A,dpatel,2026-05-13T17:00:00,tolawale,2026-05-14T17:00:00,T
903481,503481,VIABLE_AIR_USP,0,6,6,6.0,CFU/m3,0,200,100.0,T,A,skwon,2026-05-08T14:00:00,skwon,2026-05-09T08:00:00,T
903482,503482,SETTLE_PLATE_TSA,0,2,2,2.0,CFU/plate,0,100,50.0,T,A,anguyen,2026-05-07T06:00:00,mrodriguez,2026-05-07T15:00:00,T
903483,503483,VIABLE_AIR_USP,0,17,17,17.0,CFU/m3,0,400,200.0,T,A,tolawale,2026-05-08T12:00:00,skwon,2026-05-09T09:00:00,T
903484,503484,SETTLE_PLATE_TSA,0,0,0,0.0,CFU/plate,0,1,1.0,T,A,jchen,2026-05-09T13:00:00,jchen,2026-05-10T10:00:00,T
903485,503485,VIABLE_AIR_USP,0,0,0,0.0,CFU/m3,0,1,1.0,T,A,anguyen,2026-05-15T15:00:00,mrodriguez,2026-05-16T13:00:00,T
903486,503486,SETTLE_PLATE_TSA,0,1,1,1.0,CFU/plate,0,5,3.0,T,A,tolawale,2026-05-09T06:00:00,jchen,2026-05-09T11:00:00,T
903487,503487,VIABLE_AIR_USP,0,2,2,2.0,CFU/m3,0,20,10.0,T,A,anguyen,2026-05-08T14:00:00,anguyen,2026-05-09T09:00:00,T
903488,503488,SETTLE_PLATE_TSA,0,1,1,1.0,CFU/plate,0,50,25.0,T,A,dpatel,2026-05-09T12:00:00,mrodriguez,2026-05-09T16:00:00,T
903489,503489,VIABLE_AIR_USP,0,6,6,6.0,CFU/m3,0,200,100.0,T,A,tolawale,2026-05-09T11:00:00,mrodriguez,2026-05-10T01:00:00,T
903490,503490,SETTLE_PLATE_TSA,0,4,4,4.0,CFU/plate,0,100,50.0,T,A,tolawale,2026-05-08T18:00:00,skwon,2026-05-09T18:00:00,T
903491,503491,VIABLE_AIR_USP,0,22,22,22.0,CFU/m3,0,400,200.0,T,A,anguyen,2026-05-15T11:00:00,anguyen,2026-05-15T19:00:00,T
903492,503492,SETTLE_PLATE_TSA,0,0,0,0.0,CFU/plate,0,1,1.0,T,A,mrodriguez,2026-05-09T08:00:00,skwon,2026-05-09T23:00:00,T
903493,503493,VIABLE_AIR_USP,0,0,0,0.0,CFU/m3,0,1,1.0,T,A,jchen,2026-05-10T12:00:00,mrodriguez,2026-05-11T02:00:00,T
903494,503494,SETTLE_PLATE_TSA,0,0,0,0.0,CFU/plate,0,5,3.0,T,A,jchen,2026-05-13T09:00:00,jchen,2026-05-13T20:00:00,T
903495,503495,VIABLE_AIR_USP,0,0,0,0.0,CFU/m3,0,20,10.0,T,A,mrodriguez,2026-05-10T15:00:00,anguyen,2026-05-11T09:00:00,T
903496,503496,SETTLE_PLATE_TSA,0,2,2,2.0,CFU/plate,0,50,25.0,T,A,jchen,2026-05-10T17:00:00,skwon,2026-05-10T22:00:00,T
903497,503497,VIABLE_AIR_USP,0,6,6,6.0,CFU/m3,0,200,100.0,T,A,tolawale,2026-05-12T14:00:00,skwon,2026-05-13T05:00:00,T
903498,503498,SETTLE_PLATE_TSA,0,3,3,3.0,CFU/plate,0,100,50.0,T,A,mrodriguez,2026-05-10T06:00:00,skwon,2026-05-10T18:00:00,T
903499,503499,VIABLE_AIR_USP,0,25,25,25.0,CFU/m3,0,400,200.0,T,A,tolawale,2026-05-10T10:00:00,skwon,2026-05-10T19:00:00,T
903500,503500,SETTLE_PLATE_TSA,0,0,0,0.0,CFU/plate,0,1,1.0,T,A,skwon,2026-05-11T17:00:00,skwon,2026-05-12T09:00:00,T
903501,503501,VIABLE_AIR_USP,0,0,0,0.0,CFU/m3,0,1,1.0,T,A,skwon,2026-05-11T11:00:00,anguyen,2026-05-12T09:00:00,T
903502,503502,SETTLE_PLATE_TSA,0,0,0,0.0,CFU/plate,0,5,3.0,T,A,jchen,2026-05-11T10:00:00,mrodriguez,2026-05-11T13:00:00,T
903503,503503,VIABLE_AIR_USP,0,1,1,1.0,CFU/m3,0,20,10.0,T,A,skwon,2026-05-11T15:00:00,dpatel,2026-05-12T17:00:00,T
903504,503504,SETTLE_PLATE_TSA,0,3,3,3.0,CFU/plate,0,50,25.0,T,A,jchen,2026-05-11T14:00:00,anguyen,2026-05-12T19:00:00,T
903505,503505,VIABLE_AIR_USP,0,8,8,8.0,CFU/m3,0,200,100.0,T,A,tolawale,2026-05-10T17:00:00,skwon,2026-05-10T21:00:00,T
903506,503506,SETTLE_PLATE_TSA,0,2,2,2.0,CFU/plate,0,100,50.0,T,A,mrodriguez,2026-05-11T13:00:00,tolawale,2026-05-12T17:00:00,T
903507,503507,VIABLE_AIR_USP,0,15,15,15.0,CFU/m3,0,400,200.0,T,A,skwon,2026-05-10T10:00:00,anguyen,2026-05-10T13:00:00,T
903508,503508,SETTLE_PLATE_TSA,0,0,0,0.0,CFU/plate,0,1,1.0,T,A,dpatel,2026-05-12T15:00:00,mrodriguez,2026-05-13T03:00:00,T
903509,503509,VIABLE_AIR_USP,0,0,0,0.0,CFU/m3,0,1,1.0,T,A,mrodriguez,2026-05-11T13:00:00,dpatel,2026-05-12T07:00:00,T
903510,503510,SETTLE_PLATE_TSA,0,0,0,0.0,CFU/plate,0,5,3.0,T,A,mrodriguez,2026-05-12T12:00:00,tolawale,2026-05-13T06:00:00,T
903511,503511,VIABLE_AIR_USP,0,1,1,1.0,CFU/m3,0,20,10.0,T,A,skwon,2026-05-11T15:00:00,anguyen,2026-05-11T19:00:00,T
903512,503512,SETTLE_PLATE_TSA,0,1,1,1.0,CFU/plate,0,50,25.0,T,A,skwon,2026-05-17T17:00:00,skwon,2026-05-18T23:00:00,T
903513,503513,VIABLE_AIR_USP,0,12,12,12.0,CFU/m3,0,200,100.0,T,A,jchen,2026-05-11T15:00:00,mrodriguez,2026-05-11T21:00:00,T
903514,503514,SETTLE_PLATE_TSA,0,5,5,5.0,CFU/plate,0,100,50.0,T,A,jchen,2026-05-11T09:00:00,dpatel,2026-05-12T01:00:00,T
903515,503515,VIABLE_AIR_USP,0,23,23,23.0,CFU/m3,0,400,200.0,T,A,anguyen,2026-05-11T10:00:00,tolawale,2026-05-12T01:00:00,T
903516,503516,SETTLE_PLATE_TSA,0,0,0,0.0,CFU/plate,0,1,1.0,T,A,jchen,2026-05-12T10:00:00,skwon,2026-05-12T20:00:00,T
903517,503517,VIABLE_AIR_USP,0,0,0,0.0,CFU/m3,0,1,1.0,T,A,tolawale,2026-05-13T13:00:00,tolawale,2026-05-14T13:00:00,T
903518,503518,SETTLE_PLATE_TSA,0,0,0,0.0,CFU/plate,0,5,3.0,T,A,dpatel,2026-05-12T15:00:00,skwon,2026-05-13T07:00:00,T
903519,503519,VIABLE_AIR_USP,0,0,0,0.0,CFU/m3,0,20,10.0,T,A,anguyen,2026-05-12T15:00:00,skwon,2026-05-13T03:00:00,T
903520,503520,SETTLE_PLATE_TSA,0,5,5,5.0,CFU/plate,0,50,25.0,T,A,skwon,2026-05-13T10:00:00,dpatel,2026-05-14T04:00:00,T
903521,503521,VIABLE_AIR_USP,0,7,7,7.0,CFU/m3,0,200,100.0,T,A,dpatel,2026-05-12T17:00:00,dpatel,2026-05-13T20:00:00,T
903522,503522,SETTLE_PLATE_TSA,0,2,2,2.0,CFU/plate,0,100,50.0,T,A,mrodriguez,2026-05-12T13:00:00,skwon,2026-05-12T22:00:00,T
903523,503523,VIABLE_AIR_USP,0,16,16,16.0,CFU/m3,0,400,200.0,T,A,mrodriguez,2026-05-12T15:00:00,anguyen,2026-05-13T10:00:00,T
903524,503524,SETTLE_PLATE_TSA,0,0,0,0.0,CFU/plate,0,1,1.0,T,A,skwon,2026-05-17T10:00:00,anguyen,2026-05-17T19:00:00,T
903525,503525,VIABLE_AIR_USP,0,0,0,0.0,CFU/m3,0,1,1.0,T,A,jchen,2026-05-13T14:00:00,anguyen,2026-05-13T17:00:00,T
903526,503526,SETTLE_PLATE_TSA,0,0,0,0.0,CFU/plate,0,5,3.0,T,A,skwon,2026-05-13T12:00:00,anguyen,2026-05-14T07:00:00,T
903527,503527,VIABLE_AIR_USP,0,0,0,0.0,CFU/m3,0,20,10.0,T,A,mrodriguez,2026-05-14T12:00:00,jchen,2026-05-15T16:00:00,T
903528,503528,SETTLE_PLATE_TSA,0,1,1,1.0,CFU/plate,0,50,25.0,T,A,anguyen,2026-05-14T10:00:00,skwon,2026-05-15T06:00:00,T
903529,503529,VIABLE_AIR_USP,0,7,7,7.0,CFU/m3,0,200,100.0,T,A,skwon,2026-05-13T16:00:00,mrodriguez,2026-05-13T18:00:00,T
903530,503530,SETTLE_PLATE_TSA,0,4,4,4.0,CFU/plate,0,100,50.0,T,A,jchen,2026-05-16T09:00:00,skwon,2026-05-16T16:00:00,T
903531,503531,VIABLE_AIR_USP,0,11,11,11.0,CFU/m3,0,400,200.0,T,A,mrodriguez,2026-05-13T08:00:00,tolawale,2026-05-14T09:00:00,T
903532,503532,SETTLE_PLATE_TSA,0,0,0,0.0,CFU/plate,0,1,1.0,T,A,dpatel,2026-05-15T10:00:00,anguyen,2026-05-16T00:00:00,T
903533,503533,VIABLE_AIR_USP,0,0,0,0.0,CFU/m3,0,1,1.0,T,A,tolawale,2026-05-14T07:00:00,skwon,2026-05-15T12:00:00,T
903534,503534,SETTLE_PLATE_TSA,0,0,0,0.0,CFU/plate,0,5,3.0,T,A,tolawale,2026-05-14T13:00:00,tolawale,2026-05-14T20:00:00,T
903535,503535,VIABLE_AIR_USP,0,0,0,0.0,CFU/m3,0,20,10.0,T,A,dpatel,2026-05-14T12:00:00,skwon,2026-05-15T17:00:00,T
903536,503536,SETTLE_PLATE_TSA,0,2,2,2.0,CFU/plate,0,50,25.0,T,A,dpatel,2026-05-14T11:00:00,dpatel,2026-05-14T13:00:00,T
903537,503537,VIABLE_AIR_USP,0,8,8,8.0,CFU/m3,0,200,100.0,T,A,mrodriguez,2026-05-14T15:00:00,tolawale,2026-05-15T10:00:00,T
903538,503538,SETTLE_PLATE_TSA,0,5,5,5.0,CFU/plate,0,100,50.0,T,A,dpatel,2026-05-14T09:00:00,skwon,2026-05-14T15:00:00,T
903539,503539,VIABLE_AIR_USP,0,22,22,22.0,CFU/m3,0,400,200.0,T,A,dpatel,2026-05-14T17:00:00,dpatel,2026-05-14T19:00:00,T
903540,503540,SETTLE_PLATE_TSA,0,0,0,0.0,CFU/plate,0,1,1.0,T,A,skwon,2026-05-16T12:00:00,mrodriguez,2026-05-16T14:00:00,T
903541,503541,VIABLE_AIR_USP,0,0,0,0.0,CFU/m3,0,1,1.0,T,A,mrodriguez,2026-05-22T12:00:00,tolawale,2026-05-23T07:00:00,T
903542,503542,SETTLE_PLATE_TSA,0,1,1,1.0,CFU/plate,0,5,3.0,T,A,tolawale,2026-05-16T07:00:00,anguyen,2026-05-17T11:00:00,T
903543,503543,VIABLE_AIR_USP,0,0,0,0.0,CFU/m3,0,20,10.0,T,A,skwon,2026-05-15T08:00:00,tolawale,2026-05-15T20:00:00,T
903544,503544,SETTLE_PLATE_TSA,0,1,1,1.0,CFU/plate,0,50,25.0,T,A,jchen,2026-05-15T13:00:00,anguyen,2026-05-15T17:00:00,T
903545,503545,VIABLE_AIR_USP,0,8,8,8.0,CFU/m3,0,200,100.0,T,A,skwon,2026-05-16T10:00:00,dpatel,2026-05-17T10:00:00,T
903546,503546,SETTLE_PLATE_TSA,0,3,3,3.0,CFU/plate,0,100,50.0,T,A,skwon,2026-05-16T12:00:00,dpatel,2026-05-17T02:00:00,T
903547,503547,VIABLE_AIR_USP,0,21,21,21.0,CFU/m3,0,400,200.0,T,A,anguyen,2026-05-15T12:00:00,anguyen,2026-05-15T23:00:00,T
903548,503548,SETTLE_PLATE_TSA,0,0,0,0.0,CFU/plate,0,1,1.0,T,A,mrodriguez,2026-05-17T16:00:00,dpatel,2026-05-18T09:00:00,T
903549,503549,VIABLE_AIR_USP,0,0,0,0.0,CFU/m3,0,1,1.0,T,A,mrodriguez,2026-05-17T12:00:00,anguyen,2026-05-18T09:00:00,T
903550,503550,SETTLE_PLATE_TSA,0,0,0,0.0,CFU/plate,0,5,3.0,T,A,dpatel,2026-05-17T15:00:00,dpatel,2026-05-18T17:00:00,T
903551,503551,VIABLE_AIR_USP,0,0,0,0.0,CFU/m3,0,20,10.0,T,A,tolawale,2026-05-16T10:00:00,dpatel,2026-05-17T12:00:00,T
903552,503552,SETTLE_PLATE_TSA,0,3,3,3.0,CFU/plate,0,50,25.0,T,A,tolawale,2026-05-17T13:00:00,jchen,2026-05-18T09:00:00,T
903553,503553,VIABLE_AIR_USP,0,7,7,7.0,CFU/m3,0,200,100.0,T,A,anguyen,2026-05-16T12:00:00,skwon,2026-05-17T12:00:00,T
903554,503554,SETTLE_PLATE_TSA,0,4,4,4.0,CFU/plate,0,100,50.0,T,A,dpatel,2026-05-17T13:00:00,mrodriguez,2026-05-18T13:00:00,T
903555,503555,VIABLE_AIR_USP,0,20,20,20.0,CFU/m3,0,400,200.0,T,A,anguyen,2026-05-16T11:00:00,mrodriguez,2026-05-17T02:00:00,T
903556,503556,SETTLE_PLATE_TSA,0,0,0,0.0,CFU/plate,0,1,1.0,T,A,tolawale,2026-05-17T13:00:00,mrodriguez,2026-05-17T19:00:00,T
903557,503557,VIABLE_AIR_USP,0,0,0,0.0,CFU/m3,0,1,1.0,T,A,skwon,2026-05-17T12:00:00,dpatel,2026-05-17T23:00:00,T
903558,503558,SETTLE_PLATE_TSA,0,0,0,0.0,CFU/plate,0,5,3.0,T,A,anguyen,2026-05-17T09:00:00,anguyen,2026-05-18T07:00:00,T
903559,503559,VIABLE_AIR_USP,0,1,1,1.0,CFU/m3,0,20,10.0,T,A,mrodriguez,2026-05-18T18:00:00,skwon,2026-05-19T19:00:00,T
903560,503560,SETTLE_PLATE_TSA,0,2,2,2.0,CFU/plate,0,50,25.0,T,A,anguyen,2026-05-17T12:00:00,tolawale,2026-05-18T09:00:00,T
903561,503561,VIABLE_AIR_USP,0,12,12,12.0,CFU/m3,0,200,100.0,T,A,skwon,2026-05-17T14:00:00,jchen,2026-05-17T23:00:00,T
903562,503562,SETTLE_PLATE_TSA,0,3,3,3.0,CFU/plate,0,100,50.0,T,A,mrodriguez,2026-05-18T12:00:00,jchen,2026-05-19T02:00:00,T
903563,503563,VIABLE_AIR_USP,0,20,20,20.0,CFU/m3,0,400,200.0,T,A,mrodriguez,2026-05-17T07:00:00,jchen,2026-05-18T07:00:00,T
903564,503564,SETTLE_PLATE_TSA,0,0,0,0.0,CFU/plate,0,1,1.0,T,A,jchen,2026-05-19T13:00:00,anguyen,2026-05-19T19:00:00,T
903565,503565,VIABLE_AIR_USP,0,0,0,0.0,CFU/m3,0,1,1.0,T,A,dpatel,2026-05-18T12:00:00,mrodriguez,2026-05-18T19:00:00,T
903566,503566,SETTLE_PLATE_TSA,0,1,1,1.0,CFU/plate,0,5,3.0,T,A,anguyen,2026-05-18T15:00:00,dpatel,2026-05-19T07:00:00,T
903567,503567,VIABLE_AIR_USP,0,1,1,1.0,CFU/m3,0,20,10.0,T,A,anguyen,2026-05-18T13:00:00,dpatel,2026-05-19T09:00:00,T
903568,503568,SETTLE_PLATE_TSA,0,1,1,1.0,CFU/plate,0,50,25.0,T,A,mrodriguez,2026-05-19T12:00:00,anguyen,2026-05-20T06:00:00,T
903569,503569,VIABLE_AIR_USP,0,10,10,10.0,CFU/m3,0,200,100.0,T,A,skwon,2026-05-18T11:00:00,skwon,2026-05-18T20:00:00,T
903570,503570,SETTLE_PLATE_TSA,0,3,3,3.0,CFU/plate,0,100,50.0,T,A,tolawale,2026-05-18T07:00:00,skwon,2026-05-18T14:00:00,T
903571,503571,VIABLE_AIR_USP,0,21,21,21.0,CFU/m3,0,400,200.0,T,A,mrodriguez,2026-05-19T11:00:00,anguyen,2026-05-19T13:00:00,T
903572,503572,BIOBURDEN_USP61,0,2,2,2.0,CFU/device,0,100,50.0,T,A,mrodriguez,2026-05-18T09:00:00,dpatel,2026-05-18T18:00:00,T
903573,503573,LAL_KINETIC,0,1.19,1.19,1.19,EU/device,0,20,10.0,T,A,dpatel,2026-05-18T06:00:00,mrodriguez,2026-05-18T20:00:00,T
903574,503574,BIOBURDEN_USP61,0,6,6,6.0,CFU/device,0,100,50.0,T,A,jchen,2026-05-19T06:00:00,dpatel,2026-05-19T10:00:00,T
903575,503575,LAL_KINETIC,0,2.2,2.2,2.2,EU/device,0,20,10.0,T,A,anguyen,2026-05-19T08:00:00,dpatel,2026-05-19T11:00:00,T
903576,503576,BIOBURDEN_USP61,0,3,3,3.0,CFU/device,0,100,50.0,T,A,dpatel,2026-05-18T06:00:00,tolawale,2026-05-18T12:00:00,T
903577,503577,LAL_KINETIC,0,0.94,0.94,0.94,EU/device,0,20,10.0,T,A,dpatel,2026-05-19T08:00:00,jchen,2026-05-19T19:00:00,T
903578,503578,SETTLE_PLATE_TSA,0,0,0,0.0,CFU/plate,0,1,1.0,T,A,dpatel,2026-05-19T13:00:00,jchen,2026-05-19T22:00:00,T
903579,503579,VIABLE_AIR_USP,0,1,1,1.0,CFU/m3,0,1,1.0,F,A,jchen,2026-05-19T15:00:00,dpatel,2026-05-20T21:00:00,T
903580,503580,SETTLE_PLATE_TSA,0,0,0,0.0,CFU/plate,0,5,3.0,T,A,dpatel,2026-05-19T17:00:00,tolawale,2026-05-19T22:00:00,T
903581,503581,VIABLE_AIR_USP,0,1,1,1.0,CFU/m3,0,20,10.0,T,A,dpatel,2026-05-19T14:00:00,mrodriguez,2026-05-20T05:00:00,T
903582,503582,SETTLE_PLATE_TSA,0,2,2,2.0,CFU/plate,0,50,25.0,T,A,dpatel,2026-05-19T13:00:00,skwon,2026-05-19T18:00:00,T
903583,503583,VIABLE_AIR_USP,0,10,10,10.0,CFU/m3,0,200,100.0,T,A,tolawale,2026-05-20T12:00:00,mrodriguez,2026-05-20T21:00:00,T
903584,503584,SETTLE_PLATE_TSA,0,10,10,10.0,CFU/plate,0,100,50.0,T,A,skwon,2026-05-20T09:00:00,jchen,2026-05-20T20:00:00,T
903585,503585,VIABLE_AIR_USP,0,28,28,28.0,CFU/m3,0,400,200.0,T,A,tolawale,2026-05-20T16:00:00,skwon,2026-05-21T13:00:00,T
903586,503586,SETTLE_PLATE_TSA,0,0,0,0.0,CFU/plate,0,1,1.0,T,A,tolawale,2026-05-21T07:00:00,tolawale,2026-05-22T01:00:00,T
903587,503587,VIABLE_AIR_USP,0,0,0,0.0,CFU/m3,0,1,1.0,T,A,jchen,2026-05-25T12:00:00,jchen,2026-05-26T13:00:00,T
903588,503588,SETTLE_PLATE_TSA,0,0,0,0.0,CFU/plate,0,5,3.0,T,A,skwon,2026-05-20T15:00:00,jchen,2026-05-21T12:00:00,T
903589,503589,VIABLE_AIR_USP,0,0,0,0.0,CFU/m3,0,20,10.0,T,A,tolawale,2026-05-20T17:00:00,skwon,2026-05-21T11:00:00,T
903590,503590,SETTLE_PLATE_TSA,0,3,3,3.0,CFU/plate,0,50,25.0,T,A,tolawale,2026-05-21T16:00:00,dpatel,2026-05-22T13:00:00,T
903591,503591,VIABLE_AIR_USP,0,9,9,9.0,CFU/m3,0,200,100.0,T,A,skwon,2026-05-21T18:00:00,skwon,2026-05-22T13:00:00,T
903592,503592,SETTLE_PLATE_TSA,0,7,7,7.0,CFU/plate,0,100,50.0,T,A,skwon,2026-05-21T08:00:00,tolawale,2026-05-22T12:00:00,T
903593,503593,VIABLE_AIR_USP,0,12,12,12.0,CFU/m3,0,400,200.0,T,A,jchen,2026-05-21T17:00:00,mrodriguez,2026-05-21T23:00:00,T
903594,503594,SETTLE_PLATE_TSA,0,0,0,0.0,CFU/plate,0,1,1.0,T,A,dpatel,2026-05-28T12:00:00,tolawale,2026-05-29T13:00:00,T
903595,503595,VIABLE_AIR_USP,0,0,0,0.0,CFU/m3,0,1,1.0,T,A,mrodriguez,2026-05-27T17:00:00,anguyen,2026-05-28T23:00:00,T
903596,503596,SETTLE_PLATE_TSA,0,0,0,0.0,CFU/plate,0,5,3.0,T,A,jchen,2026-05-22T12:00:00,mrodriguez,2026-05-23T09:00:00,T
903597,503597,VIABLE_AIR_USP,0,0,0,0.0,CFU/m3,0,20,10.0,T,A,dpatel,2026-05-22T06:00:00,anguyen,2026-05-22T21:00:00,T
903598,503598,SETTLE_PLATE_TSA,0,2,2,2.0,CFU/plate,0,50,25.0,T,A,dpatel,2026-05-22T16:00:00,jchen,2026-05-23T22:00:00,T
903599,503599,VIABLE_AIR_USP,0,5,5,5.0,CFU/m3,0,200,100.0,T,A,skwon,2026-05-28T13:00:00,mrodriguez,2026-05-29T17:00:00,T
903600,503600,SETTLE_PLATE_TSA,0,5,5,5.0,CFU/plate,0,100,50.0,T,A,anguyen,2026-05-27T09:00:00,jchen,2026-05-28T05:00:00,T
903601,503601,VIABLE_AIR_USP,0,14,14,14.0,CFU/m3,0,400,200.0,T,A,dpatel,2026-05-22T13:00:00,mrodriguez,2026-05-23T01:00:00,T
903602,503602,SETTLE_PLATE_TSA,0,0,0,0.0,CFU/plate,0,1,1.0,T,A,skwon,2026-05-22T12:00:00,skwon,2026-05-22T17:00:00,T
903603,503603,VIABLE_AIR_USP,0,0,0,0.0,CFU/m3,0,1,1.0,T,A,jchen,2026-05-22T15:00:00,dpatel,2026-05-22T20:00:00,T
903604,503604,SETTLE_PLATE_TSA,0,0,0,0.0,CFU/plate,0,5,3.0,T,A,jchen,2026-05-22T11:00:00,mrodriguez,2026-05-23T10:00:00,T
903605,503605,VIABLE_AIR_USP,0,1,1,1.0,CFU/m3,0,20,10.0,T,A,dpatel,2026-05-22T13:00:00,jchen,2026-05-23T00:00:00,T
903606,503606,SETTLE_PLATE_TSA,0,3,3,3.0,CFU/plate,0,50,25.0,T,A,tolawale,2026-05-22T13:00:00,skwon,2026-05-23T03:00:00,T
903607,503607,VIABLE_AIR_USP,0,12,12,12.0,CFU/m3,0,200,100.0,T,A,skwon,2026-05-23T11:00:00,jchen,2026-05-24T01:00:00,T
903608,503608,SETTLE_PLATE_TSA,0,3,3,3.0,CFU/plate,0,100,50.0,T,A,anguyen,2026-05-22T07:00:00,jchen,2026-05-22T09:00:00,T
903609,503609,VIABLE_AIR_USP,0,16,16,16.0,CFU/m3,0,400,200.0,T,A,mrodriguez,2026-05-22T08:00:00,tolawale,2026-05-23T01:00:00,T
903610,503610,SETTLE_PLATE_TSA,0,0,0,0.0,CFU/plate,0,1,1.0,T,A,anguyen,2026-05-24T15:00:00,skwon,2026-05-25T01:00:00,T
903611,503611,VIABLE_AIR_USP,0,0,0,0.0,CFU/m3,0,1,1.0,T,A,skwon,2026-05-24T11:00:00,skwon,2026-05-25T05:00:00,T
903612,503612,SETTLE_PLATE_TSA,0,0,0,0.0,CFU/plate,0,5,3.0,T,A,skwon,2026-05-24T07:00:00,mrodriguez,2026-05-24T09:00:00,T
903613,503613,VIABLE_AIR_USP,0,2,2,2.0,CFU/m3,0,20,10.0,T,A,mrodriguez,2026-05-24T07:00:00,tolawale,2026-05-24T20:00:00,T
903614,503614,SETTLE_PLATE_TSA,0,2,2,2.0,CFU/plate,0,50,25.0,T,A,dpatel,2026-05-24T15:00:00,jchen,2026-05-25T11:00:00,T
903615,503615,VIABLE_AIR_USP,0,6,6,6.0,CFU/m3,0,200,100.0,T,A,anguyen,2026-05-23T14:00:00,dpatel,2026-05-24T20:00:00,T
903616,503616,SETTLE_PLATE_TSA,0,7,7,7.0,CFU/plate,0,100,50.0,T,A,jchen,2026-05-23T11:00:00,mrodriguez,2026-05-23T19:00:00,T
903617,503617,VIABLE_AIR_USP,0,16,16,16.0,CFU/m3,0,400,200.0,T,A,dpatel,2026-05-24T10:00:00,skwon,2026-05-25T06:00:00,T
903618,503618,SETTLE_PLATE_TSA,0,0,0,0.0,CFU/plate,0,1,1.0,T,A,dpatel,2026-05-25T11:00:00,dpatel,2026-05-26T15:00:00,T
903619,503619,VIABLE_AIR_USP,0,0,0,0.0,CFU/m3,0,1,1.0,T,A,jchen,2026-05-25T15:00:00,anguyen,2026-05-25T21:00:00,T
903620,503620,SETTLE_PLATE_TSA,0,0,0,0.0,CFU/plate,0,5,3.0,T,A,tolawale,2026-05-25T10:00:00,dpatel,2026-05-26T02:00:00,T
903621,503621,VIABLE_AIR_USP,0,0,0,0.0,CFU/m3,0,20,10.0,T,A,jchen,2026-05-24T15:00:00,mrodriguez,2026-05-24T18:00:00,T
903622,503622,SETTLE_PLATE_TSA,0,1,1,1.0,CFU/plate,0,50,25.0,T,A,jchen,2026-05-24T13:00:00,skwon,2026-05-25T12:00:00,T
903623,503623,VIABLE_AIR_USP,0,14,14,14.0,CFU/m3,0,200,100.0,T,A,jchen,2026-05-24T14:00:00,jchen,2026-05-25T10:00:00,T
903624,503624,SETTLE_PLATE_TSA,0,5,5,5.0,CFU/plate,0,100,50.0,T,A,skwon,2026-05-24T12:00:00,skwon,2026-05-25T13:00:00,T
903625,503625,VIABLE_AIR_USP,0,16,16,16.0,CFU/m3,0,400,200.0,T,A,dpatel,2026-05-24T10:00:00,dpatel,2026-05-24T20:00:00,T
903626,503626,SETTLE_PLATE_TSA,0,0,0,0.0,CFU/plate,0,1,1.0,T,A,jchen,2026-05-25T14:00:00,jchen,2026-05-25T16:00:00,T
903627,503627,VIABLE_AIR_USP,0,0,0,0.0,CFU/m3,0,1,1.0,T,A,mrodriguez,2026-05-25T14:00:00,tolawale,2026-05-26T19:00:00,T
903628,503628,SETTLE_PLATE_TSA,0,0,0,0.0,CFU/plate,0,5,3.0,T,A,jchen,2026-05-26T09:00:00,dpatel,2026-05-27T05:00:00,T
903629,503629,VIABLE_AIR_USP,0,1,1,1.0,CFU/m3,0,20,10.0,T,A,skwon,2026-05-26T17:00:00,jchen,2026-05-27T01:00:00,T
903630,503630,SETTLE_PLATE_TSA,0,1,1,1.0,CFU/plate,0,50,25.0,T,A,skwon,2026-05-26T10:00:00,skwon,2026-05-27T12:00:00,T
903631,503631,VIABLE_AIR_USP,0,6,6,6.0,CFU/m3,0,200,100.0,T,A,anguyen,2026-05-25T16:00:00,jchen,2026-05-26T17:00:00,T
903632,503632,SETTLE_PLATE_TSA,0,3,3,3.0,CFU/plate,0,100,50.0,T,A,dpatel,2026-05-26T08:00:00,mrodriguez,2026-05-27T05:00:00,T
903633,503633,VIABLE_AIR_USP,0,17,17,17.0,CFU/m3,0,400,200.0,T,A,skwon,2026-05-26T08:00:00,skwon,2026-05-26T15:00:00,T
903634,503634,BIOBURDEN_USP61,0,3,3,3.0,CFU/device,0,100,50.0,T,A,mrodriguez,2026-05-25T06:00:00,dpatel,2026-05-25T21:00:00,T
903635,503635,LAL_KINETIC,0,0.63,0.63,0.63,EU/device,0,20,10.0,T,A,jchen,2026-05-27T07:00:00,dpatel,2026-05-28T02:00:00,T
903636,503636,SETTLE_PLATE_TSA,0,0,0,0.0,CFU/plate,0,1,1.0,T,A,jchen,2026-05-26T08:00:00,anguyen,2026-05-26T10:00:00,T
903637,503637,VIABLE_AIR_USP,0,0,0,0.0,CFU/m3,0,1,1.0,T,A,dpatel,2026-05-26T10:00:00,skwon,2026-05-26T22:00:00,T
903638,503638,SETTLE_PLATE_TSA,0,0,0,0.0,CFU/plate,0,5,3.0,T,A,jchen,2026-05-27T14:00:00,anguyen,2026-05-28T04:00:00,T
903639,503639,VIABLE_AIR_USP,0,1,1,1.0,CFU/m3,0,20,10.0,T,A,skwon,2026-05-27T18:00:00,jchen,2026-05-28T04:00:00,T
903640,503640,SETTLE_PLATE_TSA,0,4,4,4.0,CFU/plate,0,50,25.0,T,A,skwon,2026-05-26T07:00:00,skwon,2026-05-27T13:00:00,T
903641,503641,VIABLE_AIR_USP,0,7,7,7.0,CFU/m3,0,200,100.0,T,A,skwon,2026-05-26T13:00:00,dpatel,2026-05-27T01:00:00,T
903642,503642,SETTLE_PLATE_TSA,0,3,3,3.0,CFU/plate,0,100,50.0,T,A,skwon,2026-05-26T07:00:00,anguyen,2026-05-26T23:00:00,T
903643,503643,VIABLE_AIR_USP,0,10,10,10.0,CFU/m3,0,400,200.0,T,A,jchen,2026-05-27T09:00:00,dpatel,2026-05-27T16:00:00,T
903644,503644,SETTLE_PLATE_TSA,0,0,0,0.0,CFU/plate,0,1,1.0,T,A,dpatel,2026-05-28T15:00:00,mrodriguez,2026-05-29T01:00:00,T
903645,503645,VIABLE_AIR_USP,0,0,0,0.0,CFU/m3,0,1,1.0,T,A,dpatel,2026-05-28T15:00:00,mrodriguez,2026-05-29T04:00:00,T
903646,503646,SETTLE_PLATE_TSA,0,0,0,0.0,CFU/plate,0,5,3.0,T,A,tolawale,2026-05-31T12:00:00,jchen,2026-06-01T01:00:00,T
903647,503647,VIABLE_AIR_USP,0,4,4,4.0,CFU/m3,0,20,10.0,T,A,dpatel,2026-05-27T12:00:00,dpatel,2026-05-28T10:00:00,T
903648,503648,SETTLE_PLATE_TSA,0,2,2,2.0,CFU/plate,0,50,25.0,T,A,tolawale,2026-05-28T09:00:00,mrodriguez,2026-05-28T14:00:00,T
903649,503649,VIABLE_AIR_USP,0,7,7,7.0,CFU/m3,0,200,100.0,T,A,skwon,2026-05-27T12:00:00,tolawale,2026-05-28T06:00:00,T
903650,503650,SETTLE_PLATE_TSA,0,6,6,6.0,CFU/plate,0,100,50.0,T,A,dpatel,2026-05-28T15:00:00,anguyen,2026-05-29T14:00:00,T
903651,503651,VIABLE_AIR_USP,0,19,19,19.0,CFU/m3,0,400,200.0,T,A,tolawale,2026-05-28T10:00:00,jchen,2026-05-28T20:00:00,T
903652,503652,SETTLE_PLATE_TSA,0,0,0,0.0,CFU/plate,0,1,1.0,T,A,anguyen,2026-05-28T15:00:00,skwon,2026-05-29T12:00:00,T
903653,503653,VIABLE_AIR_USP,0,1,1,1.0,CFU/m3,0,1,1.0,F,A,jchen,2026-05-28T16:00:00,dpatel,2026-05-29T21:00:00,T
903654,503654,SETTLE_PLATE_TSA,0,0,0,0.0,CFU/plate,0,5,3.0,T,A,skwon,2026-05-28T12:00:00,anguyen,2026-05-29T12:00:00,T
903655,503655,VIABLE_AIR_USP,0,2,2,2.0,CFU/m3,0,20,10.0,T,A,dpatel,2026-05-29T11:00:00,anguyen,2026-05-30T15:00:00,T
903656,503656,SETTLE_PLATE_TSA,0,2,2,2.0,CFU/plate,0,50,25.0,T,A,jchen,2026-05-29T11:00:00,mrodriguez,2026-05-30T04:00:00,T
903657,503657,VIABLE_AIR_USP,0,14,14,14.0,CFU/m3,0,200,100.0,T,A,dpatel,2026-05-29T08:00:00,skwon,2026-05-30T09:00:00,T
903658,503658,SETTLE_PLATE_TSA,0,4,4,4.0,CFU/plate,0,100,50.0,T,A,dpatel,2026-05-28T13:00:00,mrodriguez,2026-05-28T15:00:00,T
903659,503659,VIABLE_AIR_USP,0,18,18,18.0,CFU/m3,0,400,200.0,T,A,jchen,2026-05-31T07:00:00,jchen,2026-06-01T06:00:00,T
903660,503660,SETTLE_PLATE_TSA,0,0,0,0.0,CFU/plate,0,1,1.0,T,A,jchen,2026-05-30T12:00:00,dpatel,2026-05-31T07:00:00,T
903661,503661,VIABLE_AIR_USP,0,0,0,0.0,CFU/m3,0,1,1.0,T,A,tolawale,2026-05-29T11:00:00,jchen,2026-05-30T16:00:00,T
903662,503662,SETTLE_PLATE_TSA,0,2,2,2.0,CFU/plate,0,5,3.0,T,A,anguyen,2026-05-29T18:00:00,tolawale,2026-05-30T23:00:00,T
903663,503663,VIABLE_AIR_USP,0,1,1,1.0,CFU/m3,0,20,10.0,T,A,anguyen,2026-06-05T16:00:00,mrodriguez,2026-06-06T09:00:00,T
903664,503664,SETTLE_PLATE_TSA,0,3,3,3.0,CFU/plate,0,50,25.0,T,A,jchen,2026-05-30T14:00:00,tolawale,2026-05-30T19:00:00,T
903665,503665,VIABLE_AIR_USP,0,5,5,5.0,CFU/m3,0,200,100.0,T,A,tolawale,2026-05-30T14:00:00,skwon,2026-05-31T02:00:00,T
903666,503666,SETTLE_PLATE_TSA,0,1,1,1.0,CFU/plate,0,100,50.0,T,A,jchen,2026-05-29T09:00:00,mrodriguez,2026-05-29T11:00:00,T
903667,503667,VIABLE_AIR_USP,0,22,22,22.0,CFU/m3,0,400,200.0,T,A,tolawale,2026-05-30T11:00:00,jchen,2026-05-31T04:00:00,T
903668,503668,SETTLE_PLATE_TSA,0,0,0,0.0,CFU/plate,0,1,1.0,T,A,jchen,2026-05-31T11:00:00,tolawale,2026-06-01T13:00:00,T
903669,503669,VIABLE_AIR_USP,0,0,0,0.0,CFU/m3,0,1,1.0,T,A,mrodriguez,2026-05-30T15:00:00,anguyen,2026-05-31T13:00:00,T
903670,503670,SETTLE_PLATE_TSA,0,0,0,0.0,CFU/plate,0,5,3.0,T,A,dpatel,2026-06-03T11:00:00,tolawale,2026-06-03T20:00:00,T
903671,503671,VIABLE_AIR_USP,0,1,1,1.0,CFU/m3,0,20,10.0,T,A,tolawale,2026-05-30T15:00:00,mrodriguez,2026-05-30T21:00:00,T
903672,503672,SETTLE_PLATE_TSA,0,1,1,1.0,CFU/plate,0,50,25.0,T,A,skwon,2026-05-30T15:00:00,mrodriguez,2026-05-31T21:00:00,T
903673,503673,VIABLE_AIR_USP,0,6,6,6.0,CFU/m3,0,200,100.0,T,A,anguyen,2026-05-31T10:00:00,mrodriguez,2026-05-31T17:00:00,T
903674,503674,SETTLE_PLATE_TSA,0,2,2,2.0,CFU/plate,0,100,50.0,T,A,dpatel,2026-05-31T11:00:00,tolawale,2026-06-01T14:00:00,T
903675,503675,VIABLE_AIR_USP,0,20,20,20.0,CFU/m3,0,400,200.0,T,A,skwon,2026-05-30T11:00:00,mrodriguez,2026-05-30T22:00:00,T
903676,503676,SETTLE_PLATE_TSA,0,0,0,0.0,CFU/plate,0,1,1.0,T,A,anguyen,2026-05-31T11:00:00,skwon,2026-06-01T06:00:00,T
903677,503677,VIABLE_AIR_USP,0,0,0,0.0,CFU/m3,0,1,1.0,T,A,dpatel,2026-05-31T14:00:00,skwon,2026-06-01T14:00:00,T
903678,503678,SETTLE_PLATE_TSA,0,0,0,0.0,CFU/plate,0,5,3.0,T,A,mrodriguez,2026-05-31T08:00:00,tolawale,2026-05-31T10:00:00,T
903679,503679,VIABLE_AIR_USP,0,2,2,2.0,CFU/m3,0,20,10.0,T,A,mrodriguez,2026-05-31T15:00:00,skwon,2026-05-31T22:00:00,T
903680,503680,SETTLE_PLATE_TSA,0,1,1,1.0,CFU/plate,0,50,25.0,T,A,mrodriguez,2026-06-01T08:00:00,mrodriguez,2026-06-02T03:00:00,T
903681,503681,VIABLE_AIR_USP,0,8,8,8.0,CFU/m3,0,200,100.0,T,A,tolawale,2026-06-01T15:00:00,tolawale,2026-06-02T17:00:00,T
903682,503682,SETTLE_PLATE_TSA,0,5,5,5.0,CFU/plate,0,100,50.0,T,A,dpatel,2026-06-01T15:00:00,tolawale,2026-06-01T19:00:00,T
903683,503683,VIABLE_AIR_USP,0,20,20,20.0,CFU/m3,0,400,200.0,T,A,tolawale,2026-05-31T09:00:00,tolawale,2026-05-31T13:00:00,T
903684,503684,SETTLE_PLATE_TSA,0,0,0,0.0,CFU/plate,0,1,1.0,T,A,jchen,2026-06-02T11:00:00,tolawale,2026-06-03T00:00:00,T
903685,503685,VIABLE_AIR_USP,0,0,0,0.0,CFU/m3,0,1,1.0,T,A,jchen,2026-06-02T17:00:00,mrodriguez,2026-06-03T04:00:00,T
903686,503686,SETTLE_PLATE_TSA,0,1,1,1.0,CFU/plate,0,5,3.0,T,A,anguyen,2026-06-07T09:00:00,anguyen,2026-06-07T12:00:00,T
903687,503687,VIABLE_AIR_USP,0,2,2,2.0,CFU/m3,0,20,10.0,T,A,mrodriguez,2026-06-01T18:00:00,mrodriguez,2026-06-02T10:00:00,T
903688,503688,SETTLE_PLATE_TSA,0,2,2,2.0,CFU/plate,0,50,25.0,T,A,tolawale,2026-06-01T10:00:00,skwon,2026-06-01T17:00:00,T
903689,503689,VIABLE_AIR_USP,0,6,6,6.0,CFU/m3,0,200,100.0,T,A,dpatel,2026-06-02T17:00:00,mrodriguez,2026-06-03T06:00:00,T
903690,503690,SETTLE_PLATE_TSA,0,3,3,3.0,CFU/plate,0,100,50.0,T,A,jchen,2026-06-01T14:00:00,anguyen,2026-06-02T01:00:00,T
903691,503691,VIABLE_AIR_USP,0,9,9,9.0,CFU/m3,0,400,200.0,T,A,skwon,2026-06-01T13:00:00,skwon,2026-06-02T10:00:00,T
903692,503692,BIOBURDEN_USP61,0,2,2,2.0,CFU/device,0,100,50.0,T,A,dpatel,2026-06-01T09:00:00,tolawale,2026-06-01T16:00:00,T
903693,503693,LAL_KINETIC,0,0.75,0.75,0.75,EU/device,0,20,10.0,T,A,dpatel,2026-06-02T08:00:00,tolawale,2026-06-02T12:00:00,T
903694,503694,SETTLE_PLATE_TSA,0,0,0,0.0,CFU/plate,0,1,1.0,T,A,anguyen,2026-06-03T08:00:00,mrodriguez,2026-06-03T14:00:00,T
903695,503695,VIABLE_AIR_USP,0,0,0,0.0,CFU/m3,0,1,1.0,T,A,jchen,2026-06-02T13:00:00,mrodriguez,2026-06-02T19:00:00,T
903696,503696,SETTLE_PLATE_TSA,0,0,0,0.0,CFU/plate,0,5,3.0,T,A,mrodriguez,2026-06-06T14:00:00,tolawale,2026-06-07T13:00:00,T
903697,503697,VIABLE_AIR_USP,0,1,1,1.0,CFU/m3,0,20,10.0,T,A,dpatel,2026-06-02T15:00:00,mrodriguez,2026-06-03T17:00:00,T
903698,503698,SETTLE_PLATE_TSA,0,2,2,2.0,CFU/plate,0,50,25.0,T,A,anguyen,2026-06-03T12:00:00,skwon,2026-06-03T21:00:00,T
903699,503699,VIABLE_AIR_USP,0,8,8,8.0,CFU/m3,0,200,100.0,T,A,anguyen,2026-06-03T13:00:00,mrodriguez,2026-06-03T15:00:00,T
903700,503700,SETTLE_PLATE_TSA,0,5,5,5.0,CFU/plate,0,100,50.0,T,A,dpatel,2026-06-02T08:00:00,skwon,2026-06-02T22:00:00,T
903701,503701,VIABLE_AIR_USP,0,29,29,29.0,CFU/m3,0,400,200.0,T,A,skwon,2026-06-09T14:00:00,dpatel,2026-06-10T01:00:00,T
903702,503702,SETTLE_PLATE_TSA,0,0,0,0.0,CFU/plate,0,1,1.0,T,A,tolawale,2026-06-04T14:00:00,anguyen,2026-06-05T01:00:00,T
903703,503703,VIABLE_AIR_USP,0,0,0,0.0,CFU/m3,0,1,1.0,T,A,anguyen,2026-06-07T11:00:00,dpatel,2026-06-07T16:00:00,T
903704,503704,SETTLE_PLATE_TSA,0,2,2,2.0,CFU/plate,0,5,3.0,T,A,skwon,2026-06-04T11:00:00,mrodriguez,2026-06-05T12:00:00,T
903705,503705,VIABLE_AIR_USP,0,0,0,0.0,CFU/m3,0,20,10.0,T,A,tolawale,2026-06-03T10:00:00,mrodriguez,2026-06-04T10:00:00,T
903706,503706,SETTLE_PLATE_TSA,0,4,4,4.0,CFU/plate,0,50,25.0,T,A,dpatel,2026-06-03T13:00:00,tolawale,2026-06-04T11:00:00,T
903707,503707,VIABLE_AIR_USP,0,7,7,7.0,CFU/m3,0,200,100.0,T,A,dpatel,2026-06-04T15:00:00,dpatel,2026-06-05T05:00:00,T
903708,503708,SETTLE_PLATE_TSA,0,9,9,9.0,CFU/plate,0,100,50.0,T,A,dpatel,2026-06-06T11:00:00,mrodriguez,2026-06-06T16:00:00,T
903709,503709,VIABLE_AIR_USP,0,15,15,15.0,CFU/m3,0,400,200.0,T,A,anguyen,2026-06-03T15:00:00,anguyen,2026-06-04T07:00:00,T
903710,503710,SETTLE_PLATE_TSA,0,0,0,0.0,CFU/plate,0,1,1.0,T,A,jchen,2026-06-05T13:00:00,jchen,2026-06-06T08:00:00,T
903711,503711,VIABLE_AIR_USP,0,0,0,0.0,CFU/m3,0,1,1.0,T,A,dpatel,2026-06-05T14:00:00,jchen,2026-06-06T20:00:00,T
903712,503712,SETTLE_PLATE_TSA,0,0,0,0.0,CFU/plate,0,5,3.0,T,A,jchen,2026-06-05T10:00:00,mrodriguez,2026-06-06T13:00:00,T
903713,503713,VIABLE_AIR_USP,0,2,2,2.0,CFU/m3,0,20,10.0,T,A,dpatel,2026-06-05T11:00:00,dpatel,2026-06-06T10:00:00,T
903714,503714,SETTLE_PLATE_TSA,0,0,0,0.0,CFU/plate,0,50,25.0,T,A,dpatel,2026-06-05T12:00:00,skwon,2026-06-06T04:00:00,T
903715,503715,VIABLE_AIR_USP,0,8,8,8.0,CFU/m3,0,200,100.0,T,A,jchen,2026-06-04T17:00:00,mrodriguez,2026-06-05T13:00:00,T
903716,503716,SETTLE_PLATE_TSA,0,5,5,5.0,CFU/plate,0,100,50.0,T,A,skwon,2026-06-04T15:00:00,dpatel,2026-06-05T20:00:00,T
903717,503717,VIABLE_AIR_USP,0,20,20,20.0,CFU/m3,0,400,200.0,T,A,jchen,2026-06-04T14:00:00,anguyen,2026-06-05T10:00:00,T
903718,503718,SETTLE_PLATE_TSA,0,0,0,0.0,CFU/plate,0,1,1.0,T,A,dpatel,2026-06-05T08:00:00,mrodriguez,2026-06-05T13:00:00,T
903719,503719,VIABLE_AIR_USP,0,0,0,0.0,CFU/m3,0,1,1.0,T,A,anguyen,2026-06-05T10:00:00,dpatel,2026-06-06T04:00:00,T
903720,503720,SETTLE_PLATE_TSA,0,1,1,1.0,CFU/plate,0,5,3.0,T,A,mrodriguez,2026-06-05T06:00:00,dpatel,2026-06-06T05:00:00,T
903721,503721,VIABLE_AIR_USP,0,2,2,2.0,CFU/m3,0,20,10.0,T,A,tolawale,2026-06-05T13:00:00,mrodriguez,2026-06-06T09:00:00,T
903722,503722,SETTLE_PLATE_TSA,0,0,0,0.0,CFU/plate,0,50,25.0,T,A,tolawale,2026-06-05T11:00:00,tolawale,2026-06-05T19:00:00,T
903723,503723,VIABLE_AIR_USP,0,8,8,8.0,CFU/m3,0,200,100.0,T,A,anguyen,2026-06-05T18:00:00,tolawale,2026-06-06T07:00:00,T
903724,503724,SETTLE_PLATE_TSA,0,2,2,2.0,CFU/plate,0,100,50.0,T,A,tolawale,2026-06-06T13:00:00,skwon,2026-06-07T09:00:00,T
903725,503725,VIABLE_AIR_USP,0,20,20,20.0,CFU/m3,0,400,200.0,T,A,tolawale,2026-06-05T06:00:00,skwon,2026-06-05T23:00:00,T
903726,503726,SETTLE_PLATE_TSA,0,0,0,0.0,CFU/plate,0,1,1.0,T,A,anguyen,2026-06-07T14:00:00,tolawale,2026-06-08T02:00:00,T
903727,503727,VIABLE_AIR_USP,0,0,0,0.0,CFU/m3,0,1,1.0,T,A,dpatel,2026-06-06T15:00:00,mrodriguez,2026-06-07T05:00:00,T
903728,503728,SETTLE_PLATE_TSA,0,1,1,1.0,CFU/plate,0,5,3.0,T,A,tolawale,2026-06-07T13:00:00,dpatel,2026-06-08T11:00:00,T
903729,503729,VIABLE_AIR_USP,0,2,2,2.0,CFU/m3,0,20,10.0,T,A,anguyen,2026-06-07T08:00:00,dpatel,2026-06-08T11:00:00,T
903730,503730,SETTLE_PLATE_TSA,0,2,2,2.0,CFU/plate,0,50,25.0,T,A,mrodriguez,2026-06-07T10:00:00,tolawale,2026-06-08T02:00:00,T
903731,503731,VIABLE_AIR_USP,0,15,15,15.0,CFU/m3,0,200,100.0,T,A,dpatel,2026-06-07T16:00:00,tolawale,2026-06-08T10:00:00,T
903732,503732,SETTLE_PLATE_TSA,0,2,2,2.0,CFU/plate,0,100,50.0,T,A,jchen,2026-06-07T13:00:00,jchen,2026-06-08T00:00:00,T
903733,503733,VIABLE_AIR_USP,0,16,16,16.0,CFU/m3,0,400,200.0,T,A,jchen,2026-06-06T14:00:00,jchen,2026-06-07T06:00:00,T
903734,503734,SETTLE_PLATE_TSA,0,0,0,0.0,CFU/plate,0,1,1.0,T,A,dpatel,2026-06-07T14:00:00,mrodriguez,2026-06-08T08:00:00,T
903735,503735,VIABLE_AIR_USP,0,0,0,0.0,CFU/m3,0,1,1.0,T,A,mrodriguez,2026-06-08T11:00:00,mrodriguez,2026-06-08T13:00:00,T
903736,503736,SETTLE_PLATE_TSA,0,0,0,0.0,CFU/plate,0,5,3.0,T,A,dpatel,2026-06-08T10:00:00,mrodriguez,2026-06-09T11:00:00,T
903737,503737,VIABLE_AIR_USP,0,2,2,2.0,CFU/m3,0,20,10.0,T,A,tolawale,2026-06-08T10:00:00,mrodriguez,2026-06-08T17:00:00,T
903738,503738,SETTLE_PLATE_TSA,0,2,2,2.0,CFU/plate,0,50,25.0,T,A,jchen,2026-06-08T10:00:00,tolawale,2026-06-08T20:00:00,T
903739,503739,VIABLE_AIR_USP,0,6,6,6.0,CFU/m3,0,200,100.0,T,A,mrodriguez,2026-06-08T14:00:00,skwon,2026-06-08T18:00:00,T
903740,503740,SETTLE_PLATE_TSA,0,6,6,6.0,CFU/plate,0,100,50.0,T,A,anguyen,2026-06-08T11:00:00,tolawale,2026-06-09T00:00:00,T
903741,503741,VIABLE_AIR_USP,0,22,22,22.0,CFU/m3,0,400,200.0,T,A,mrodriguez,2026-06-13T07:00:00,jchen,2026-06-14T00:00:00,T
903742,503742,SETTLE_PLATE_TSA,0,0,0,0.0,CFU/plate,0,1,1.0,T,A,dpatel,2026-06-09T14:00:00,jchen,2026-06-09T19:00:00,T
903743,503743,VIABLE_AIR_USP,0,0,0,0.0,CFU/m3,0,1,1.0,T,A,tolawale,2026-06-08T14:00:00,jchen,2026-06-09T13:00:00,T
903744,503744,SETTLE_PLATE_TSA,0,0,0,0.0,CFU/plate,0,5,3.0,T,A,skwon,2026-06-08T08:00:00,anguyen,2026-06-08T15:00:00,T
903745,503745,VIABLE_AIR_USP,0,2,2,2.0,CFU/m3,0,20,10.0,T,A,dpatel,2026-06-09T12:00:00,dpatel,2026-06-10T07:00:00,T
903746,503746,SETTLE_PLATE_TSA,0,3,3,3.0,CFU/plate,0,50,25.0,T,A,dpatel,2026-06-09T13:00:00,skwon,2026-06-09T16:00:00,T
903747,503747,VIABLE_AIR_USP,0,11,11,11.0,CFU/m3,0,200,100.0,T,A,skwon,2026-06-14T15:00:00,anguyen,2026-06-15T17:00:00,T
903748,503748,SETTLE_PLATE_TSA,0,7,7,7.0,CFU/plate,0,100,50.0,T,A,mrodriguez,2026-06-09T13:00:00,anguyen,2026-06-10T18:00:00,T
903749,503749,VIABLE_AIR_USP,0,21,21,21.0,CFU/m3,0,400,200.0,T,A,dpatel,2026-06-09T06:00:00,mrodriguez,2026-06-09T08:00:00,T
903750,503750,BIOBURDEN_USP61,0,3,3,3.0,CFU/device,0,100,50.0,T,A,skwon,2026-06-10T10:00:00,anguyen,2026-06-10T16:00:00,T
903751,503751,LAL_KINETIC,0,3.2,3.2,3.2,EU/device,0,20,10.0,T,A,mrodriguez,2026-06-10T06:00:00,jchen,2026-06-10T13:00:00,T
903752,503752,BIOBURDEN_USP61,0,1,1,1.0,CFU/device,0,100,50.0,T,A,tolawale,2026-06-08T08:00:00,skwon,2026-06-08T22:00:00,T
903753,503753,LAL_KINETIC,0,0.66,0.66,0.66,EU/device,0,20,10.0,T,A,jchen,2026-06-09T10:00:00,tolawale,2026-06-10T02:00:00,T
903754,503754,BIOBURDEN_USP61,0,6,6,6.0,CFU/device,0,100,50.0,T,A,mrodriguez,2026-06-08T06:00:00,anguyen,2026-06-08T09:00:00,T
903755,503755,LAL_KINETIC,0,0.55,0.55,0.55,EU/device,0,20,10.0,T,A,dpatel,2026-06-09T07:00:00,skwon,2026-06-09T10:00:00,T
903756,503756,SETTLE_PLATE_TSA,0,0,0,0.0,CFU/plate,0,1,1.0,T,A,skwon,2026-06-09T14:00:00,tolawale,2026-06-10T12:00:00,T
903757,503757,VIABLE_AIR_USP,0,0,0,0.0,CFU/m3,0,1,1.0,T,A,anguyen,2026-06-09T09:00:00,tolawale,2026-06-10T05:00:00,T
903758,503758,SETTLE_PLATE_TSA,0,0,0,0.0,CFU/plate,0,5,3.0,T,A,dpatel,2026-06-10T07:00:00,skwon,2026-06-10T14:00:00,T
903759,503759,VIABLE_AIR_USP,0,3,3,3.0,CFU/m3,0,20,10.0,T,A,anguyen,2026-06-09T14:00:00,skwon,2026-06-09T23:00:00,T
903760,503760,SETTLE_PLATE_TSA,0,2,2,2.0,CFU/plate,0,50,25.0,T,A,skwon,2026-06-10T11:00:00,dpatel,2026-06-11T08:00:00,T
903761,503761,VIABLE_AIR_USP,0,8,8,8.0,CFU/m3,0,200,100.0,T,A,anguyen,2026-06-09T18:00:00,skwon,2026-06-10T00:00:00,T
903762,503762,SETTLE_PLATE_TSA,0,4,4,4.0,CFU/plate,0,100,50.0,T,A,tolawale,2026-06-09T11:00:00,anguyen,2026-06-09T18:00:00,T
903763,503763,VIABLE_AIR_USP,0,13,13,13.0,CFU/m3,0,400,200.0,T,A,dpatel,2026-06-10T13:00:00,dpatel,2026-06-11T07:00:00,T
903764,503764,SETTLE_PLATE_TSA,0,0,0,0.0,CFU/plate,0,1,1.0,T,A,skwon,2026-06-17T15:00:00,jchen,2026-06-18T19:00:00,T
903765,503765,VIABLE_AIR_USP,0,0,0,0.0,CFU/m3,0,1,1.0,T,A,skwon,2026-06-11T13:00:00,skwon,2026-06-11T20:00:00,T
903766,503766,SETTLE_PLATE_TSA,0,0,0,0.0,CFU/plate,0,5,3.0,T,A,tolawale,2026-06-11T17:00:00,dpatel,2026-06-12T23:00:00,T
903767,503767,VIABLE_AIR_USP,0,0,0,0.0,CFU/m3,0,20,10.0,T,A,tolawale,2026-06-11T12:00:00,skwon,2026-06-12T00:00:00,T
903768,503768,SETTLE_PLATE_TSA,0,3,3,3.0,CFU/plate,0,50,25.0,T,A,jchen,2026-06-11T11:00:00,mrodriguez,2026-06-12T06:00:00,T
903769,503769,VIABLE_AIR_USP,0,12,12,12.0,CFU/m3,0,200,100.0,T,A,anguyen,2026-06-10T12:00:00,jchen,2026-06-11T11:00:00,T
903770,503770,SETTLE_PLATE_TSA,0,7,7,7.0,CFU/plate,0,100,50.0,T,A,jchen,2026-06-10T13:00:00,jchen,2026-06-10T21:00:00,T
903771,503771,VIABLE_AIR_USP,0,17,17,17.0,CFU/m3,0,400,200.0,T,A,jchen,2026-06-11T17:00:00,mrodriguez,2026-06-12T11:00:00,T
903772,503772,SETTLE_PLATE_TSA,0,1,1,1.0,CFU/plate,0,1,1.0,F,A,skwon,2026-06-12T14:00:00,mrodriguez,2026-06-13T12:00:00,T
903773,503773,VIABLE_AIR_USP,0,0,0,0.0,CFU/m3,0,1,1.0,T,A,mrodriguez,2026-06-12T08:00:00,dpatel,2026-06-13T03:00:00,T
903774,503774,SETTLE_PLATE_TSA,0,0,0,0.0,CFU/plate,0,5,3.0,T,A,jchen,2026-06-11T09:00:00,jchen,2026-06-12T05:00:00,T
903775,503775,VIABLE_AIR_USP,0,1,1,1.0,CFU/m3,0,20,10.0,T,A,tolawale,2026-06-11T18:00:00,tolawale,2026-06-12T10:00:00,T
903776,503776,SETTLE_PLATE_TSA,0,3,3,3.0,CFU/plate,0,50,25.0,T,A,tolawale,2026-06-12T11:00:00,jchen,2026-06-13T00:00:00,T
903777,503777,VIABLE_AIR_USP,0,8,8,8.0,CFU/m3,0,200,100.0,T,A,tolawale,2026-06-12T10:00:00,mrodriguez,2026-06-12T13:00:00,T
903778,503778,SETTLE_PLATE_TSA,0,3,3,3.0,CFU/plate,0,100,50.0,T,A,anguyen,2026-06-11T13:00:00,tolawale,2026-06-12T04:00:00,T
903779,503779,VIABLE_AIR_USP,0,15,15,15.0,CFU/m3,0,400,200.0,T,A,jchen,2026-06-18T06:00:00,skwon,2026-06-18T09:00:00,T
903780,503780,SETTLE_PLATE_TSA,0,0,0,0.0,CFU/plate,0,1,1.0,T,A,anguyen,2026-06-12T11:00:00,jchen,2026-06-12T13:00:00,T
903781,503781,VIABLE_AIR_USP,0,0,0,0.0,CFU/m3,0,1,1.0,T,A,anguyen,2026-06-12T10:00:00,jchen,2026-06-12T13:00:00,T
903782,503782,SETTLE_PLATE_TSA,0,0,0,0.0,CFU/plate,0,5,3.0,T,A,skwon,2026-06-13T14:00:00,tolawale,2026-06-14T12:00:00,T
903783,503783,VIABLE_AIR_USP,0,4,4,4.0,CFU/m3,0,20,10.0,T,A,tolawale,2026-06-13T13:00:00,skwon,2026-06-14T10:00:00,T
903784,503784,SETTLE_PLATE_TSA,0,2,2,2.0,CFU/plate,0,50,25.0,T,A,dpatel,2026-06-13T09:00:00,jchen,2026-06-13T12:00:00,T
903785,503785,VIABLE_AIR_USP,0,15,15,15.0,CFU/m3,0,200,100.0,T,A,dpatel,2026-06-12T13:00:00,tolawale,2026-06-13T00:00:00,T
903786,503786,SETTLE_PLATE_TSA,0,9,9,9.0,CFU/plate,0,100,50.0,T,A,mrodriguez,2026-06-12T14:00:00,skwon,2026-06-13T17:00:00,T
903787,503787,VIABLE_AIR_USP,0,16,16,16.0,CFU/m3,0,400,200.0,T,A,skwon,2026-06-12T16:00:00,anguyen,2026-06-13T18:00:00,T
903788,503788,SETTLE_PLATE_TSA,0,0,0,0.0,CFU/plate,0,1,1.0,T,A,skwon,2026-06-13T11:00:00,anguyen,2026-06-14T05:00:00,T
903789,503789,VIABLE_AIR_USP,0,0,0,0.0,CFU/m3,0,1,1.0,T,A,anguyen,2026-06-14T10:00:00,mrodriguez,2026-06-15T04:00:00,T
903790,503790,SETTLE_PLATE_TSA,0,0,0,0.0,CFU/plate,0,5,3.0,T,A,skwon,2026-06-13T15:00:00,dpatel,2026-06-14T07:00:00,T
903791,503791,VIABLE_AIR_USP,0,0,0,0.0,CFU/m3,0,20,10.0,T,A,anguyen,2026-06-14T13:00:00,dpatel,2026-06-14T20:00:00,T
903792,503792,SETTLE_PLATE_TSA,0,1,1,1.0,CFU/plate,0,50,25.0,T,A,skwon,2026-06-13T08:00:00,jchen,2026-06-14T14:00:00,T
903793,503793,VIABLE_AIR_USP,0,11,11,11.0,CFU/m3,0,200,100.0,T,A,tolawale,2026-06-13T14:00:00,tolawale,2026-06-14T00:00:00,T
903794,503794,SETTLE_PLATE_TSA,0,6,6,6.0,CFU/plate,0,100,50.0,T,A,mrodriguez,2026-06-13T13:00:00,skwon,2026-06-14T02:00:00,T
903795,503795,VIABLE_AIR_USP,0,23,23,23.0,CFU/m3,0,400,200.0,T,A,jchen,2026-06-14T10:00:00,tolawale,2026-06-15T08:00:00,T
903796,503796,SETTLE_PLATE_TSA,0,0,0,0.0,CFU/plate,0,1,1.0,T,A,jchen,2026-06-14T12:00:00,dpatel,2026-06-14T22:00:00,T
903797,503797,VIABLE_AIR_USP,0,0,0,0.0,CFU/m3,0,1,1.0,T,A,tolawale,2026-06-14T14:00:00,dpatel,2026-06-15T19:00:00,T
903798,503798,SETTLE_PLATE_TSA,0,0,0,0.0,CFU/plate,0,5,3.0,T,A,anguyen,2026-06-15T18:00:00,tolawale,2026-06-16T23:00:00,T
903799,503799,VIABLE_AIR_USP,0,3,3,3.0,CFU/m3,0,20,10.0,T,A,dpatel,2026-06-15T14:00:00,dpatel,2026-06-16T00:00:00,T
903800,503800,SETTLE_PLATE_TSA,0,1,1,1.0,CFU/plate,0,50,25.0,T,A,anguyen,2026-06-15T08:00:00,anguyen,2026-06-16T01:00:00,T
903801,503801,VIABLE_AIR_USP,0,10,10,10.0,CFU/m3,0,200,100.0,T,A,mrodriguez,2026-06-15T10:00:00,skwon,2026-06-16T02:00:00,T
903802,503802,SETTLE_PLATE_TSA,0,4,4,4.0,CFU/plate,0,100,50.0,T,A,dpatel,2026-06-14T14:00:00,anguyen,2026-06-15T06:00:00,T
903803,503803,VIABLE_AIR_USP,0,23,23,23.0,CFU/m3,0,400,200.0,T,A,tolawale,2026-06-15T17:00:00,dpatel,2026-06-16T05:00:00,T
903804,503804,SETTLE_PLATE_TSA,0,0,0,0.0,CFU/plate,0,1,1.0,T,A,dpatel,2026-06-15T13:00:00,anguyen,2026-06-15T15:00:00,T
903805,503805,VIABLE_AIR_USP,0,0,0,0.0,CFU/m3,0,1,1.0,T,A,tolawale,2026-06-15T13:00:00,tolawale,2026-06-16T19:00:00,T
903806,503806,SETTLE_PLATE_TSA,0,0,0,0.0,CFU/plate,0,5,3.0,T,A,mrodriguez,2026-06-16T10:00:00,mrodriguez,2026-06-17T10:00:00,T
903807,503807,VIABLE_AIR_USP,0,1,1,1.0,CFU/m3,0,20,10.0,T,A,anguyen,2026-06-15T09:00:00,anguyen,2026-06-16T13:00:00,T
903808,503808,SETTLE_PLATE_TSA,0,0,0,0.0,CFU/plate,0,50,25.0,T,A,anguyen,2026-06-16T15:00:00,dpatel,2026-06-16T20:00:00,T
903809,503809,VIABLE_AIR_USP,0,5,5,5.0,CFU/m3,0,200,100.0,T,A,mrodriguez,2026-06-15T09:00:00,jchen,2026-06-16T12:00:00,T
903810,503810,SETTLE_PLATE_TSA,0,9,9,9.0,CFU/plate,0,100,50.0,T,A,dpatel,2026-06-16T13:00:00,jchen,2026-06-16T18:00:00,T
903811,503811,VIABLE_AIR_USP,0,24,24,24.0,CFU/m3,0,400,200.0,T,A,skwon,2026-06-16T10:00:00,mrodriguez,2026-06-16T19:00:00,T
903812,503812,BIOBURDEN_USP61,0,2,2,2.0,CFU/device,0,100,50.0,T,A,anguyen,2026-06-16T06:00:00,dpatel,2026-06-16T13:00:00,T
903813,503813,LAL_KINETIC,0,1.95,1.95,1.95,EU/device,0,20,10.0,T,A,dpatel,2026-06-16T09:00:00,jchen,2026-06-16T17:00:00,T
903814,503814,SETTLE_PLATE_TSA,0,0,0,0.0,CFU/plate,0,1,1.0,T,A,tolawale,2026-06-23T12:00:00,anguyen,2026-06-24T07:00:00,T
903815,503815,VIABLE_AIR_USP,0,0,0,0.0,CFU/m3,0,1,1.0,T,A,skwon,2026-06-17T10:00:00,anguyen,2026-06-17T23:00:00,T
903816,503816,SETTLE_PLATE_TSA,0,0,0,0.0,CFU/plate,0,5,3.0,T,A,mrodriguez,2026-06-17T13:00:00,jchen,2026-06-17T17:00:00,T
903817,503817,VIABLE_AIR_USP,0,3,3,3.0,CFU/m3,0,20,10.0,T,A,tolawale,2026-06-17T12:00:00,tolawale,2026-06-17T16:00:00,T
903818,503818,SETTLE_PLATE_TSA,0,1,1,1.0,CFU/plate,0,50,25.0,T,A,skwon,2026-06-17T13:00:00,tolawale,2026-06-18T03:00:00,T
903819,503819,VIABLE_AIR_USP,0,9,9,9.0,CFU/m3,0,200,100.0,T,A,mrodriguez,2026-06-16T16:00:00,jchen,2026-06-17T03:00:00,T
903820,503820,SETTLE_PLATE_TSA,0,3,3,3.0,CFU/plate,0,100,50.0,T,A,jchen,2026-06-16T15:00:00,jchen,2026-06-17T10:00:00,T
903821,503821,VIABLE_AIR_USP,0,18,18,18.0,CFU/m3,0,400,200.0,T,A,mrodriguez,2026-06-16T10:00:00,skwon,2026-06-17T15:00:00,T
903822,503822,SETTLE_PLATE_TSA,0,0,0,0.0,CFU/plate,0,1,1.0,T,A,skwon,2026-06-18T15:00:00,skwon,2026-06-19T05:00:00,T
903823,503823,VIABLE_AIR_USP,0,0,0,0.0,CFU/m3,0,1,1.0,T,A,mrodriguez,2026-06-18T14:00:00,mrodriguez,2026-06-18T16:00:00,T
903824,503824,SETTLE_PLATE_TSA,0,0,0,0.0,CFU/plate,0,5,3.0,T,A,skwon,2026-06-18T16:00:00,jchen,2026-06-18T20:00:00,T
903825,503825,VIABLE_AIR_USP,0,0,0,0.0,CFU/m3,0,20,10.0,T,A,mrodriguez,2026-06-18T15:00:00,tolawale,2026-06-19T19:00:00,T
903826,503826,SETTLE_PLATE_TSA,0,3,3,3.0,CFU/plate,0,50,25.0,T,A,skwon,2026-06-17T15:00:00,tolawale,2026-06-18T08:00:00,T
903827,503827,VIABLE_AIR_USP,0,10,10,10.0,CFU/m3,0,200,100.0,T,A,dpatel,2026-06-18T14:00:00,anguyen,2026-06-19T03:00:00,T
903828,503828,SETTLE_PLATE_TSA,0,2,2,2.0,CFU/plate,0,100,50.0,T,A,skwon,2026-06-17T09:00:00,skwon,2026-06-18T04:00:00,T
903829,503829,VIABLE_AIR_USP,0,20,20,20.0,CFU/m3,0,400,200.0,T,A,dpatel,2026-06-18T06:00:00,mrodriguez,2026-06-19T08:00:00,T
903830,503830,SETTLE_PLATE_TSA,0,0,0,0.0,CFU/plate,0,1,1.0,T,A,skwon,2026-06-18T15:00:00,tolawale,2026-06-19T21:00:00,T
903831,503831,VIABLE_AIR_USP,0,0,0,0.0,CFU/m3,0,1,1.0,T,A,jchen,2026-06-18T11:00:00,skwon,2026-06-19T14:00:00,T
903832,503832,SETTLE_PLATE_TSA,0,0,0,0.0,CFU/plate,0,5,3.0,T,A,tolawale,2026-06-19T14:00:00,jchen,2026-06-20T04:00:00,T
903833,503833,VIABLE_AIR_USP,0,0,0,0.0,CFU/m3,0,20,10.0,T,A,anguyen,2026-06-19T14:00:00,mrodriguez,2026-06-20T07:00:00,T
903834,503834,SETTLE_PLATE_TSA,0,1,1,1.0,CFU/plate,0,50,25.0,T,A,anguyen,2026-06-18T11:00:00,dpatel,2026-06-19T06:00:00,T
903835,503835,VIABLE_AIR_USP,0,6,6,6.0,CFU/m3,0,200,100.0,T,A,tolawale,2026-06-18T15:00:00,mrodriguez,2026-06-19T21:00:00,T
903836,503836,SETTLE_PLATE_TSA,0,5,5,5.0,CFU/plate,0,100,50.0,T,A,anguyen,2026-06-19T10:00:00,jchen,2026-06-20T01:00:00,T
903837,503837,VIABLE_AIR_USP,0,15,15,15.0,CFU/m3,0,400,200.0,T,A,tolawale,2026-06-19T09:00:00,mrodriguez,2026-06-19T12:00:00,T
903838,503838,SETTLE_PLATE_TSA,0,0,0,0.0,CFU/plate,0,1,1.0,T,A,mrodriguez,2026-06-19T08:00:00,anguyen,2026-06-19T17:00:00,T
903839,503839,VIABLE_AIR_USP,0,0,0,0.0,CFU/m3,0,1,1.0,T,A,mrodriguez,2026-06-19T14:00:00,anguyen,2026-06-20T05:00:00,T
903840,503840,SETTLE_PLATE_TSA,0,0,0,0.0,CFU/plate,0,5,3.0,T,A,jchen,2026-06-19T07:00:00,mrodriguez,2026-06-19T20:00:00,T
903841,503841,VIABLE_AIR_USP,0,2,2,2.0,CFU/m3,0,20,10.0,T,A,dpatel,2026-06-19T09:00:00,skwon,2026-06-20T07:00:00,T
903842,503842,SETTLE_PLATE_TSA,0,6,6,6.0,CFU/plate,0,50,25.0,T,A,jchen,2026-06-20T14:00:00,tolawale,2026-06-21T11:00:00,T
903843,503843,VIABLE_AIR_USP,0,7,7,7.0,CFU/m3,0,200,100.0,T,A,tolawale,2026-06-20T14:00:00,anguyen,2026-06-21T07:00:00,T
903844,503844,SETTLE_PLATE_TSA,0,5,5,5.0,CFU/plate,0,100,50.0,T,A,jchen,2026-06-20T11:00:00,skwon,2026-06-21T11:00:00,T
903845,503845,VIABLE_AIR_USP,0,28,28,28.0,CFU/m3,0,400,200.0,T,A,skwon,2026-06-20T10:00:00,anguyen,2026-06-21T16:00:00,T
903846,503846,SETTLE_PLATE_TSA,0,0,0,0.0,CFU/plate,0,1,1.0,T,A,tolawale,2026-06-21T09:00:00,skwon,2026-06-22T12:00:00,T
903847,503847,VIABLE_AIR_USP,0,0,0,0.0,CFU/m3,0,1,1.0,T,A,tolawale,2026-06-20T11:00:00,dpatel,2026-06-21T01:00:00,T
903848,503848,SETTLE_PLATE_TSA,0,1,1,1.0,CFU/plate,0,5,3.0,T,A,tolawale,2026-06-20T14:00:00,skwon,2026-06-21T18:00:00,T
903849,503849,VIABLE_AIR_USP,0,0,0,0.0,CFU/m3,0,20,10.0,T,A,dpatel,2026-06-20T08:00:00,mrodriguez,2026-06-21T11:00:00,T
903850,503850,SETTLE_PLATE_TSA,0,7,7,7.0,CFU/plate,0,50,25.0,T,A,dpatel,2026-06-20T18:00:00,mrodriguez,2026-06-21T19:00:00,T
903851,503851,VIABLE_AIR_USP,0,7,7,7.0,CFU/m3,0,200,100.0,T,A,mrodriguez,2026-06-21T09:00:00,jchen,2026-06-21T16:00:00,T
903852,503852,SETTLE_PLATE_TSA,0,3,3,3.0,CFU/plate,0,100,50.0,T,A,jchen,2026-06-20T11:00:00,mrodriguez,2026-06-21T13:00:00,T
903853,503853,VIABLE_AIR_USP,0,23,23,23.0,CFU/m3,0,400,200.0,T,A,anguyen,2026-06-20T07:00:00,jchen,2026-06-21T11:00:00,T
903854,503854,SETTLE_PLATE_TSA,0,0,0,0.0,CFU/plate,0,1,1.0,T,A,dpatel,2026-06-22T07:00:00,dpatel,2026-06-23T07:00:00,T
903855,503855,VIABLE_AIR_USP,0,0,0,0.0,CFU/m3,0,1,1.0,T,A,anguyen,2026-06-21T11:00:00,mrodriguez,2026-06-22T14:00:00,T
903856,503856,SETTLE_PLATE_TSA,0,1,1,1.0,CFU/plate,0,5,3.0,T,A,skwon,2026-06-28T09:00:00,mrodriguez,2026-06-29T12:00:00,T
903857,503857,VIABLE_AIR_USP,0,4,4,4.0,CFU/m3,0,20,10.0,T,A,dpatel,2026-06-22T14:00:00,mrodriguez,2026-06-22T18:00:00,T
903858,503858,SETTLE_PLATE_TSA,0,2,2,2.0,CFU/plate,0,50,25.0,T,A,skwon,2026-06-22T16:00:00,jchen,2026-06-23T11:00:00,T
903859,503859,VIABLE_AIR_USP,0,16,16,16.0,CFU/m3,0,200,100.0,T,A,dpatel,2026-06-21T08:00:00,mrodriguez,2026-06-21T14:00:00,T
903860,503860,SETTLE_PLATE_TSA,0,5,5,5.0,CFU/plate,0,100,50.0,T,A,jchen,2026-06-21T11:00:00,dpatel,2026-06-21T22:00:00,T
903861,503861,VIABLE_AIR_USP,0,19,19,19.0,CFU/m3,0,400,200.0,T,A,anguyen,2026-06-21T15:00:00,anguyen,2026-06-22T10:00:00,T
903862,503862,SETTLE_PLATE_TSA,0,0,0,0.0,CFU/plate,0,1,1.0,T,A,tolawale,2026-06-23T11:00:00,anguyen,2026-06-23T19:00:00,T
903863,503863,VIABLE_AIR_USP,0,0,0,0.0,CFU/m3,0,1,1.0,T,A,anguyen,2026-06-26T11:00:00,mrodriguez,2026-06-27T10:00:00,T
903864,503864,SETTLE_PLATE_TSA,0,1,1,1.0,CFU/plate,0,5,3.0,T,A,jchen,2026-06-22T10:00:00,tolawale,2026-06-23T12:00:00,T
903865,503865,VIABLE_AIR_USP,0,1,1,1.0,CFU/m3,0,20,10.0,T,A,dpatel,2026-06-22T13:00:00,tolawale,2026-06-22T17:00:00,T
903866,503866,SETTLE_PLATE_TSA,0,3,3,3.0,CFU/plate,0,50,25.0,T,A,jchen,2026-06-23T14:00:00,jchen,2026-06-23T17:00:00,T
903867,503867,VIABLE_AIR_USP,0,14,14,14.0,CFU/m3,0,200,100.0,T,A,mrodriguez,2026-06-26T11:00:00,anguyen,2026-06-27T14:00:00,T
903868,503868,SETTLE_PLATE_TSA,0,11,11,11.0,CFU/plate,0,100,50.0,T,A,jchen,2026-06-23T15:00:00,tolawale,2026-06-24T04:00:00,T
903869,503869,VIABLE_AIR_USP,0,22,22,22.0,CFU/m3,0,400,200.0,T,A,tolawale,2026-06-23T10:00:00,skwon,2026-06-23T19:00:00,T
903870,503870,BIOBURDEN_USP61,0,9,9,9.0,CFU/device,0,100,50.0,T,A,jchen,2026-06-22T09:00:00,anguyen,2026-06-23T02:00:00,T
903871,503871,LAL_KINETIC,0,0.65,0.65,0.65,EU/device,0,20,10.0,T,A,jchen,2026-06-24T06:00:00,tolawale,2026-06-24T09:00:00,T
903872,503872,BIOBURDEN_USP61,0,3,3,3.0,CFU/device,0,100,50.0,T,A,anguyen,2026-06-24T07:00:00,jchen,2026-06-24T21:00:00,T
903873,503873,LAL_KINETIC,0,0.97,0.97,0.97,EU/device,0,20,10.0,T,A,skwon,2026-06-23T09:00:00,dpatel,2026-06-23T11:00:00,T
903874,503874,SETTLE_PLATE_TSA,0,0,0,0.0,CFU/plate,0,1,1.0,T,A,skwon,2026-06-23T12:00:00,mrodriguez,2026-06-24T14:00:00,T
903875,503875,VIABLE_AIR_USP,0,0,0,0.0,CFU/m3,0,1,1.0,T,A,jchen,2026-06-24T14:00:00,jchen,2026-06-25T18:00:00,T
903876,503876,SETTLE_PLATE_TSA,0,0,0,0.0,CFU/plate,0,5,3.0,T,A,tolawale,2026-06-29T11:00:00,mrodriguez,2026-06-29T20:00:00,T
903877,503877,VIABLE_AIR_USP,0,5,5,5.0,CFU/m3,0,20,10.0,T,A,skwon,2026-06-24T10:00:00,anguyen,2026-06-24T21:00:00,T
903878,503878,SETTLE_PLATE_TSA,0,2,2,2.0,CFU/plate,0,50,25.0,T,A,anguyen,2026-06-23T10:00:00,anguyen,2026-06-24T02:00:00,T
903879,503879,VIABLE_AIR_USP,0,13,13,13.0,CFU/m3,0,200,100.0,T,A,skwon,2026-06-24T18:00:00,mrodriguez,2026-06-25T22:00:00,T
903880,503880,SETTLE_PLATE_TSA,0,7,7,7.0,CFU/plate,0,100,50.0,T,A,dpatel,2026-06-23T11:00:00,anguyen,2026-06-24T08:00:00,T
903881,503881,VIABLE_AIR_USP,0,19,19,19.0,CFU/m3,0,400,200.0,T,A,mrodriguez,2026-06-23T09:00:00,anguyen,2026-06-24T00:00:00,T
903882,503882,SETTLE_PLATE_TSA,0,1,1,1.0,CFU/plate,0,1,1.0,F,A,tolawale,2026-06-25T13:00:00,anguyen,2026-06-25T19:00:00,T
903883,503883,VIABLE_AIR_USP,0,0,0,0.0,CFU/m3,0,1,1.0,T,A,dpatel,2026-06-25T15:00:00,anguyen,2026-06-26T06:00:00,T
903884,503884,SETTLE_PLATE_TSA,0,0,0,0.0,CFU/plate,0,5,3.0,T,A,jchen,2026-06-25T09:00:00,skwon,2026-06-25T15:00:00,T
903885,503885,VIABLE_AIR_USP,0,5,5,5.0,CFU/m3,0,20,10.0,T,A,dpatel,2026-06-24T16:00:00,jchen,2026-06-25T09:00:00,T
903886,503886,SETTLE_PLATE_TSA,0,1,1,1.0,CFU/plate,0,50,25.0,T,A,dpatel,2026-06-27T11:00:00,dpatel,2026-06-28T12:00:00,T
903887,503887,VIABLE_AIR_USP,0,11,11,11.0,CFU/m3,0,200,100.0,T,A,skwon,2026-06-24T12:00:00,tolawale,2026-06-25T12:00:00,T
903888,503888,SETTLE_PLATE_TSA,0,4,4,4.0,CFU/plate,0,100,50.0,T,A,skwon,2026-06-24T07:00:00,jchen,2026-06-24T18:00:00,T
903889,503889,VIABLE_AIR_USP,0,23,23,23.0,CFU/m3,0,400,200.0,T,A,jchen,2026-06-24T15:00:00,jchen,2026-06-25T16:00:00,T
903890,503890,SETTLE_PLATE_TSA,0,0,0,0.0,CFU/plate,0,1,1.0,T,A,tolawale,2026-06-26T13:00:00,tolawale,2026-06-26T23:00:00,T
903891,503891,VIABLE_AIR_USP,0,0,0,0.0,CFU/m3,0,1,1.0,T,A,skwon,2026-06-26T10:00:00,jchen,2026-06-27T03:00:00,T
903892,503892,SETTLE_PLATE_TSA,0,0,0,0.0,CFU/plate,0,5,3.0,T,A,dpatel,2026-06-26T12:00:00,anguyen,2026-06-26T22:00:00,T
903893,503893,VIABLE_AIR_USP,0,4,4,4.0,CFU/m3,0,20,10.0,T,A,skwon,2026-06-29T09:00:00,jchen,2026-06-30T14:00:00,T
903894,503894,SETTLE_PLATE_TSA,0,6,6,6.0,CFU/plate,0,50,25.0,T,A,mrodriguez,2026-06-25T10:00:00,anguyen,2026-06-26T04:00:00,T
903895,503895,VIABLE_AIR_USP,0,7,7,7.0,CFU/m3,0,200,100.0,T,A,tolawale,2026-06-25T15:00:00,skwon,2026-06-26T16:00:00,T
903896,503896,SETTLE_PLATE_TSA,0,3,3,3.0,CFU/plate,0,100,50.0,T,A,dpatel,2026-06-25T15:00:00,tolawale,2026-06-26T19:00:00,T
903897,503897,VIABLE_AIR_USP,0,18,18,18.0,CFU/m3,0,400,200.0,T,A,mrodriguez,2026-06-25T16:00:00,jchen,2026-06-26T15:00:00,T
903898,503898,SETTLE_PLATE_TSA,0,0,0,0.0,CFU/plate,0,1,1.0,T,A,skwon,2026-06-27T07:00:00,anguyen,2026-06-27T16:00:00,T
903899,503899,VIABLE_AIR_USP,0,0,0,0.0,CFU/m3,0,1,1.0,T,A,dpatel,2026-06-27T17:00:00,tolawale,2026-06-27T20:00:00,T
903900,503900,SETTLE_PLATE_TSA,0,0,0,0.0,CFU/plate,0,5,3.0,T,A,dpatel,2026-06-27T11:00:00,anguyen,2026-06-27T22:00:00,T
903901,503901,VIABLE_AIR_USP,0,0,0,0.0,CFU/m3,0,20,10.0,T,A,dpatel,2026-06-27T14:00:00,dpatel,2026-06-28T10:00:00,T
903902,503902,SETTLE_PLATE_TSA,0,3,3,3.0,CFU/plate,0,50,25.0,T,A,tolawale,2026-06-27T15:00:00,dpatel,2026-06-27T21:00:00,T
903903,503903,VIABLE_AIR_USP,0,12,12,12.0,CFU/m3,0,200,100.0,T,A,jchen,2026-06-26T13:00:00,dpatel,2026-06-26T21:00:00,T
903904,503904,SETTLE_PLATE_TSA,0,2,2,2.0,CFU/plate,0,100,50.0,T,A,anguyen,2026-06-27T09:00:00,tolawale,2026-06-28T13:00:00,T
903905,503905,VIABLE_AIR_USP,0,21,21,21.0,CFU/m3,0,400,200.0,T,A,mrodriguez,2026-06-27T08:00:00,jchen,2026-06-28T07:00:00,T
903906,503906,SETTLE_PLATE_TSA,0,0,0,0.0,CFU/plate,0,1,1.0,T,A,skwon,2026-06-27T08:00:00,anguyen,2026-06-28T07:00:00,T
903907,503907,VIABLE_AIR_USP,0,0,0,0.0,CFU/m3,0,1,1.0,T,A,skwon,2026-06-27T11:00:00,anguyen,2026-06-27T14:00:00,T
903908,503908,SETTLE_PLATE_TSA,0,0,0,0.0,CFU/plate,0,5,3.0,T,A,tolawale,2026-06-28T08:00:00,tolawale,2026-06-29T06:00:00,T
903909,503909,VIABLE_AIR_USP,0,2,2,2.0,CFU/m3,0,20,10.0,T,A,dpatel,2026-06-27T15:00:00,mrodriguez,2026-06-27T23:00:00,T
903910,503910,SETTLE_PLATE_TSA,0,5,5,5.0,CFU/plate,0,50,25.0,T,A,skwon,2026-06-28T17:00:00,jchen,2026-06-29T13:00:00,T
903911,503911,VIABLE_AIR_USP,0,13,13,13.0,CFU/m3,0,200,100.0,T,A,mrodriguez,2026-06-28T12:00:00,skwon,2026-06-28T22:00:00,T
903912,503912,SETTLE_PLATE_TSA,0,3,3,3.0,CFU/plate,0,100,50.0,T,A,jchen,2026-06-27T07:00:00,skwon,2026-06-28T11:00:00,T
903913,503913,VIABLE_AIR_USP,0,23,23,23.0,CFU/m3,0,400,200.0,T,A,anguyen,2026-06-27T17:00:00,jchen,2026-06-28T18:00:00,T
903914,503914,SETTLE_PLATE_TSA,0,0,0,0.0,CFU/plate,0,1,1.0,T,A,jchen,2026-06-29T10:00:00,tolawale,2026-06-29T20:00:00,T
903915,503915,VIABLE_AIR_USP,0,0,0,0.0,CFU/m3,0,1,1.0,T,A,anguyen,2026-06-28T06:00:00,skwon,2026-06-29T08:00:00,T
903916,503916,SETTLE_PLATE_TSA,0,1,1,1.0,CFU/plate,0,5,3.0,T,A,tolawale,2026-06-29T10:00:00,anguyen,2026-06-30T11:00:00,T
903917,503917,VIABLE_AIR_USP,0,2,2,2.0,CFU/m3,0,20,10.0,T,A,tolawale,2026-06-29T15:00:00,tolawale,2026-06-30T02:00:00,T
903918,503918,SETTLE_PLATE_TSA,0,3,3,3.0,CFU/plate,0,50,25.0,T,A,skwon,2026-07-04T17:00:00,tolawale,2026-07-05T12:00:00,T
903919,503919,VIABLE_AIR_USP,0,12,12,12.0,CFU/m3,0,200,100.0,T,A,mrodriguez,2026-06-28T09:00:00,tolawale,2026-06-28T13:00:00,T
903920,503920,SETTLE_PLATE_TSA,0,2,2,2.0,CFU/plate,0,100,50.0,T,A,mrodriguez,2026-06-29T17:00:00,jchen,2026-06-30T13:00:00,T
903921,503921,VIABLE_AIR_USP,0,27,27,27.0,CFU/m3,0,400,200.0,T,A,skwon,2026-06-28T17:00:00,tolawale,2026-06-29T08:00:00,T
903922,503922,SETTLE_PLATE_TSA,0,0,0,0.0,CFU/plate,0,1,1.0,T,A,anguyen,2026-06-30T14:00:00,dpatel,2026-06-30T18:00:00,T
903923,503923,VIABLE_AIR_USP,0,0,0,0.0,CFU/m3,0,1,1.0,T,A,mrodriguez,2026-06-29T10:00:00,tolawale,2026-06-29T18:00:00,T
903924,503924,SETTLE_PLATE_TSA,0,2,2,2.0,CFU/plate,0,5,3.0,T,A,jchen,2026-06-29T17:00:00,anguyen,2026-06-30T11:00:00,T
903925,503925,VIABLE_AIR_USP,0,2,2,2.0,CFU/m3,0,20,10.0,T,A,tolawale,2026-06-30T12:00:00,skwon,2026-06-30T19:00:00,T
903926,503926,SETTLE_PLATE_TSA,0,3,3,3.0,CFU/plate,0,50,25.0,T,A,anguyen,2026-06-29T10:00:00,anguyen,2026-06-30T04:00:00,T
903927,503927,VIABLE_AIR_USP,0,12,12,12.0,CFU/m3,0,200,100.0,T,A,skwon,2026-06-30T15:00:00,anguyen,2026-07-01T14:00:00,T
903928,503928,SETTLE_PLATE_TSA,0,4,4,4.0,CFU/plate,0,100,50.0,T,A,dpatel,2026-06-30T14:00:00,skwon,2026-07-01T04:00:00,T
903929,503929,VIABLE_AIR_USP,0,19,19,19.0,CFU/m3,0,400,200.0,T,A,skwon,2026-06-30T10:00:00,anguyen,2026-07-01T12:00:00,T
903930,503930,SETTLE_PLATE_TSA,0,0,0,0.0,CFU/plate,0,1,1.0,T,A,skwon,2026-06-30T09:00:00,dpatel,2026-06-30T17:00:00,T
903931,503931,VIABLE_AIR_USP,0,1,1,1.0,CFU/m3,0,1,1.0,F,A,jchen,2026-06-30T13:00:00,jchen,2026-07-01T10:00:00,T
903932,503932,SETTLE_PLATE_TSA,0,1,1,1.0,CFU/plate,0,5,3.0,T,A,mrodriguez,2026-07-01T15:00:00,jchen,2026-07-02T00:00:00,T
903933,503933,VIABLE_AIR_USP,0,0,0,0.0,CFU/m3,0,20,10.0,T,A,skwon,2026-07-01T06:00:00,mrodriguez,2026-07-02T07:00:00,T
903934,503934,SETTLE_PLATE_TSA,0,3,3,3.0,CFU/plate,0,50,25.0,T,A,dpatel,2026-06-30T14:00:00,tolawale,2026-07-01T06:00:00,T
903935,503935,VIABLE_AIR_USP,0,7,7,7.0,CFU/m3,0,200,100.0,T,A,mrodriguez,2026-06-30T13:00:00,anguyen,2026-07-01T15:00:00,T
903936,503936,SETTLE_PLATE_TSA,0,3,3,3.0,CFU/plate,0,100,50.0,T,A,tolawale,2026-06-30T12:00:00,anguyen,2026-07-01T13:00:00,T
903937,503937,VIABLE_AIR_USP,0,23,23,23.0,CFU/m3,0,400,200.0,T,A,mrodriguez,2026-06-30T10:00:00,mrodriguez,2026-06-30T20:00:00,T
903938,503938,SETTLE_PLATE_TSA,0,0,0,0.0,CFU/plate,0,1,1.0,T,A,mrodriguez,2026-07-01T16:00:00,skwon,2026-07-01T22:00:00,T
903939,503939,VIABLE_AIR_USP,0,0,0,0.0,CFU/m3,0,1,1.0,T,A,dpatel,2026-07-01T08:00:00,mrodriguez,2026-07-01T11:00:00,T
903940,503940,SETTLE_PLATE_TSA,0,0,0,0.0,CFU/plate,0,5,3.0,T,A,jchen,2026-07-02T08:00:00,dpatel,2026-07-03T06:00:00,T
903941,503941,VIABLE_AIR_USP,0,4,4,4.0,CFU/m3,0,20,10.0,T,A,mrodriguez,2026-07-01T10:00:00,mrodriguez,2026-07-01T18:00:00,T
903942,503942,SETTLE_PLATE_TSA,0,1,1,1.0,CFU/plate,0,50,25.0,T,A,tolawale,2026-07-01T14:00:00,skwon,2026-07-02T00:00:00,T
903943,503943,VIABLE_AIR_USP,0,11,11,11.0,CFU/m3,0,200,100.0,T,A,mrodriguez,2026-07-02T14:00:00,dpatel,2026-07-03T12:00:00,T
903944,503944,SETTLE_PLATE_TSA,0,2,2,2.0,CFU/plate,0,100,50.0,T,A,anguyen,2026-07-02T07:00:00,anguyen,2026-07-03T00:00:00,T
903945,503945,VIABLE_AIR_USP,0,19,19,19.0,CFU/m3,0,400,200.0,T,A,jchen,2026-07-02T14:00:00,dpatel,2026-07-03T03:00:00,T
903946,503946,SETTLE_PLATE_TSA,0,0,0,0.0,CFU/plate,0,1,1.0,T,A,jchen,2026-07-02T14:00:00,mrodriguez,2026-07-03T11:00:00,T
903947,503947,VIABLE_AIR_USP,0,1,1,1.0,CFU/m3,0,1,1.0,F,A,dpatel,2026-07-02T13:00:00,anguyen,2026-07-02T21:00:00,T
903948,503948,SETTLE_PLATE_TSA,0,0,0,0.0,CFU/plate,0,5,3.0,T,A,tolawale,2026-07-02T08:00:00,skwon,2026-07-02T17:00:00,T
903949,503949,VIABLE_AIR_USP,0,3,3,3.0,CFU/m3,0,20,10.0,T,A,skwon,2026-07-02T13:00:00,dpatel,2026-07-02T17:00:00,T
903950,503950,SETTLE_PLATE_TSA,0,3,3,3.0,CFU/plate,0,50,25.0,T,A,anguyen,2026-07-03T11:00:00,jchen,2026-07-04T14:00:00,T
903951,503951,VIABLE_AIR_USP,0,11,11,11.0,CFU/m3,0,200,100.0,T,A,mrodriguez,2026-07-03T12:00:00,tolawale,2026-07-04T03:00:00,T
903952,503952,SETTLE_PLATE_TSA,0,3,3,3.0,CFU/plate,0,100,50.0,T,A,tolawale,2026-07-03T16:00:00,jchen,2026-07-04T07:00:00,T
903953,503953,VIABLE_AIR_USP,0,12,12,12.0,CFU/m3,0,400,200.0,T,A,anguyen,2026-07-03T13:00:00,anguyen,2026-07-03T19:00:00,T
903954,503954,SETTLE_PLATE_TSA,0,0,0,0.0,CFU/plate,0,1,1.0,T,A,tolawale,2026-07-10T11:00:00,mrodriguez,2026-07-10T18:00:00,T
903955,503955,VIABLE_AIR_USP,0,0,0,0.0,CFU/m3,0,1,1.0,T,A,mrodriguez,2026-07-04T14:00:00,mrodriguez,2026-07-05T10:00:00,T
903956,503956,SETTLE_PLATE_TSA,0,1,1,1.0,CFU/plate,0,5,3.0,T,A,mrodriguez,2026-07-04T11:00:00,dpatel,2026-07-05T08:00:00,T
903957,503957,VIABLE_AIR_USP,0,3,3,3.0,CFU/m3,0,20,10.0,T,A,dpatel,2026-07-10T15:00:00,dpatel,2026-07-11T03:00:00,T
903958,503958,SETTLE_PLATE_TSA,0,2,2,2.0,CFU/plate,0,50,25.0,T,A,mrodriguez,2026-07-03T16:00:00,jchen,2026-07-04T09:00:00,T
903959,503959,VIABLE_AIR_USP,0,9,9,9.0,CFU/m3,0,200,100.0,T,A,jchen,2026-07-04T09:00:00,skwon,2026-07-04T23:00:00,T
903960,503960,SETTLE_PLATE_TSA,0,1,1,1.0,CFU/plate,0,100,50.0,T,A,tolawale,2026-07-04T11:00:00,mrodriguez,2026-07-05T12:00:00,T
903961,503961,VIABLE_AIR_USP,0,20,20,20.0,CFU/m3,0,400,200.0,T,A,dpatel,2026-07-04T11:00:00,anguyen,2026-07-05T07:00:00,T
903962,503962,SETTLE_PLATE_TSA,0,0,0,0.0,CFU/plate,0,1,1.0,T,A,jchen,2026-07-04T09:00:00,dpatel,2026-07-05T06:00:00,T
903963,503963,VIABLE_AIR_USP,0,0,0,0.0,CFU/m3,0,1,1.0,T,A,skwon,2026-07-04T16:00:00,mrodriguez,2026-07-05T00:00:00,T
903964,503964,SETTLE_PLATE_TSA,0,0,0,0.0,CFU/plate,0,5,3.0,T,A,anguyen,2026-07-04T16:00:00,anguyen,2026-07-05T10:00:00,T
903965,503965,VIABLE_AIR_USP,0,7,7,7.0,CFU/m3,0,20,10.0,T,A,jchen,2026-07-05T08:00:00,tolawale,2026-07-06T11:00:00,T
903966,503966,SETTLE_PLATE_TSA,0,4,4,4.0,CFU/plate,0,50,25.0,T,A,jchen,2026-07-05T14:00:00,jchen,2026-07-06T12:00:00,T
903967,503967,VIABLE_AIR_USP,0,14,14,14.0,CFU/m3,0,200,100.0,T,A,skwon,2026-07-05T14:00:00,dpatel,2026-07-06T05:00:00,T
903968,503968,SETTLE_PLATE_TSA,0,5,5,5.0,CFU/plate,0,100,50.0,T,A,tolawale,2026-07-04T15:00:00,jchen,2026-07-05T07:00:00,T
903969,503969,VIABLE_AIR_USP,0,25,25,25.0,CFU/m3,0,400,200.0,T,A,mrodriguez,2026-07-04T13:00:00,dpatel,2026-07-05T03:00:00,T
903970,503970,SETTLE_PLATE_TSA,0,0,0,0.0,CFU/plate,0,1,1.0,T,A,mrodriguez,2026-07-06T17:00:00,anguyen,2026-07-07T09:00:00,T
903971,503971,VIABLE_AIR_USP,0,0,0,0.0,CFU/m3,0,1,1.0,T,A,anguyen,2026-07-06T14:00:00,dpatel,2026-07-06T23:00:00,T
903972,503972,SETTLE_PLATE_TSA,0,2,2,2.0,CFU/plate,0,5,3.0,T,A,dpatel,2026-07-05T16:00:00,dpatel,2026-07-05T23:00:00,T
903973,503973,VIABLE_AIR_USP,0,0,0,0.0,CFU/m3,0,20,10.0,T,A,jchen,2026-07-06T11:00:00,tolawale,2026-07-07T01:00:00,T
903974,503974,SETTLE_PLATE_TSA,0,2,2,2.0,CFU/plate,0,50,25.0,T,A,mrodriguez,2026-07-06T13:00:00,mrodriguez,2026-07-06T20:00:00,T
903975,503975,VIABLE_AIR_USP,0,11,11,11.0,CFU/m3,0,200,100.0,T,A,skwon,2026-07-09T16:00:00,jchen,2026-07-10T08:00:00,T
903976,503976,SETTLE_PLATE_TSA,0,7,7,7.0,CFU/plate,0,100,50.0,T,A,dpatel,2026-07-06T11:00:00,jchen,2026-07-07T01:00:00,T
903977,503977,VIABLE_AIR_USP,0,20,20,20.0,CFU/m3,0,400,200.0,T,A,jchen,2026-07-06T14:00:00,skwon,2026-07-07T06:00:00,T
903978,503978,SETTLE_PLATE_TSA,0,0,0,0.0,CFU/plate,0,1,1.0,T,A,tolawale,2026-07-06T12:00:00,mrodriguez,2026-07-06T16:00:00,T
903979,503979,VIABLE_AIR_USP,0,0,0,0.0,CFU/m3,0,1,1.0,T,A,jchen,2026-07-06T14:00:00,dpatel,2026-07-07T14:00:00,T
903980,503980,SETTLE_PLATE_TSA,0,0,0,0.0,CFU/plate,0,5,3.0,T,A,tolawale,2026-07-06T10:00:00,jchen,2026-07-06T13:00:00,T
903981,503981,VIABLE_AIR_USP,0,4,4,4.0,CFU/m3,0,20,10.0,T,A,mrodriguez,2026-07-07T12:00:00,skwon,2026-07-08T17:00:00,T
903982,503982,SETTLE_PLATE_TSA,0,4,4,4.0,CFU/plate,0,50,25.0,T,A,jchen,2026-07-06T17:00:00,tolawale,2026-07-07T05:00:00,T
903983,503983,VIABLE_AIR_USP,0,9,9,9.0,CFU/m3,0,200,100.0,T,A,mrodriguez,2026-07-07T09:00:00,jchen,2026-07-08T12:00:00,T
903984,503984,SETTLE_PLATE_TSA,0,3,3,3.0,CFU/plate,0,100,50.0,T,A,mrodriguez,2026-07-07T13:00:00,jchen,2026-07-07T18:00:00,T
903985,503985,VIABLE_AIR_USP,0,19,19,19.0,CFU/m3,0,400,200.0,T,A,jchen,2026-07-06T14:00:00,anguyen,2026-07-07T11:00:00,T
903986,503986,BIOBURDEN_USP61,0,3,3,3.0,CFU/device,0,100,50.0,T,A,dpatel,2026-07-06T08:00:00,tolawale,2026-07-07T04:00:00,T
903987,503987,LAL_KINETIC,0,1.19,1.19,1.19,EU/device,0,20,10.0,T,A,mrodriguez,2026-07-08T10:00:00,skwon,2026-07-09T01:00:00,T
903988,503988,SETTLE_PLATE_TSA,0,0,0,0.0,CFU/plate,0,1,1.0,T,A,skwon,2026-07-10T10:00:00,anguyen,2026-07-11T07:00:00,T
903989,503989,VIABLE_AIR_USP,0,0,0,0.0,CFU/m3,0,1,1.0,T,A,anguyen,2026-07-08T07:00:00,jchen,2026-07-09T00:00:00,T
903990,503990,SETTLE_PLATE_TSA,0,0,0,0.0,CFU/plate,0,5,3.0,T,A,anguyen,2026-07-07T08:00:00,dpatel,2026-07-08T10:00:00,T
903991,503991,VIABLE_AIR_USP,0,4,4,4.0,CFU/m3,0,20,10.0,T,A,mrodriguez,2026-07-12T07:00:00,mrodriguez,2026-07-13T06:00:00,T
903992,503992,SETTLE_PLATE_TSA,0,2,2,2.0,CFU/plate,0,50,25.0,T,A,skwon,2026-07-08T12:00:00,skwon,2026-07-08T18:00:00,T
903993,503993,VIABLE_AIR_USP,0,14,14,14.0,CFU/m3,0,200,100.0,T,A,skwon,2026-07-07T08:00:00,tolawale,2026-07-08T14:00:00,T
903994,503994,SETTLE_PLATE_TSA,0,12,12,12.0,CFU/plate,0,100,50.0,T,A,jchen,2026-07-08T08:00:00,skwon,2026-07-08T23:00:00,T
903995,503995,VIABLE_AIR_USP,0,23,23,23.0,CFU/m3,0,400,200.0,T,A,jchen,2026-07-08T07:00:00,jchen,2026-07-09T11:00:00,T
903996,503996,SETTLE_PLATE_TSA,0,0,0,0.0,CFU/plate,0,1,1.0,T,A,tolawale,2026-07-08T10:00:00,mrodriguez,2026-07-08T18:00:00,T
903997,503997,VIABLE_AIR_USP,0,0,0,0.0,CFU/m3,0,1,1.0,T,A,tolawale,2026-07-09T12:00:00,mrodriguez,2026-07-09T15:00:00,T
903998,503998,SETTLE_PLATE_TSA,0,0,0,0.0,CFU/plate,0,5,3.0,T,A,anguyen,2026-07-08T08:00:00,tolawale,2026-07-09T14:00:00,T
903999,503999,VIABLE_AIR_USP,0,0,0,0.0,CFU/m3,0,20,10.0,T,A,anguyen,2026-07-08T10:00:00,dpatel,2026-07-08T23:00:00,T
904000,504000,SETTLE_PLATE_TSA,0,3,3,3.0,CFU/plate,0,50,25.0,T,A,jchen,2026-07-09T07:00:00,skwon,2026-07-10T01:00:00,T
904001,504001,VIABLE_AIR_USP,0,10,10,10.0,CFU/m3,0,200,100.0,T,A,tolawale,2026-07-08T10:00:00,skwon,2026-07-08T20:00:00,T
904002,504002,SETTLE_PLATE_TSA,0,6,6,6.0,CFU/plate,0,100,50.0,T,A,skwon,2026-07-09T10:00:00,mrodriguez,2026-07-10T13:00:00,T
904003,504003,VIABLE_AIR_USP,0,17,17,17.0,CFU/m3,0,400,200.0,T,A,dpatel,2026-07-09T10:00:00,jchen,2026-07-10T14:00:00,T
904004,504004,SETTLE_PLATE_TSA,0,0,0,0.0,CFU/plate,0,1,1.0,T,A,anguyen,2026-07-13T15:00:00,skwon,2026-07-14T01:00:00,T
904005,504005,VIABLE_AIR_USP,0,0,0,0.0,CFU/m3,0,1,1.0,T,A,mrodriguez,2026-07-10T10:00:00,mrodriguez,2026-07-11T03:00:00,T
904006,504006,SETTLE_PLATE_TSA,0,0,0,0.0,CFU/plate,0,5,3.0,T,A,dpatel,2026-07-09T10:00:00,skwon,2026-07-10T07:00:00,T
904007,504007,VIABLE_AIR_USP,0,4,4,4.0,CFU/m3,0,20,10.0,T,A,skwon,2026-07-09T17:00:00,skwon,2026-07-10T04:00:00,T
904008,504008,SETTLE_PLATE_TSA,0,2,2,2.0,CFU/plate,0,50,25.0,T,A,anguyen,2026-07-09T06:00:00,dpatel,2026-07-09T11:00:00,T
904009,504009,VIABLE_AIR_USP,0,11,11,11.0,CFU/m3,0,200,100.0,T,A,tolawale,2026-07-10T14:00:00,skwon,2026-07-11T13:00:00,T
904010,504010,SETTLE_PLATE_TSA,0,2,2,2.0,CFU/plate,0,100,50.0,T,A,jchen,2026-07-10T12:00:00,skwon,2026-07-11T09:00:00,T
904011,504011,VIABLE_AIR_USP,0,23,23,23.0,CFU/m3,0,400,200.0,T,A,skwon,2026-07-10T15:00:00,dpatel,2026-07-10T17:00:00,T
904012,504012,SETTLE_PLATE_TSA,0,0,0,0.0,CFU/plate,0,1,1.0,T,A,skwon,2026-07-11T15:00:00,jchen,2026-07-12T13:00:00,T
904013,504013,VIABLE_AIR_USP,0,0,0,0.0,CFU/m3,0,1,1.0,T,A,mrodriguez,2026-07-11T13:00:00,jchen,2026-07-11T16:00:00,T
904014,504014,SETTLE_PLATE_TSA,0,1,1,1.0,CFU/plate,0,5,3.0,T,A,mrodriguez,2026-07-10T12:00:00,mrodriguez,2026-07-10T18:00:00,T
904015,504015,VIABLE_AIR_USP,0,5,5,5.0,CFU/m3,0,20,10.0,T,A,mrodriguez,2026-07-11T08:00:00,dpatel,2026-07-11T10:00:00,T
904016,504016,SETTLE_PLATE_TSA,0,3,3,3.0,CFU/plate,0,50,25.0,T,A,dpatel,2026-07-10T17:00:00,,2026-07-11T00:00:00,T
904017,504017,VIABLE_AIR_USP,0,7,7,7.0,CFU/m3,0,200,100.0,T,A,dpatel,2026-07-10T11:00:00,dpatel,2026-07-11T12:00:00,T
904018,504018,SETTLE_PLATE_TSA,0,5,5,5.0,CFU/plate,0,100,50.0,T,A,tolawale,2026-07-11T12:00:00,dpatel,2026-07-12T03:00:00,T
904019,504019,VIABLE_AIR_USP,0,26,26,26.0,CFU/m3,0,400,200.0,T,A,mrodriguez,2026-07-10T13:00:00,tolawale,2026-07-10T19:00:00,T
904020,504020,SETTLE_PLATE_TSA,0,0,0,0.0,CFU/plate,0,1,1.0,T,A,anguyen,2026-07-11T10:00:00,mrodriguez,2026-07-11T20:00:00,T
904021,504021,VIABLE_AIR_USP,0,0,0,0.0,CFU/m3,0,1,1.0,T,A,tolawale,2026-07-11T12:00:00,anguyen,2026-07-12T17:00:00,T
904022,504022,SETTLE_PLATE_TSA,0,0,0,0.0,CFU/plate,0,5,3.0,T,A,mrodriguez,2026-07-11T17:00:00,anguyen,2026-07-12T23:00:00,T
904023,504023,VIABLE_AIR_USP,0,4,4,4.0,CFU/m3,0,20,10.0,T,A,tolawale,2026-07-11T09:00:00,skwon,2026-07-11T14:00:00,T
904024,504024,SETTLE_PLATE_TSA,0,4,4,4.0,CFU/plate,0,50,25.0,T,A,jchen,2026-07-11T15:00:00,jchen,2026-07-11T20:00:00,T
904025,504025,VIABLE_AIR_USP,0,13,13,13.0,CFU/m3,0,200,100.0,T,A,skwon,2026-07-12T12:00:00,skwon,2026-07-13T03:00:00,T
904026,504026,SETTLE_PLATE_TSA,0,5,5,5.0,CFU/plate,0,100,50.0,T,A,tolawale,2026-07-12T14:00:00,mrodriguez,2026-07-13T01:00:00,T
904027,504027,VIABLE_AIR_USP,0,28,28,28.0,CFU/m3,0,400,200.0,T,A,anguyen,2026-07-11T11:00:00,tolawale,2026-07-12T12:00:00,T
904028,504028,SETTLE_PLATE_TSA,0,0,0,0.0,CFU/plate,0,1,1.0,T,A,tolawale,2026-07-13T11:00:00,jchen,2026-07-13T23:00:00,T
904029,504029,VIABLE_AIR_USP,0,0,0,0.0,CFU/m3,0,1,1.0,T,A,tolawale,2026-07-12T18:00:00,jchen,2026-07-12T20:00:00,T
904030,504030,SETTLE_PLATE_TSA,0,0,0,0.0,CFU/plate,0,5,3.0,T,A,dpatel,2026-07-12T16:00:00,jchen,2026-07-13T09:00:00,T
904031,504031,VIABLE_AIR_USP,0,5,5,5.0,CFU/m3,0,20,10.0,T,A,skwon,2026-07-13T15:00:00,anguyen,2026-07-14T15:00:00,T
904032,504032,SETTLE_PLATE_TSA,0,6,6,6.0,CFU/plate,0,50,25.0,T,A,dpatel,2026-07-13T10:00:00,mrodriguez,2026-07-14T11:00:00,T
904033,504033,VIABLE_AIR_USP,0,12,12,12.0,CFU/m3,0,200,100.0,T,A,dpatel,2026-07-12T15:00:00,anguyen,2026-07-13T10:00:00,T
904034,504034,SETTLE_PLATE_TSA,0,4,4,4.0,CFU/plate,0,100,50.0,T,A,skwon,2026-07-12T14:00:00,tolawale,2026-07-13T18:00:00,T
904035,504035,VIABLE_AIR_USP,0,15,15,15.0,CFU/m3,0,400,200.0,T,A,dpatel,2026-07-13T09:00:00,jchen,2026-07-13T11:00:00,T
904036,504036,SETTLE_PLATE_TSA,0,0,0,0.0,CFU/plate,0,1,1.0,T,A,dpatel,2026-07-14T08:00:00,skwon,2026-07-15T04:00:00,T
904037,504037,VIABLE_AIR_USP,0,0,0,0.0,CFU/m3,0,1,1.0,T,A,tolawale,2026-07-14T11:00:00,anguyen,2026-07-14T19:00:00,T
904038,504038,SETTLE_PLATE_TSA,0,2,2,2.0,CFU/plate,0,5,3.0,T,A,jchen,2026-07-14T09:00:00,dpatel,2026-07-14T18:00:00,T
904039,504039,VIABLE_AIR_USP,0,3,3,3.0,CFU/m3,0,20,10.0,T,A,mrodriguez,2026-07-14T09:00:00,jchen,2026-07-14T13:00:00,T
904040,504040,SETTLE_PLATE_TSA,0,3,3,3.0,CFU/plate,0,50,25.0,T,A,mrodriguez,2026-07-14T13:00:00,anguyen,2026-07-15T14:00:00,T
904041,504041,VIABLE_AIR_USP,0,12,12,12.0,CFU/m3,0,200,100.0,T,A,tolawale,2026-07-13T18:00:00,jchen,2026-07-14T12:00:00,T
904042,504042,SETTLE_PLATE_TSA,0,1,1,1.0,CFU/plate,0,100,50.0,T,A,skwon,2026-07-17T11:00:00,anguyen,2026-07-18T00:00:00,T
904043,504043,VIABLE_AIR_USP,0,29,29,29.0,CFU/m3,0,400,200.0,T,A,dpatel,2026-07-14T13:00:00,skwon,2026-07-15T07:00:00,T
904044,504044,BIOBURDEN_USP61,0,7,7,7.0,CFU/device,0,100,50.0,T,A,jchen,2026-07-13T07:00:00,mrodriguez,2026-07-13T14:00:00,T
904045,504045,LAL_KINETIC,0,2.44,2.44,2.44,EU/device,0,20,10.0,T,A,dpatel,2026-07-14T10:00:00,skwon,2026-07-15T05:00:00,T
904046,504046,BIOBURDEN_USP61,0,3,3,3.0,CFU/device,0,100,50.0,T,A,dpatel,2026-07-15T06:00:00,skwon,2026-07-16T00:00:00,T
904047,504047,LAL_KINETIC,0,0.69,0.69,0.69,EU/device,0,20,10.0,T,A,skwon,2026-07-14T10:00:00,tolawale,2026-07-15T02:00:00,T
904048,504048,SETTLE_PLATE_TSA,0,0,0,0.0,CFU/plate,0,1,1.0,T,A,skwon,2026-07-20T12:00:00,skwon,2026-07-21T03:00:00,T
904049,504049,VIABLE_AIR_USP,0,0,0,0.0,CFU/m3,0,1,1.0,T,A,skwon,2026-07-14T11:00:00,mrodriguez,2026-07-15T16:00:00,T
904050,504050,SETTLE_PLATE_TSA,0,0,0,0.0,CFU/plate,0,5,3.0,T,A,mrodriguez,2026-07-14T18:00:00,mrodriguez,2026-07-15T09:00:00,T
904051,504051,VIABLE_AIR_USP,0,4,4,4.0,CFU/m3,0,20,10.0,T,A,skwon,2026-07-15T11:00:00,mrodriguez,2026-07-16T08:00:00,T
904052,504052,SETTLE_PLATE_TSA,0,4,4,4.0,CFU/plate,0,50,25.0,T,A,tolawale,2026-07-15T10:00:00,skwon,2026-07-16T09:00:00,T
904053,504053,VIABLE_AIR_USP,0,11,11,11.0,CFU/m3,0,200,100.0,T,A,jchen,2026-07-15T12:00:00,mrodriguez,2026-07-15T17:00:00,T
904054,504054,SETTLE_PLATE_TSA,0,8,8,8.0,CFU/plate,0,100,50.0,T,A,dpatel,2026-07-15T15:00:00,anguyen,2026-07-15T19:00:00,T
904055,504055,VIABLE_AIR_USP,0,20,20,20.0,CFU/m3,0,400,200.0,T,A,dpatel,2026-07-15T11:00:00,skwon,2026-07-15T16:00:00,T
904056,504056,SETTLE_PLATE_TSA,0,0,0,0.0,CFU/plate,0,1,1.0,T,A,tolawale,2026-07-15T14:00:00,tolawale,2026-07-16T09:00:00,T
904057,504057,VIABLE_AIR_USP,0,0,0,0.0,CFU/m3,0,1,1.0,T,A,dpatel,2026-07-15T10:00:00,tolawale,2026-07-16T10:00:00,T
904058,504058,SETTLE_PLATE_TSA,0,0,0,0.0,CFU/plate,0,5,3.0,T,A,tolawale,2026-07-16T12:00:00,anguyen,2026-07-16T19:00:00,T
904059,504059,VIABLE_AIR_USP,0,3,3,3.0,CFU/m3,0,20,10.0,T,A,mrodriguez,2026-07-15T16:00:00,skwon,2026-07-16T00:00:00,T
904060,504060,SETTLE_PLATE_TSA,0,2,2,2.0,CFU/plate,0,50,25.0,T,A,skwon,2026-07-16T15:00:00,skwon,2026-07-17T08:00:00,T
904061,504061,VIABLE_AIR_USP,0,15,15,15.0,CFU/m3,0,200,100.0,T,A,dpatel,2026-07-16T08:00:00,jchen,2026-07-16T16:00:00,T
904062,504062,SETTLE_PLATE_TSA,0,3,3,3.0,CFU/plate,0,100,50.0,T,A,dpatel,2026-07-15T18:00:00,dpatel,2026-07-16T16:00:00,T
904063,504063,VIABLE_AIR_USP,0,23,23,23.0,CFU/m3,0,400,200.0,T,A,mrodriguez,2026-07-15T16:00:00,jchen,2026-07-16T21:00:00,T
904064,504064,SETTLE_PLATE_TSA,0,0,0,0.0,CFU/plate,0,1,1.0,T,A,jchen,2026-07-16T07:00:00,anguyen,2026-07-16T19:00:00,T
904065,504065,VIABLE_AIR_USP,0,1,1,1.0,CFU/m3,0,1,1.0,F,A,dpatel,2026-07-16T14:00:00,anguyen,2026-07-17T00:00:00,T
904066,504066,SETTLE_PLATE_TSA,0,0,0,0.0,CFU/plate,0,5,3.0,T,A,jchen,2026-07-17T11:00:00,dpatel,2026-07-18T14:00:00,T
904067,504067,VIABLE_AIR_USP,0,5,5,5.0,CFU/m3,0,20,10.0,T,A,jchen,2026-07-16T15:00:00,mrodriguez,2026-07-17T21:00:00,T
904068,504068,SETTLE_PLATE_TSA,0,2,2,2.0,CFU/plate,0,50,25.0,T,A,skwon,2026-07-17T16:00:00,skwon,2026-07-18T15:00:00,T
904069,504069,VIABLE_AIR_USP,0,16,16,16.0,CFU/m3,0,200,100.0,T,A,anguyen,2026-07-16T06:00:00,mrodriguez,2026-07-17T09:00:00,T
904070,504070,SETTLE_PLATE_TSA,0,5,5,5.0,CFU/plate,0,100,50.0,T,A,mrodriguez,2026-07-16T13:00:00,anguyen,2026-07-17T07:00:00,T
904071,504071,VIABLE_AIR_USP,0,27,27,27.0,CFU/m3,0,400,200.0,T,A,dpatel,2026-07-17T08:00:00,dpatel,2026-07-18T07:00:00,T
904072,504072,SETTLE_PLATE_TSA,0,0,0,0.0,CFU/plate,0,1,1.0,T,A,anguyen,2026-07-18T16:00:00,jchen,2026-07-18T18:00:00,T
904073,504073,VIABLE_AIR_USP,0,0,0,0.0,CFU/m3,0,1,1.0,T,A,tolawale,2026-07-18T15:00:00,mrodriguez,2026-07-18T23:00:00,T
904074,504074,SETTLE_PLATE_TSA,0,0,0,0.0,CFU/plate,0,5,3.0,T,A,anguyen,2026-07-18T12:00:00,tolawale,2026-07-19T06:00:00,T
904075,504075,VIABLE_AIR_USP,0,0,0,0.0,CFU/m3,0,20,10.0,T,A,skwon,2026-07-17T18:00:00,anguyen,2026-07-18T06:00:00,T
904076,504076,SETTLE_PLATE_TSA,0,6,6,6.0,CFU/plate,0,50,25.0,T,A,skwon,2026-07-18T14:00:00,tolawale,2026-07-19T18:00:00,T
904077,504077,VIABLE_AIR_USP,0,14,14,14.0,CFU/m3,0,200,100.0,T,A,dpatel,2026-07-18T09:00:00,mrodriguez,2026-07-18T16:00:00,T
904078,504078,SETTLE_PLATE_TSA,0,4,4,4.0,CFU/plate,0,100,50.0,T,A,tolawale,2026-07-18T15:00:00,tolawale,2026-07-19T18:00:00,T
904079,504079,VIABLE_AIR_USP,0,17,17,17.0,CFU/m3,0,400,200.0,T,A,tolawale,2026-07-18T13:00:00,tolawale,2026-07-19T17:00:00,T
904080,504080,SETTLE_PLATE_TSA,0,1,1,1.0,CFU/plate,0,1,1.0,F,A,dpatel,2026-07-18T10:00:00,dpatel,2026-07-19T15:00:00,T
904081,504081,VIABLE_AIR_USP,0,0,0,0.0,CFU/m3,0,1,1.0,T,A,dpatel,2026-07-23T10:00:00,mrodriguez,2026-07-24T02:00:00,T
904082,504082,SETTLE_PLATE_TSA,0,0,0,0.0,CFU/plate,0,5,3.0,T,A,tolawale,2026-07-19T15:00:00,tolawale,2026-07-20T21:00:00,T
904083,504083,VIABLE_AIR_USP,0,1,1,1.0,CFU/m3,0,20,10.0,T,A,jchen,2026-07-19T12:00:00,skwon,2026-07-20T07:00:00,T
904084,504084,SETTLE_PLATE_TSA,0,4,4,4.0,CFU/plate,0,50,25.0,T,A,anguyen,2026-07-19T13:00:00,mrodriguez,2026-07-20T09:00:00,T
904085,504085,VIABLE_AIR_USP,0,9,9,9.0,CFU/m3,0,200,100.0,T,A,mrodriguez,2026-07-19T10:00:00,jchen,2026-07-20T11:00:00,T
904086,504086,SETTLE_PLATE_TSA,0,4,4,4.0,CFU/plate,0,100,50.0,T,A,skwon,2026-07-18T06:00:00,jchen,2026-07-19T09:00:00,T
904087,504087,VIABLE_AIR_USP,0,18,18,18.0,CFU/m3,0,400,200.0,T,A,mrodriguez,2026-07-19T09:00:00,jchen,2026-07-19T21:00:00,T
904088,504088,SETTLE_PLATE_TSA,0,0,0,0.0,CFU/plate,0,1,1.0,T,A,dpatel,2026-07-20T15:00:00,dpatel,2026-07-20T23:00:00,T
904089,504089,VIABLE_AIR_USP,0,0,0,0.0,CFU/m3,0,1,1.0,T,A,dpatel,2026-07-20T15:00:00,tolawale,2026-07-21T20:00:00,T
904090,504090,SETTLE_PLATE_TSA,0,0,0,0.0,CFU/plate,0,5,3.0,T,A,skwon,2026-07-20T11:00:00,anguyen,2026-07-20T16:00:00,T
904091,504091,VIABLE_AIR_USP,0,1,1,1.0,CFU/m3,0,20,10.0,T,A,tolawale,2026-07-20T07:00:00,jchen,2026-07-20T10:00:00,T
904092,504092,SETTLE_PLATE_TSA,0,3,3,3.0,CFU/plate,0,50,25.0,T,A,jchen,2026-07-19T14:00:00,dpatel,2026-07-19T19:00:00,T
904093,504093,VIABLE_AIR_USP,0,7,7,7.0,CFU/m3,0,200,100.0,T,A,anguyen,2026-07-20T15:00:00,mrodriguez,2026-07-20T23:00:00,T
904094,504094,SETTLE_PLATE_TSA,0,6,6,6.0,CFU/plate,0,100,50.0,T,A,jchen,2026-07-19T14:00:00,dpatel,2026-07-20T06:00:00,T
904095,504095,VIABLE_AIR_USP,0,17,17,17.0,CFU/m3,0,400,200.0,T,A,anguyen,2026-07-20T09:00:00,tolawale,2026-07-21T12:00:00,T
904096,504096,SETTLE_PLATE_TSA,0,0,0,0.0,CFU/plate,0,1,1.0,T,A,skwon,2026-07-26T07:00:00,anguyen,2026-07-27T08:00:00,T
904097,504097,VIABLE_AIR_USP,0,1,1,1.0,CFU/m3,0,1,1.0,F,A,skwon,2026-07-20T17:00:00,mrodriguez,2026-07-21T16:00:00,T
904098,504098,SETTLE_PLATE_TSA,0,1,1,1.0,CFU/plate,0,5,3.0,T,A,mrodriguez,2026-07-20T09:00:00,dpatel,2026-07-21T02:00:00,T
904099,504099,VIABLE_AIR_USP,0,3,3,3.0,CFU/m3,0,20,10.0,T,A,anguyen,2026-07-20T13:00:00,skwon,2026-07-20T22:00:00,T
904100,504100,SETTLE_PLATE_TSA,0,5,5,5.0,CFU/plate,0,50,25.0,T,A,dpatel,2026-07-20T13:00:00,jchen,2026-07-21T09:00:00,T
904101,504101,VIABLE_AIR_USP,0,12,12,12.0,CFU/m3,0,200,100.0,T,A,tolawale,2026-07-20T15:00:00,skwon,2026-07-21T01:00:00,T
904102,504102,SETTLE_PLATE_TSA,0,3,3,3.0,CFU/plate,0,100,50.0,T,A,mrodriguez,2026-07-21T17:00:00,dpatel,2026-07-22T11:00:00,T
904103,504103,VIABLE_AIR_USP,0,23,23,23.0,CFU/m3,0,400,200.0,T,A,jchen,2026-07-21T14:00:00,dpatel,2026-07-21T22:00:00,T
904104,504104,BIOBURDEN_USP61,0,0,0,0.0,CFU/device,0,100,50.0,T,A,anguyen,2026-07-20T08:00:00,anguyen,2026-07-21T01:00:00,T
904105,504105,LAL_KINETIC,0,2.05,2.05,2.05,EU/device,0,20,10.0,T,A,anguyen,2026-07-20T06:00:00,skwon,2026-07-20T14:00:00,T
904106,504106,BIOBURDEN_USP61,0,3,3,3.0,CFU/device,0,100,50.0,T,A,tolawale,2026-07-21T07:00:00,tolawale,2026-07-21T17:00:00,T
904107,504107,LAL_KINETIC,0,0.48,0.48,0.48,EU/device,0,20,10.0,T,A,skwon,2026-07-21T06:00:00,tolawale,2026-07-22T00:00:00,T
904108,504108,SETTLE_PLATE_TSA,0,0,0,0.0,CFU/plate,0,1,1.0,T,A,dpatel,2026-07-22T11:00:00,mrodriguez,2026-07-22T13:00:00,T
904109,504109,VIABLE_AIR_USP,0,0,0,0.0,CFU/m3,0,1,1.0,T,A,skwon,2026-07-22T12:00:00,dpatel,2026-07-22T14:00:00,T
904110,504110,SETTLE_PLATE_TSA,0,0,0,0.0,CFU/plate,0,5,3.0,T,A,jchen,2026-07-22T12:00:00,jchen,2026-07-22T20:00:00,T
904111,504111,VIABLE_AIR_USP,0,1,1,1.0,CFU/m3,0,20,10.0,T,A,anguyen,2026-07-22T16:00:00,jchen,2026-07-23T00:00:00,T
904112,504112,SETTLE_PLATE_TSA,0,3,3,3.0,CFU/plate,0,50,25.0,T,A,dpatel,2026-07-22T12:00:00,mrodriguez,2026-07-22T22:00:00,T
904113,504113,VIABLE_AIR_USP,0,6,6,6.0,CFU/m3,0,200,100.0,T,A,tolawale,2026-07-22T14:00:00,mrodriguez,2026-07-23T17:00:00,T
904114,504114,SETTLE_PLATE_TSA,0,7,7,7.0,CFU/plate,0,100,50.0,T,A,jchen,2026-07-22T10:00:00,dpatel,2026-07-22T14:00:00,T
904115,504115,VIABLE_AIR_USP,0,23,23,23.0,CFU/m3,0,400,200.0,T,A,mrodriguez,2026-07-21T08:00:00,skwon,2026-07-22T10:00:00,T
904116,504116,SETTLE_PLATE_TSA,0,0,0,0.0,CFU/plate,0,1,1.0,T,A,dpatel,2026-07-22T06:00:00,jchen,2026-07-23T02:00:00,T
904117,504117,VIABLE_AIR_USP,0,0,0,0.0,CFU/m3,0,1,1.0,T,A,dpatel,2026-07-23T11:00:00,skwon,2026-07-24T05:00:00,T
904118,504118,SETTLE_PLATE_TSA,0,1,1,1.0,CFU/plate,0,5,3.0,T,A,skwon,2026-07-22T14:00:00,dpatel,2026-07-23T18:00:00,T
904119,504119,VIABLE_AIR_USP,0,4,4,4.0,CFU/m3,0,20,10.0,T,A,mrodriguez,2026-07-22T13:00:00,anguyen,2026-07-23T18:00:00,T
904120,504120,SETTLE_PLATE_TSA,0,1,1,1.0,CFU/plate,0,50,25.0,T,A,anguyen,2026-07-23T11:00:00,anguyen,2026-07-24T16:00:00,T
904121,504121,VIABLE_AIR_USP,0,12,12,12.0,CFU/m3,0,200,100.0,T,A,anguyen,2026-07-23T11:00:00,tolawale,2026-07-24T09:00:00,T
904122,504122,SETTLE_PLATE_TSA,0,5,5,5.0,CFU/plate,0,100,50.0,T,A,dpatel,2026-07-22T08:00:00,anguyen,2026-07-23T02:00:00,T
904123,504123,VIABLE_AIR_USP,0,21,21,21.0,CFU/m3,0,400,200.0,T,A,dpatel,2026-07-23T18:00:00,jchen,2026-07-24T10:00:00,T
904124,504124,SETTLE_PLATE_TSA,0,0,0,0.0,CFU/plate,0,1,1.0,T,A,tolawale,2026-07-24T07:00:00,dpatel,2026-07-25T13:00:00,T
904125,504125,VIABLE_AIR_USP,0,0,0,0.0,CFU/m3,0,1,1.0,T,A,anguyen,2026-07-24T14:00:00,dpatel,2026-07-25T05:00:00,T
904126,504126,SETTLE_PLATE_TSA,0,2,2,2.0,CFU/plate,0,5,3.0,T,A,skwon,2026-07-24T11:00:00,anguyen,2026-07-25T00:00:00,T
904127,504127,VIABLE_AIR_USP,0,2,2,2.0,CFU/m3,0,20,10.0,T,A,dpatel,2026-07-23T07:00:00,mrodriguez,2026-07-24T01:00:00,T
904128,504128,SETTLE_PLATE_TSA,0,6,6,6.0,CFU/plate,0,50,25.0,T,A,dpatel,2026-07-24T16:00:00,dpatel,2026-07-25T09:00:00,T
904129,504129,VIABLE_AIR_USP,0,11,11,11.0,CFU/m3,0,200,100.0,T,A,dpatel,2026-07-23T09:00:00,skwon,2026-07-23T17:00:00,T
904130,504130,SETTLE_PLATE_TSA,0,7,7,7.0,CFU/plate,0,100,50.0,T,A,mrodriguez,2026-07-24T10:00:00,jchen,2026-07-24T12:00:00,T
904131,504131,VIABLE_AIR_USP,0,29,29,29.0,CFU/m3,0,400,200.0,T,A,dpatel,2026-07-24T16:00:00,anguyen,2026-07-25T20:00:00,T
904132,504132,SETTLE_PLATE_TSA,0,0,0,0.0,CFU/plate,0,1,1.0,T,A,dpatel,2026-07-24T15:00:00,mrodriguez,2026-07-25T06:00:00,T
904133,504133,VIABLE_AIR_USP,0,0,0,0.0,CFU/m3,0,1,1.0,T,A,skwon,2026-07-25T09:00:00,dpatel,2026-07-25T15:00:00,T
904134,504134,SETTLE_PLATE_TSA,0,0,0,0.0,CFU/plate,0,5,3.0,T,A,mrodriguez,2026-07-25T13:00:00,tolawale,2026-07-25T23:00:00,T
904135,504135,VIABLE_AIR_USP,0,3,3,3.0,CFU/m3,0,20,10.0,T,A,dpatel,2026-07-24T11:00:00,tolawale,2026-07-25T04:00:00,T
904136,504136,SETTLE_PLATE_TSA,0,1,1,1.0,CFU/plate,0,50,25.0,T,A,jchen,2026-07-25T08:00:00,mrodriguez,2026-07-26T08:00:00,T
904137,504137,VIABLE_AIR_USP,0,7,7,7.0,CFU/m3,0,200,100.0,T,A,tolawale,2026-07-24T14:00:00,dpatel,2026-07-25T01:00:00,T
904138,504138,SETTLE_PLATE_TSA,0,6,6,6.0,CFU/plate,0,100,50.0,T,A,dpatel,2026-07-25T13:00:00,jchen,2026-07-26T04:00:00,T
904139,504139,VIABLE_AIR_USP,0,30,30,30.0,CFU/m3,0,400,200.0,T,A,tolawale,2026-07-25T17:00:00,skwon,2026-07-26T17:00:00,T
904140,504140,SETTLE_PLATE_TSA,0,0,0,0.0,CFU/plate,0,1,1.0,T,A,dpatel,2026-07-26T11:00:00,skwon,2026-07-26T13:00:00,T
904141,504141,VIABLE_AIR_USP,0,0,0,0.0,CFU/m3,0,1,1.0,T,A,dpatel,2026-07-26T07:00:00,tolawale,2026-07-26T20:00:00,T
904142,504142,SETTLE_PLATE_TSA,0,0,0,0.0,CFU/plate,0,5,3.0,T,A,jchen,2026-07-26T10:00:00,anguyen,2026-07-26T19:00:00,T
904143,504143,VIABLE_AIR_USP,0,1,1,1.0,CFU/m3,0,20,10.0,T,A,anguyen,2026-07-25T07:00:00,skwon,2026-07-26T06:00:00,T
904144,504144,SETTLE_PLATE_TSA,0,4,4,4.0,CFU/plate,0,50,25.0,T,A,anguyen,2026-07-25T11:00:00,dpatel,2026-07-25T14:00:00,T
904145,504145,VIABLE_AIR_USP,0,14,14,14.0,CFU/m3,0,200,100.0,T,A,mrodriguez,2026-07-25T11:00:00,mrodriguez,2026-07-26T00:00:00,T
904146,504146,SETTLE_PLATE_TSA,0,6,6,6.0,CFU/plate,0,100,50.0,T,A,jchen,2026-07-29T11:00:00,anguyen,2026-07-30T11:00:00,T
904147,504147,VIABLE_AIR_USP,0,21,21,21.0,CFU/m3,0,400,200.0,T,A,anguyen,2026-07-28T12:00:00,tolawale,2026-07-29T07:00:00,T
904148,504148,SETTLE_PLATE_TSA,0,0,0,0.0,CFU/plate,0,1,1.0,T,A,anguyen,2026-07-26T14:00:00,skwon,2026-07-27T01:00:00,T
904149,504149,VIABLE_AIR_USP,0,0,0,0.0,CFU/m3,0,1,1.0,T,A,skwon,2026-07-26T13:00:00,tolawale,2026-07-27T19:00:00,T
904150,504150,SETTLE_PLATE_TSA,0,0,0,0.0,CFU/plate,0,5,3.0,T,A,anguyen,2026-07-26T12:00:00,skwon,2026-07-26T19:00:00,T
904151,504151,VIABLE_AIR_USP,0,2,2,2.0,CFU/m3,0,20,10.0,T,A,dpatel,2026-07-27T13:00:00,dpatel,2026-07-27T23:00:00,T
904152,504152,SETTLE_PLATE_TSA,0,4,4,4.0,CFU/plate,0,50,25.0,T,A,tolawale,2026-07-27T13:00:00,skwon,2026-07-28T04:00:00,T
904153,504153,VIABLE_AIR_USP,0,13,13,13.0,CFU/m3,0,200,100.0,T,A,anguyen,2026-07-27T15:00:00,dpatel,2026-07-28T19:00:00,T
904154,504154,SETTLE_PLATE_TSA,0,5,5,5.0,CFU/plate,0,100,50.0,T,A,skwon,2026-07-26T12:00:00,anguyen,2026-07-26T22:00:00,T
904155,504155,VIABLE_AIR_USP,0,15,15,15.0,CFU/m3,0,400,200.0,T,A,anguyen,2026-07-26T11:00:00,dpatel,2026-07-27T14:00:00,T
904156,504156,SETTLE_PLATE_TSA,0,0,0,0.0,CFU/plate,0,1,1.0,T,A,tolawale,2026-07-28T08:00:00,skwon,2026-07-28T14:00:00,T
904157,504157,VIABLE_AIR_USP,0,0,0,0.0,CFU/m3,0,1,1.0,T,A,jchen,2026-07-28T14:00:00,skwon,2026-07-29T16:00:00,T
904158,504158,SETTLE_PLATE_TSA,0,1,1,1.0,CFU/plate,0,5,3.0,T,A,jchen,2026-07-27T18:00:00,anguyen,2026-07-28T01:00:00,T
904159,504159,VIABLE_AIR_USP,0,5,5,5.0,CFU/m3,0,20,10.0,T,A,mrodriguez,2026-07-27T11:00:00,skwon,2026-07-28T01:00:00,T
904160,504160,SETTLE_PLATE_TSA,0,4,4,4.0,CFU/plate,0,50,25.0,T,A,skwon,2026-07-28T15:00:00,jchen,2026-07-29T17:00:00,T
904161,504161,VIABLE_AIR_USP,0,13,13,13.0,CFU/m3,0,200,100.0,T,A,mrodriguez,2026-07-28T10:00:00,dpatel,2026-07-29T10:00:00,T
904162,504162,SETTLE_PLATE_TSA,0,9,9,9.0,CFU/plate,0,100,50.0,T,A,dpatel,2026-07-28T12:00:00,tolawale,2026-07-29T11:00:00,T
904163,504163,VIABLE_AIR_USP,0,23,23,23.0,CFU/m3,0,400,200.0,T,A,tolawale,2026-07-28T16:00:00,anguyen,2026-07-29T10:00:00,T
904164,504164,BIOBURDEN_USP61,0,1,1,1.0,CFU/device,0,100,50.0,T,A,jchen,2026-07-29T08:00:00,tolawale,2026-07-29T14:00:00,T
904165,504165,LAL_KINETIC,0,0.69,0.69,0.69,EU/device,0,20,10.0,T,A,tolawale,2026-07-28T09:00:00,dpatel,2026-07-28T19:00:00,T
904166,504166,BIOBURDEN_USP61,0,4,4,4.0,CFU/device,0,100,50.0,T,A,skwon,2026-07-27T07:00:00,jchen,2026-07-27T14:00:00,T
904167,504167,LAL_KINETIC,0,1.42,1.42,1.42,EU/device,0,20,10.0,T,A,skwon,2026-07-27T08:00:00,dpatel,2026-07-27T18:00:00,T
904168,504168,SETTLE_PLATE_TSA,0,0,0,0.0,CFU/plate,0,1,1.0,T,A,jchen,2026-07-28T08:00:00,skwon,2026-07-29T07:00:00,T
904169,504169,VIABLE_AIR_USP,0,0,0,0.0,CFU/m3,0,1,1.0,T,A,tolawale,2026-07-29T11:00:00,dpatel,2026-07-29T14:00:00,T
904170,504170,SETTLE_PLATE_TSA,0,0,0,0.0,CFU/plate,0,5,3.0,T,A,anguyen,2026-07-29T06:00:00,skwon,2026-07-30T09:00:00,T
904171,504171,VIABLE_AIR_USP,0,2,2,2.0,CFU/m3,0,20,10.0,T,A,mrodriguez,2026-07-29T06:00:00,tolawale,2026-07-30T01:00:00,T
904172,504172,SETTLE_PLATE_TSA,0,1,1,1.0,CFU/plate,0,50,25.0,T,A,mrodriguez,2026-07-29T13:00:00,mrodriguez,2026-07-30T04:00:00,T
904173,504173,VIABLE_AIR_USP,0,12,12,12.0,CFU/m3,0,200,100.0,T,A,tolawale,2026-07-28T13:00:00,mrodriguez,2026-07-28T19:00:00,T
904174,504174,SETTLE_PLATE_TSA,0,4,4,4.0,CFU/plate,0,100,50.0,T,A,jchen,2026-07-28T16:00:00,dpatel,2026-07-28T19:00:00,T
904175,504175,VIABLE_AIR_USP,0,22,22,22.0,CFU/m3,0,400,200.0,T,A,jchen,2026-07-29T17:00:00,dpatel,2026-07-30T23:00:00,T
904176,504176,SETTLE_PLATE_TSA,0,0,0,0.0,CFU/plate,0,1,1.0,T,A,anguyen,2026-07-30T10:00:00,tolawale,2026-07-31T03:00:00,T
904177,504177,VIABLE_AIR_USP,0,0,0,0.0,CFU/m3,0,1,1.0,T,A,anguyen,2026-07-29T14:00:00,anguyen,2026-07-29T22:00:00,T
904178,504178,SETTLE_PLATE_TSA,0,2,2,2.0,CFU/plate,0,5,3.0,T,A,jchen,2026-07-30T13:00:00,jchen,2026-07-30T18:00:00,T
904179,504179,VIABLE_AIR_USP,0,3,3,3.0,CFU/m3,0,20,10.0,T,A,anguyen,2026-07-29T07:00:00,anguyen,2026-07-29T21:00:00,T
904180,504180,SETTLE_PLATE_TSA,0,2,2,2.0,CFU/plate,0,50,25.0,T,A,skwon,2026-07-30T10:00:00,jchen,2026-07-31T14:00:00,T
904181,504181,VIABLE_AIR_USP,0,10,10,10.0,CFU/m3,0,200,100.0,T,A,anguyen,2026-07-30T09:00:00,mrodriguez,2026-07-31T12:00:00,T
904182,504182,SETTLE_PLATE_TSA,0,2,2,2.0,CFU/plate,0,100,50.0,T,A,skwon,2026-07-29T11:00:00,jchen,2026-07-29T19:00:00,T
904183,504183,VIABLE_AIR_USP,0,25,25,25.0,CFU/m3,0,400,200.0,T,A,dpatel,2026-07-30T10:00:00,dpatel,2026-07-30T20:00:00,T
904184,504184,SETTLE_PLATE_TSA,0,0,0,0.0,CFU/plate,0,1,1.0,T,A,skwon,2026-07-30T12:00:00,skwon,2026-07-31T02:00:00,T
904185,504185,VIABLE_AIR_USP,0,0,0,0.0,CFU/m3,0,1,1.0,T,A,skwon,2026-07-30T07:00:00,tolawale,2026-07-30T09:00:00,T
904186,504186,SETTLE_PLATE_TSA,0,0,0,0.0,CFU/plate,0,5,3.0,T,A,anguyen,2026-07-31T09:00:00,jchen,2026-07-31T21:00:00,T
904187,504187,VIABLE_AIR_USP,0,2,2,2.0,CFU/m3,0,20,10.0,T,A,jchen,2026-07-30T13:00:00,anguyen,2026-07-31T05:00:00,T
904188,504188,SETTLE_PLATE_TSA,0,6,6,6.0,CFU/plate,0,50,25.0,T,A,dpatel,2026-07-30T10:00:00,mrodriguez,2026-07-31T12:00:00,T
904189,504189,VIABLE_AIR_USP,0,10,10,10.0,CFU/m3,0,200,100.0,T,A,dpatel,2026-07-31T09:00:00,dpatel,2026-08-01T14:00:00,T
904190,504190,SETTLE_PLATE_TSA,0,5,5,5.0,CFU/plate,0,100,50.0,T,A,anguyen,2026-07-30T10:00:00,mrodriguez,2026-07-31T10:00:00,T
904191,504191,VIABLE_AIR_USP,0,31,31,31.0,CFU/m3,0,400,200.0,T,A,mrodriguez,2026-07-31T14:00:00,dpatel,2026-08-01T15:00:00,T
904192,504192,SETTLE_PLATE_TSA,0,0,0,0.0,CFU/plate,0,1,1.0,T,A,tolawale,2026-07-31T10:00:00,dpatel,2026-08-01T11:00:00,T
904193,504193,VIABLE_AIR_USP,0,0,0,0.0,CFU/m3,0,1,1.0,T,A,dpatel,2026-07-31T11:00:00,anguyen,2026-07-31T16:00:00,T
904194,504194,SETTLE_PLATE_TSA,0,1,1,1.0,CFU/plate,0,5,3.0,T,A,dpatel,2026-07-31T15:00:00,jchen,2026-07-31T23:00:00,T
904195,504195,VIABLE_AIR_USP,0,3,3,3.0,CFU/m3,0,20,10.0,T,A,tolawale,2026-08-01T08:00:00,anguyen,2026-08-01T10:00:00,T
904196,504196,SETTLE_PLATE_TSA,0,3,3,3.0,CFU/plate,0,50,25.0,T,A,dpatel,2026-08-01T09:00:00,mrodriguez,2026-08-02T07:00:00,T
904197,504197,VIABLE_AIR_USP,0,8,8,8.0,CFU/m3,0,200,100.0,T,A,jchen,2026-08-01T16:00:00,mrodriguez,2026-08-01T19:00:00,T
904198,504198,SETTLE_PLATE_TSA,0,8,8,8.0,CFU/plate,0,100,50.0,T,A,tolawale,2026-07-31T13:00:00,tolawale,2026-08-01T11:00:00,T
904199,504199,VIABLE_AIR_USP,0,26,26,26.0,CFU/m3,0,400,200.0,T,A,tolawale,2026-08-01T15:00:00,skwon,2026-08-02T09:00:00,T
904200,504200,SETTLE_PLATE_TSA,0,0,0,0.0,CFU/plate,0,1,1.0,T,A,jchen,2026-08-01T15:00:00,tolawale,2026-08-02T16:00:00,T
904201,504201,VIABLE_AIR_USP,0,0,0,0.0,CFU/m3,0,1,1.0,T,A,jchen,2026-08-01T07:00:00,tolawale,2026-08-02T06:00:00,T
904202,504202,SETTLE_PLATE_TSA,0,0,0,0.0,CFU/plate,0,5,3.0,T,A,skwon,2026-08-01T09:00:00,jchen,2026-08-02T09:00:00,T
904203,504203,VIABLE_AIR_USP,0,3,3,3.0,CFU/m3,0,20,10.0,T,A,skwon,2026-08-02T07:00:00,tolawale,2026-08-03T01:00:00,T
904204,504204,SETTLE_PLATE_TSA,0,2,2,2.0,CFU/plate,0,50,25.0,T,A,jchen,2026-08-02T13:00:00,tolawale,2026-08-03T17:00:00,T
904205,504205,VIABLE_AIR_USP,0,11,11,11.0,CFU/m3,0,200,100.0,T,A,dpatel,2026-08-02T13:00:00,jchen,2026-08-03T18:00:00,T
904206,504206,SETTLE_PLATE_TSA,0,5,5,5.0,CFU/plate,0,100,50.0,T,A,jchen,2026-08-02T13:00:00,tolawale,2026-08-02T19:00:00,T
904207,504207,VIABLE_AIR_USP,0,27,27,27.0,CFU/m3,0,400,200.0,T,A,anguyen,2026-08-01T12:00:00,tolawale,2026-08-01T14:00:00,T
904208,504208,SETTLE_PLATE_TSA,0,0,0,0.0,CFU/plate,0,1,1.0,T,A,jchen,2026-08-02T07:00:00,mrodriguez,2026-08-02T09:00:00,T
904209,504209,VIABLE_AIR_USP,0,0,0,0.0,CFU/m3,0,1,1.0,T,A,anguyen,2026-08-03T06:00:00,jchen,2026-08-04T10:00:00,T
904210,504210,SETTLE_PLATE_TSA,0,0,0,0.0,CFU/plate,0,5,3.0,T,A,mrodriguez,2026-08-03T12:00:00,anguyen,2026-08-04T11:00:00,T
904211,504211,VIABLE_AIR_USP,0,2,2,2.0,CFU/m3,0,20,10.0,T,A,skwon,2026-08-03T17:00:00,jchen,2026-08-04T20:00:00,T
904212,504212,SETTLE_PLATE_TSA,0,4,4,4.0,CFU/plate,0,50,25.0,T,A,mrodriguez,2026-08-02T10:00:00,dpatel,2026-08-02T15:00:00,T
904213,504213,VIABLE_AIR_USP,0,9,9,9.0,CFU/m3,0,200,100.0,T,A,skwon,2026-08-02T17:00:00,tolawale,2026-08-03T09:00:00,T
904214,504214,SETTLE_PLATE_TSA,0,7,7,7.0,CFU/plate,0,100,50.0,T,A,tolawale,2026-08-02T11:00:00,dpatel,2026-08-02T17:00:00,T
904215,504215,VIABLE_AIR_USP,0,23,23,23.0,CFU/m3,0,400,200.0,T,A,mrodriguez,2026-08-02T13:00:00,tolawale,2026-08-03T16:00:00,T
904216,504216,SETTLE_PLATE_TSA,0,0,0,0.0,CFU/plate,0,1,1.0,T,A,mrodriguez,2026-08-03T17:00:00,skwon,2026-08-04T06:00:00,T
904217,504217,VIABLE_AIR_USP,0,0,0,0.0,CFU/m3,0,1,1.0,T,A,tolawale,2026-08-04T11:00:00,jchen,2026-08-05T00:00:00,T
904218,504218,SETTLE_PLATE_TSA,0,1,1,1.0,CFU/plate,0,5,3.0,T,A,skwon,2026-08-04T14:00:00,skwon,2026-08-05T06:00:00,T
904219,504219,VIABLE_AIR_USP,0,4,4,4.0,CFU/m3,0,20,10.0,T,A,dpatel,2026-08-04T15:00:00,anguyen,2026-08-05T02:00:00,T
904220,504220,SETTLE_PLATE_TSA,0,4,4,4.0,CFU/plate,0,50,25.0,T,A,anguyen,2026-08-03T12:00:00,jchen,2026-08-04T01:00:00,T
904221,504221,VIABLE_AIR_USP,0,15,15,15.0,CFU/m3,0,200,100.0,T,A,mrodriguez,2026-08-04T14:00:00,anguyen,2026-08-05T05:00:00,T
904222,504222,SETTLE_PLATE_TSA,0,6,6,6.0,CFU/plate,0,100,50.0,T,A,jchen,2026-08-04T12:00:00,mrodriguez,2026-08-04T20:00:00,T
904223,504223,VIABLE_AIR_USP,0,35,35,35.0,CFU/m3,0,400,200.0,T,A,tolawale,2026-08-04T15:00:00,dpatel,2026-08-04T23:00:00,T
904224,504224,BIOBURDEN_USP61,0,6,6,6.0,CFU/device,0,100,50.0,T,A,dpatel,2026-08-03T09:00:00,dpatel,2026-08-03T18:00:00,T
904225,504225,LAL_KINETIC,0,0.41,0.41,0.41,EU/device,0,20,10.0,T,A,skwon,2026-08-05T07:00:00,mrodriguez,2026-08-05T14:00:00,T
904226,504226,BIOBURDEN_USP61,0,2,2,2.0,CFU/device,0,100,50.0,T,A,skwon,2026-08-04T10:00:00,jchen,2026-08-05T03:00:00,T
904227,504227,LAL_KINETIC,0,0.61,0.61,0.61,EU/device,0,20,10.0,T,A,mrodriguez,2026-08-05T06:00:00,anguyen,2026-08-05T13:00:00,T
904228,504228,BIOBURDEN_USP61,0,4,4,4.0,CFU/device,0,100,50.0,T,A,dpatel,2026-08-05T07:00:00,skwon,2026-08-05T20:00:00,T
904229,504229,LAL_KINETIC,0,1.36,1.36,1.36,EU/device,0,20,10.0,T,A,anguyen,2026-08-03T07:00:00,anguyen,2026-08-03T13:00:00,T
904230,504230,SETTLE_PLATE_TSA,0,0,0,0.0,CFU/plate,0,1,1.0,T,A,anguyen,2026-08-04T12:00:00,dpatel,2026-08-05T08:00:00,T
904231,504231,VIABLE_AIR_USP,0,0,0,0.0,CFU/m3,0,1,1.0,T,A,dpatel,2026-08-04T14:00:00,tolawale,2026-08-05T02:00:00,T
904232,504232,SETTLE_PLATE_TSA,0,0,0,0.0,CFU/plate,0,5,3.0,T,A,anguyen,2026-08-05T12:00:00,tolawale,2026-08-05T16:00:00,T
904233,504233,VIABLE_AIR_USP,0,2,2,2.0,CFU/m3,0,20,10.0,T,A,tolawale,2026-08-05T11:00:00,jchen,2026-08-06T05:00:00,T
904234,504234,SETTLE_PLATE_TSA,0,10,10,10.0,CFU/plate,0,50,25.0,T,A,dpatel,2026-08-11T11:00:00,mrodriguez,2026-08-12T17:00:00,T
904235,504235,VIABLE_AIR_USP,0,16,16,16.0,CFU/m3,0,200,100.0,T,A,anguyen,2026-08-08T14:00:00,dpatel,2026-08-09T10:00:00,T
904236,504236,SETTLE_PLATE_TSA,0,5,5,5.0,CFU/plate,0,100,50.0,T,A,mrodriguez,2026-08-05T12:00:00,jchen,2026-08-05T20:00:00,T
904237,504237,VIABLE_AIR_USP,0,22,22,22.0,CFU/m3,0,400,200.0,T,A,skwon,2026-08-05T14:00:00,anguyen,2026-08-05T16:00:00,T
904238,504238,SETTLE_PLATE_TSA,0,0,0,0.0,CFU/plate,0,1,1.0,T,A,tolawale,2026-08-06T11:00:00,jchen,2026-08-06T14:00:00,T
904239,504239,VIABLE_AIR_USP,0,0,0,0.0,CFU/m3,0,1,1.0,T,A,skwon,2026-08-06T11:00:00,dpatel,2026-08-07T08:00:00,T
904240,504240,SETTLE_PLATE_TSA,0,1,1,1.0,CFU/plate,0,5,3.0,T,A,jchen,2026-08-05T08:00:00,jchen,2026-08-06T13:00:00,T
904241,504241,VIABLE_AIR_USP,0,6,6,6.0,CFU/m3,0,20,10.0,T,A,skwon,2026-08-05T13:00:00,anguyen,2026-08-05T19:00:00,T
904242,504242,SETTLE_PLATE_TSA,0,2,2,2.0,CFU/plate,0,50,25.0,T,A,mrodriguez,2026-08-05T09:00:00,tolawale,2026-08-05T13:00:00,T
904243,504243,VIABLE_AIR_USP,0,8,8,8.0,CFU/m3,0,200,100.0,T,A,dpatel,2026-08-06T07:00:00,skwon,2026-08-07T05:00:00,T
904244,504244,SETTLE_PLATE_TSA,0,3,3,3.0,CFU/plate,0,100,50.0,T,A,mrodriguez,2026-08-06T14:00:00,mrodriguez,2026-08-07T01:00:00,T
904245,504245,VIABLE_AIR_USP,0,20,20,20.0,CFU/m3,0,400,200.0,T,A,jchen,2026-08-06T11:00:00,anguyen,2026-08-07T14:00:00,T
904246,504246,SETTLE_PLATE_TSA,0,0,0,0.0,CFU/plate,0,1,1.0,T,A,tolawale,2026-08-07T07:00:00,skwon,2026-08-08T00:00:00,T
904247,504247,VIABLE_AIR_USP,0,0,0,0.0,CFU/m3,0,1,1.0,T,A,mrodriguez,2026-08-07T08:00:00,dpatel,2026-08-08T11:00:00,T
904248,504248,SETTLE_PLATE_TSA,0,1,1,1.0,CFU/plate,0,5,3.0,T,A,tolawale,2026-08-09T15:00:00,anguyen,2026-08-09T18:00:00,T
904249,504249,VIABLE_AIR_USP,0,5,5,5.0,CFU/m3,0,20,10.0,T,A,jchen,2026-08-07T07:00:00,dpatel,2026-08-07T21:00:00,T
904250,504250,SETTLE_PLATE_TSA,0,4,4,4.0,CFU/plate,0,50,25.0,T,A,tolawale,2026-08-06T08:00:00,jchen,2026-08-06T19:00:00,T
904251,504251,VIABLE_AIR_USP,0,8,8,8.0,CFU/m3,0,200,100.0,T,A,jchen,2026-08-06T14:00:00,tolawale,2026-08-07T05:00:00,T
904252,504252,SETTLE_PLATE_TSA,0,8,8,8.0,CFU/plate,0,100,50.0,T,A,jchen,2026-08-06T14:00:00,tolawale,2026-08-07T04:00:00,T
904253,504253,VIABLE_AIR_USP,0,14,14,14.0,CFU/m3,0,400,200.0,T,A,anguyen,2026-08-06T12:00:00,tolawale,2026-08-07T18:00:00,T
904254,504254,SETTLE_PLATE_TSA,0,0,0,0.0,CFU/plate,0,1,1.0,T,A,jchen,2026-08-07T15:00:00,anguyen,2026-08-08T16:00:00,T
904255,504255,VIABLE_AIR_USP,0,0,0,0.0,CFU/m3,0,1,1.0,T,A,tolawale,2026-08-08T08:00:00,anguyen,2026-08-08T15:00:00,T
904256,504256,SETTLE_PLATE_TSA,0,0,0,0.0,CFU/plate,0,5,3.0,T,A,tolawale,2026-08-08T14:00:00,jchen,2026-08-08T19:00:00,T
904257,504257,VIABLE_AIR_USP,0,3,3,3.0,CFU/m3,0,20,10.0,T,A,mrodriguez,2026-08-08T12:00:00,anguyen,2026-08-09T18:00:00,T
904258,504258,SETTLE_PLATE_TSA,0,2,2,2.0,CFU/plate,0,50,25.0,T,A,mrodriguez,2026-08-07T08:00:00,mrodriguez,2026-08-08T14:00:00,T
904259,504259,VIABLE_AIR_USP,0,11,11,11.0,CFU/m3,0,200,100.0,T,A,jchen,2026-08-07T08:00:00,anguyen,2026-08-07T11:00:00,T
904260,504260,SETTLE_PLATE_TSA,0,4,4,4.0,CFU/plate,0,100,50.0,T,A,anguyen,2026-08-08T15:00:00,dpatel,2026-08-09T04:00:00,T
904261,504261,VIABLE_AIR_USP,0,33,33,33.0,CFU/m3,0,400,200.0,T,A,mrodriguez,2026-08-07T13:00:00,skwon,2026-08-08T12:00:00,T
904262,504262,SETTLE_PLATE_TSA,0,0,0,0.0,CFU/plate,0,1,1.0,T,A,jchen,2026-08-09T14:00:00,anguyen,2026-08-10T14:00:00,T
904263,504263,VIABLE_AIR_USP,0,0,0,0.0,CFU/m3,0,1,1.0,T,A,mrodriguez,2026-08-08T16:00:00,jchen,2026-08-09T14:00:00,T
904264,504264,SETTLE_PLATE_TSA,0,0,0,0.0,CFU/plate,0,5,3.0,T,A,dpatel,2026-08-08T11:00:00,anguyen,2026-08-09T00:00:00,T
904265,504265,VIABLE_AIR_USP,0,1,1,1.0,CFU/m3,0,20,10.0,T,A,dpatel,2026-08-09T07:00:00,mrodriguez,2026-08-10T08:00:00,T
904266,504266,SETTLE_PLATE_TSA,0,2,2,2.0,CFU/plate,0,50,25.0,T,A,skwon,2026-08-09T15:00:00,tolawale,2026-08-10T19:00:00,T
904267,504267,VIABLE_AIR_USP,0,21,21,21.0,CFU/m3,0,200,100.0,T,A,jchen,2026-08-09T10:00:00,mrodriguez,2026-08-10T14:00:00,T
904268,504268,SETTLE_PLATE_TSA,0,8,8,8.0,CFU/plate,0,100,50.0,T,A,jchen,2026-08-09T15:00:00,mrodriguez,2026-08-09T17:00:00,T
904269,504269,VIABLE_AIR_USP,0,25,25,25.0,CFU/m3,0,400,200.0,T,A,tolawale,2026-08-09T13:00:00,skwon,2026-08-10T13:00:00,T
904270,504270,SETTLE_PLATE_TSA,0,1,1,1.0,CFU/plate,0,1,1.0,F,A,skwon,2026-08-09T09:00:00,dpatel,2026-08-10T01:00:00,T
904271,504271,VIABLE_AIR_USP,0,0,0,0.0,CFU/m3,0,1,1.0,T,A,jchen,2026-08-09T06:00:00,jchen,2026-08-10T12:00:00,T
904272,504272,SETTLE_PLATE_TSA,0,0,0,0.0,CFU/plate,0,5,3.0,T,A,tolawale,2026-08-09T14:00:00,mrodriguez,2026-08-10T17:00:00,T
904273,504273,VIABLE_AIR_USP,0,1,1,1.0,CFU/m3,0,20,10.0,T,A,skwon,2026-08-09T13:00:00,anguyen,2026-08-10T14:00:00,T
904274,504274,SETTLE_PLATE_TSA,0,1,1,1.0,CFU/plate,0,50,25.0,T,A,mrodriguez,2026-08-10T13:00:00,dpatel,2026-08-11T09:00:00,T
904275,504275,VIABLE_AIR_USP,0,10,10,10.0,CFU/m3,0,200,100.0,T,A,anguyen,2026-08-09T15:00:00,skwon,2026-08-10T11:00:00,T
904276,504276,SETTLE_PLATE_TSA,0,2,2,2.0,CFU/plate,0,100,50.0,T,A,anguyen,2026-08-09T16:00:00,jchen,2026-08-10T22:00:00,T
904277,504277,VIABLE_AIR_USP,0,26,26,26.0,CFU/m3,0,400,200.0,T,A,dpatel,2026-08-10T10:00:00,anguyen,2026-08-10T14:00:00,T
904278,504278,SETTLE_PLATE_TSA,0,0,0,0.0,CFU/plate,0,1,1.0,T,A,jchen,2026-08-11T09:00:00,tolawale,2026-08-12T08:00:00,T
904279,504279,VIABLE_AIR_USP,0,0,0,0.0,CFU/m3,0,1,1.0,T,A,dpatel,2026-08-10T12:00:00,tolawale,2026-08-10T14:00:00,T
904280,504280,SETTLE_PLATE_TSA,0,1,1,1.0,CFU/plate,0,5,3.0,T,A,jchen,2026-08-11T12:00:00,anguyen,2026-08-12T11:00:00,T
904281,504281,VIABLE_AIR_USP,0,6,6,6.0,CFU/m3,0,20,10.0,T,A,mrodriguez,2026-08-11T15:00:00,tolawale,2026-08-12T09:00:00,T
904282,504282,SETTLE_PLATE_TSA,0,6,6,6.0,CFU/plate,0,50,25.0,T,A,mrodriguez,2026-08-10T11:00:00,jchen,2026-08-11T07:00:00,T
904283,504283,VIABLE_AIR_USP,0,13,13,13.0,CFU/m3,0,200,100.0,T,A,anguyen,2026-08-11T12:00:00,mrodriguez,2026-08-12T13:00:00,T
904284,504284,SETTLE_PLATE_TSA,0,4,4,4.0,CFU/plate,0,100,50.0,T,A,jchen,2026-08-10T08:00:00,anguyen,2026-08-11T09:00:00,T
904285,504285,VIABLE_AIR_USP,0,22,22,22.0,CFU/m3,0,400,200.0,T,A,jchen,2026-08-10T13:00:00,tolawale,2026-08-10T18:00:00,T
904286,504286,BIOBURDEN_USP61,0,6,6,6.0,CFU/device,0,100,50.0,T,A,skwon,2026-08-11T10:00:00,jchen,2026-08-11T21:00:00,T
904287,504287,LAL_KINETIC,0,1.57,1.57,1.57,EU/device,0,20,10.0,T,A,skwon,2026-08-10T07:00:00,tolawale,2026-08-10T21:00:00,T
904288,504288,BIOBURDEN_USP61,0,6,6,6.0,CFU/device,0,100,50.0,T,A,dpatel,2026-08-10T06:00:00,skwon,2026-08-10T23:00:00,T
904289,504289,LAL_KINETIC,0,1.05,1.05,1.05,EU/device,0,20,10.0,T,A,mrodriguez,2026-08-10T07:00:00,skwon,2026-08-10T17:00:00,T
904290,504290,SETTLE_PLATE_TSA,0,0,0,0.0,CFU/plate,0,1,1.0,T,A,skwon,2026-08-11T13:00:00,mrodriguez,2026-08-12T19:00:00,T
904291,504291,VIABLE_AIR_USP,0,0,0,0.0,CFU/m3,0,1,1.0,T,A,jchen,2026-08-11T17:00:00,anguyen,2026-08-11T21:00:00,T
904292,504292,SETTLE_PLATE_TSA,0,0,0,0.0,CFU/plate,0,5,3.0,T,A,dpatel,2026-08-12T14:00:00,tolawale,2026-08-13T15:00:00,T
904293,504293,VIABLE_AIR_USP,0,4,4,4.0,CFU/m3,0,20,10.0,T,A,jchen,2026-08-11T14:00:00,anguyen,2026-08-12T15:00:00,T
904294,504294,SETTLE_PLATE_TSA,0,1,1,1.0,CFU/plate,0,50,25.0,T,A,jchen,2026-08-11T10:00:00,anguyen,2026-08-11T15:00:00,T
904295,504295,VIABLE_AIR_USP,0,8,8,8.0,CFU/m3,0,200,100.0,T,A,mrodriguez,2026-08-17T12:00:00,dpatel,2026-08-18T15:00:00,T
904296,504296,SETTLE_PLATE_TSA,0,4,4,4.0,CFU/plate,0,100,50.0,T,A,mrodriguez,2026-08-11T14:00:00,mrodriguez,2026-08-12T17:00:00,T
904297,504297,VIABLE_AIR_USP,0,28,28,28.0,CFU/m3,0,400,200.0,T,A,anguyen,2026-08-11T08:00:00,jchen,2026-08-11T11:00:00,T
904298,504298,SETTLE_PLATE_TSA,0,0,0,0.0,CFU/plate,0,1,1.0,T,A,tolawale,2026-08-12T13:00:00,anguyen,2026-08-12T16:00:00,T
904299,504299,VIABLE_AIR_USP,0,0,0,0.0,CFU/m3,0,1,1.0,T,A,jchen,2026-08-13T17:00:00,tolawale,2026-08-14T09:00:00,T
904300,504300,SETTLE_PLATE_TSA,0,2,2,2.0,CFU/plate,0,5,3.0,T,A,anguyen,2026-08-13T08:00:00,mrodriguez,2026-08-13T16:00:00,T
904301,504301,VIABLE_AIR_USP,0,2,2,2.0,CFU/m3,0,20,10.0,T,A,mrodriguez,2026-08-13T12:00:00,mrodriguez,2026-08-13T20:00:00,T
904302,504302,SETTLE_PLATE_TSA,0,3,3,3.0,CFU/plate,0,50,25.0,T,A,jchen,2026-08-12T06:00:00,dpatel,2026-08-13T09:00:00,T
904303,504303,VIABLE_AIR_USP,0,8,8,8.0,CFU/m3,0,200,100.0,T,A,jchen,2026-08-17T07:00:00,mrodriguez,2026-08-17T15:00:00,T
904304,504304,SETTLE_PLATE_TSA,0,2,2,2.0,CFU/plate,0,100,50.0,T,A,anguyen,2026-08-12T16:00:00,tolawale,2026-08-13T18:00:00,T
904305,504305,VIABLE_AIR_USP,0,16,16,16.0,CFU/m3,0,400,200.0,T,A,anguyen,2026-08-13T14:00:00,jchen,2026-08-13T20:00:00,T
904306,504306,SETTLE_PLATE_TSA,0,0,0,0.0,CFU/plate,0,1,1.0,T,A,anguyen,2026-08-14T18:00:00,skwon,2026-08-16T00:00:00,T
904307,504307,VIABLE_AIR_USP,0,0,0,0.0,CFU/m3,0,1,1.0,T,A,dpatel,2026-08-13T17:00:00,tolawale,2026-08-14T10:00:00,T
904308,504308,SETTLE_PLATE_TSA,0,1,1,1.0,CFU/plate,0,5,3.0,T,A,anguyen,2026-08-13T17:00:00,mrodriguez,2026-08-14T15:00:00,T
904309,504309,VIABLE_AIR_USP,0,6,6,6.0,CFU/m3,0,20,10.0,T,A,skwon,2026-08-14T15:00:00,dpatel,2026-08-14T20:00:00,T
904310,504310,SETTLE_PLATE_TSA,0,0,0,0.0,CFU/plate,0,50,25.0,T,A,skwon,2026-08-13T17:00:00,mrodriguez,2026-08-14T21:00:00,T
904311,504311,VIABLE_AIR_USP,0,17,17,17.0,CFU/m3,0,200,100.0,T,A,anguyen,2026-08-13T17:00:00,skwon,2026-08-14T13:00:00,T
904312,504312,SETTLE_PLATE_TSA,0,4,4,4.0,CFU/plate,0,100,50.0,T,A,tolawale,2026-08-13T12:00:00,dpatel,2026-08-14T18:00:00,T
904313,504313,VIABLE_AIR_USP,0,25,25,25.0,CFU/m3,0,400,200.0,T,A,mrodriguez,2026-08-13T18:00:00,mrodriguez,2026-08-14T16:00:00,T
904314,504314,SETTLE_PLATE_TSA,0,0,0,0.0,CFU/plate,0,1,1.0,T,A,jchen,2026-08-15T11:00:00,mrodriguez,2026-08-16T08:00:00,T
904315,504315,VIABLE_AIR_USP,0,0,0,0.0,CFU/m3,0,1,1.0,T,A,jchen,2026-08-15T13:00:00,mrodriguez,2026-08-15T15:00:00,T
904316,504316,SETTLE_PLATE_TSA,0,0,0,0.0,CFU/plate,0,5,3.0,T,A,jchen,2026-08-14T16:00:00,dpatel,2026-08-15T14:00:00,T
904317,504317,VIABLE_AIR_USP,0,0,0,0.0,CFU/m3,0,20,10.0,T,A,tolawale,2026-08-14T15:00:00,tolawale,2026-08-15T04:00:00,T
904318,504318,SETTLE_PLATE_TSA,0,2,2,2.0,CFU/plate,0,50,25.0,T,A,tolawale,2026-08-15T07:00:00,tolawale,2026-08-15T23:00:00,T
904319,504319,VIABLE_AIR_USP,0,8,8,8.0,CFU/m3,0,200,100.0,T,A,skwon,2026-08-14T11:00:00,jchen,2026-08-15T14:00:00,T
904320,504320,SETTLE_PLATE_TSA,0,5,5,5.0,CFU/plate,0,100,50.0,T,A,tolawale,2026-08-15T07:00:00,dpatel,2026-08-16T09:00:00,T
904321,504321,VIABLE_AIR_USP,0,21,21,21.0,CFU/m3,0,400,200.0,T,A,jchen,2026-08-15T12:00:00,skwon,2026-08-15T17:00:00,T
904322,504322,SETTLE_PLATE_TSA,0,0,0,0.0,CFU/plate,0,1,1.0,T,A,tolawale,2026-08-20T11:00:00,tolawale,2026-08-21T17:00:00,T
904323,504323,VIABLE_AIR_USP,0,0,0,0.0,CFU/m3,0,1,1.0,T,A,skwon,2026-08-15T18:00:00,dpatel,2026-08-16T09:00:00,T
904324,504324,SETTLE_PLATE_TSA,0,2,2,2.0,CFU/plate,0,5,3.0,T,A,dpatel,2026-08-16T07:00:00,anguyen,2026-08-17T07:00:00,T
904325,504325,VIABLE_AIR_USP,0,5,5,5.0,CFU/m3,0,20,10.0,T,A,jchen,2026-08-15T10:00:00,skwon,2026-08-16T04:00:00,T
904326,504326,SETTLE_PLATE_TSA,0,3,3,3.0,CFU/plate,0,50,25.0,T,A,mrodriguez,2026-08-15T11:00:00,mrodriguez,2026-08-16T10:00:00,T
904327,504327,VIABLE_AIR_USP,0,4,4,4.0,CFU/m3,0,200,100.0,T,A,skwon,2026-08-16T12:00:00,anguyen,2026-08-17T11:00:00,T
904328,504328,SETTLE_PLATE_TSA,0,9,9,9.0,CFU/plate,0,100,50.0,T,A,anguyen,2026-08-15T11:00:00,dpatel,2026-08-16T09:00:00,T
904329,504329,VIABLE_AIR_USP,0,25,25,25.0,CFU/m3,0,400,200.0,T,A,anguyen,2026-08-16T14:00:00,tolawale,2026-08-17T11:00:00,T
904330,504330,SETTLE_PLATE_TSA,0,0,0,0.0,CFU/plate,0,1,1.0,T,A,mrodriguez,2026-08-16T14:00:00,dpatel,2026-08-17T06:00:00,T
904331,504331,VIABLE_AIR_USP,0,1,1,1.0,CFU/m3,0,1,1.0,F,A,jchen,2026-08-16T06:00:00,skwon,2026-08-16T10:00:00,T
904332,504332,SETTLE_PLATE_TSA,0,0,0,0.0,CFU/plate,0,5,3.0,T,A,dpatel,2026-08-17T11:00:00,jchen,2026-08-17T16:00:00,T
904333,504333,VIABLE_AIR_USP,0,1,1,1.0,CFU/m3,0,20,10.0,T,A,anguyen,2026-08-17T08:00:00,dpatel,2026-08-17T10:00:00,T
904334,504334,SETTLE_PLATE_TSA,0,7,7,7.0,CFU/plate,0,50,25.0,T,A,mrodriguez,2026-08-16T13:00:00,tolawale,2026-08-17T19:00:00,T
904335,504335,VIABLE_AIR_USP,0,16,16,16.0,CFU/m3,0,200,100.0,T,A,tolawale,2026-08-17T08:00:00,tolawale,2026-08-17T20:00:00,T
904336,504336,SETTLE_PLATE_TSA,0,3,3,3.0,CFU/plate,0,100,50.0,T,A,jchen,2026-08-17T07:00:00,jchen,2026-08-18T05:00:00,T
904337,504337,VIABLE_AIR_USP,0,23,23,23.0,CFU/m3,0,400,200.0,T,A,tolawale,2026-08-17T06:00:00,mrodriguez,2026-08-17T23:00:00,T
904338,504338,SETTLE_PLATE_TSA,0,0,0,0.0,CFU/plate,0,1,1.0,T,A,mrodriguez,2026-08-20T15:00:00,mrodriguez,2026-08-21T20:00:00,T
904339,504339,VIABLE_AIR_USP,0,0,0,0.0,CFU/m3,0,1,1.0,T,A,dpatel,2026-08-18T15:00:00,tolawale,2026-08-19T13:00:00,T
904340,504340,SETTLE_PLATE_TSA,0,0,0,0.0,CFU/plate,0,5,3.0,T,A,dpatel,2026-08-18T16:00:00,skwon,2026-08-18T21:00:00,T
904341,504341,VIABLE_AIR_USP,0,6,6,6.0,CFU/m3,0,20,10.0,T,A,tolawale,2026-08-18T12:00:00,skwon,2026-08-19T13:00:00,T
904342,504342,SETTLE_PLATE_TSA,0,2,2,2.0,CFU/plate,0,50,25.0,T,A,dpatel,2026-08-18T15:00:00,dpatel,2026-08-18T23:00:00,T
904343,504343,VIABLE_AIR_USP,0,16,16,16.0,CFU/m3,0,200,100.0,T,A,skwon,2026-08-18T07:00:00,dpatel,2026-08-19T02:00:00,T
904344,504344,SETTLE_PLATE_TSA,0,7,7,7.0,CFU/plate,0,100,50.0,T,A,mrodriguez,2026-08-17T09:00:00,dpatel,2026-08-17T22:00:00,T
904345,504345,VIABLE_AIR_USP,0,18,18,18.0,CFU/m3,0,400,200.0,T,A,anguyen,2026-08-21T13:00:00,mrodriguez,2026-08-22T19:00:00,T
904346,504346,BIOBURDEN_USP61,0,4,4,4.0,CFU/device,0,100,50.0,T,A,skwon,2026-08-18T06:00:00,tolawale,2026-08-18T09:00:00,T
904347,504347,LAL_KINETIC,0,3.08,3.08,3.08,EU/device,0,20,10.0,T,A,jchen,2026-08-19T10:00:00,dpatel,2026-08-20T02:00:00,T
904348,504348,BIOBURDEN_USP61,0,3,3,3.0,CFU/device,0,100,50.0,T,A,mrodriguez,2026-08-18T08:00:00,skwon,2026-08-19T01:00:00,T
904349,504349,LAL_KINETIC,0,0.91,0.91,0.91,EU/device,0,20,10.0,T,A,dpatel,2026-08-18T09:00:00,skwon,2026-08-18T19:00:00,T
904350,504350,SETTLE_PLATE_TSA,0,0,0,0.0,CFU/plate,0,1,1.0,T,A,dpatel,2026-08-18T06:00:00,skwon,2026-08-18T21:00:00,T
904351,504351,VIABLE_AIR_USP,0,0,0,0.0,CFU/m3,0,1,1.0,T,A,mrodriguez,2026-08-19T12:00:00,skwon,2026-08-20T13:00:00,T
904352,504352,SETTLE_PLATE_TSA,0,0,0,0.0,CFU/plate,0,5,3.0,T,A,skwon,2026-08-18T15:00:00,dpatel,2026-08-19T04:00:00,T
904353,504353,VIABLE_AIR_USP,0,6,6,6.0,CFU/m3,0,20,10.0,T,A,jchen,2026-08-18T10:00:00,jchen,2026-08-18T12:00:00,T
904354,504354,SETTLE_PLATE_TSA,0,4,4,4.0,CFU/plate,0,50,25.0,T,A,dpatel,2026-08-19T08:00:00,jchen,2026-08-19T12:00:00,T
904355,504355,VIABLE_AIR_USP,0,8,8,8.0,CFU/m3,0,200,100.0,T,A,mrodriguez,2026-08-19T17:00:00,anguyen,2026-08-19T19:00:00,T
904356,504356,SETTLE_PLATE_TSA,0,7,7,7.0,CFU/plate,0,100,50.0,T,A,tolawale,2026-08-18T15:00:00,jchen,2026-08-19T02:00:00,T
904357,504357,VIABLE_AIR_USP,0,26,26,26.0,CFU/m3,0,400,200.0,T,A,mrodriguez,2026-08-18T09:00:00,tolawale,2026-08-19T10:00:00,T
904358,504358,SETTLE_PLATE_TSA,0,0,0,0.0,CFU/plate,0,1,1.0,T,A,tolawale,2026-08-20T11:00:00,anguyen,2026-08-20T17:00:00,T
904359,504359,VIABLE_AIR_USP,0,1,1,1.0,CFU/m3,0,1,1.0,F,A,tolawale,2026-08-20T08:00:00,anguyen,2026-08-21T11:00:00,T
904360,504360,SETTLE_PLATE_TSA,0,1,1,1.0,CFU/plate,0,5,3.0,T,A,dpatel,2026-08-20T13:00:00,tolawale,2026-08-21T17:00:00,T
904361,504361,VIABLE_AIR_USP,0,2,2,2.0,CFU/m3,0,20,10.0,T,A,mrodriguez,2026-08-19T07:00:00,dpatel,2026-08-20T00:00:00,T
904362,504362,SETTLE_PLATE_TSA,0,1,1,1.0,CFU/plate,0,50,25.0,T,A,skwon,2026-08-19T09:00:00,tolawale,2026-08-20T14:00:00,T
904363,504363,VIABLE_AIR_USP,0,10,10,10.0,CFU/m3,0,200,100.0,T,A,mrodriguez,2026-08-19T12:00:00,mrodriguez,2026-08-20T17:00:00,T
904364,504364,SETTLE_PLATE_TSA,0,6,6,6.0,CFU/plate,0,100,50.0,T,A,skwon,2026-08-20T09:00:00,dpatel,2026-08-21T11:00:00,T
904365,504365,VIABLE_AIR_USP,0,30,30,30.0,CFU/m3,0,400,200.0,T,A,tolawale,2026-08-20T13:00:00,mrodriguez,2026-08-20T18:00:00,T
904366,504366,SETTLE_PLATE_TSA,0,0,0,0.0,CFU/plate,0,1,1.0,T,A,jchen,2026-08-20T15:00:00,tolawale,2026-08-20T17:00:00,T
904367,504367,VIABLE_AIR_USP,0,0,0,0.0,CFU/m3,0,1,1.0,T,A,anguyen,2026-08-20T07:00:00,dpatel,2026-08-21T00:00:00,T
904368,504368,SETTLE_PLATE_TSA,0,3,3,3.0,CFU/plate,0,5,3.0,T,A,dpatel,2026-08-20T17:00:00,skwon,2026-08-21T19:00:00,T
904369,504369,VIABLE_AIR_USP,0,4,4,4.0,CFU/m3,0,20,10.0,T,A,mrodriguez,2026-08-20T13:00:00,mrodriguez,2026-08-21T13:00:00,T
904370,504370,SETTLE_PLATE_TSA,0,3,3,3.0,CFU/plate,0,50,25.0,T,A,mrodriguez,2026-08-20T16:00:00,anguyen,2026-08-21T10:00:00,T
904371,504371,VIABLE_AIR_USP,0,14,14,14.0,CFU/m3,0,200,100.0,T,A,mrodriguez,2026-08-21T11:00:00,mrodriguez,2026-08-21T14:00:00,T
904372,504372,SETTLE_PLATE_TSA,0,5,5,5.0,CFU/plate,0,100,50.0,T,A,mrodriguez,2026-08-20T13:00:00,skwon,2026-08-21T13:00:00,T
904373,504373,VIABLE_AIR_USP,0,22,22,22.0,CFU/m3,0,400,200.0,T,A,tolawale,2026-08-21T13:00:00,jchen,2026-08-22T18:00:00,T
904374,504374,SETTLE_PLATE_TSA,0,0,0,0.0,CFU/plate,0,1,1.0,T,A,mrodriguez,2026-08-21T14:00:00,anguyen,2026-08-21T21:00:00,T
904375,504375,VIABLE_AIR_USP,0,0,0,0.0,CFU/m3,0,1,1.0,T,A,jchen,2026-08-21T07:00:00,dpatel,2026-08-22T06:00:00,T
904376,504376,SETTLE_PLATE_TSA,0,2,2,2.0,CFU/plate,0,5,3.0,T,A,mrodriguez,2026-08-21T08:00:00,skwon,2026-08-21T14:00:00,T
904377,504377,VIABLE_AIR_USP,0,6,6,6.0,CFU/m3,0,20,10.0,T,A,jchen,2026-08-22T08:00:00,tolawale,2026-08-23T14:00:00,T
904378,504378,SETTLE_PLATE_TSA,0,4,4,4.0,CFU/plate,0,50,25.0,T,A,anguyen,2026-08-21T16:00:00,anguyen,2026-08-21T22:00:00,T
904379,504379,VIABLE_AIR_USP,0,9,9,9.0,CFU/m3,0,200,100.0,T,A,anguyen,2026-08-25T08:00:00,tolawale,2026-08-25T10:00:00,T
904380,504380,SETTLE_PLATE_TSA,0,5,5,5.0,CFU/plate,0,100,50.0,T,A,jchen,2026-08-22T12:00:00,anguyen,2026-08-22T19:00:00,T
904381,504381,VIABLE_AIR_USP,0,28,28,28.0,CFU/m3,0,400,200.0,T,A,anguyen,2026-08-21T10:00:00,jchen,2026-08-21T19:00:00,T
904382,504382,SETTLE_PLATE_TSA,0,1,1,1.0,CFU/plate,0,1,1.0,F,A,anguyen,2026-08-23T11:00:00,skwon,2026-08-24T03:00:00,T
904383,504383,VIABLE_AIR_USP,0,0,0,0.0,CFU/m3,0,1,1.0,T,A,jchen,2026-08-22T13:00:00,anguyen,2026-08-23T18:00:00,T
904384,504384,SETTLE_PLATE_TSA,0,0,0,0.0,CFU/plate,0,5,3.0,T,A,dpatel,2026-08-27T10:00:00,jchen,2026-08-27T19:00:00,T
904385,504385,VIABLE_AIR_USP,0,4,4,4.0,CFU/m3,0,20,10.0,T,A,skwon,2026-08-23T18:00:00,dpatel,2026-08-24T18:00:00,T
904386,504386,SETTLE_PLATE_TSA,0,4,4,4.0,CFU/plate,0,50,25.0,T,A,jchen,2026-08-22T12:00:00,dpatel,2026-08-23T00:00:00,T
904387,504387,VIABLE_AIR_USP,0,9,9,9.0,CFU/m3,0,200,100.0,T,A,mrodriguez,2026-08-23T15:00:00,tolawale,2026-08-24T12:00:00,T
904388,504388,SETTLE_PLATE_TSA,0,8,8,8.0,CFU/plate,0,100,50.0,T,A,anguyen,2026-08-23T08:00:00,dpatel,2026-08-24T03:00:00,T
904389,504389,VIABLE_AIR_USP,0,28,28,28.0,CFU/m3,0,400,200.0,T,A,jchen,2026-08-22T15:00:00,dpatel,2026-08-23T01:00:00,T
904390,504390,SETTLE_PLATE_TSA,0,0,0,0.0,CFU/plate,0,1,1.0,T,A,skwon,2026-08-24T14:00:00,mrodriguez,2026-08-25T00:00:00,T
904391,504391,VIABLE_AIR_USP,0,0,0,0.0,CFU/m3,0,1,1.0,T,A,mrodriguez,2026-08-24T11:00:00,skwon,2026-08-25T02:00:00,T
904392,504392,SETTLE_PLATE_TSA,0,1,1,1.0,CFU/plate,0,5,3.0,T,A,anguyen,2026-08-24T17:00:00,dpatel,2026-08-25T18:00:00,T
904393,504393,VIABLE_AIR_USP,0,2,2,2.0,CFU/m3,0,20,10.0,T,A,dpatel,2026-08-23T09:00:00,skwon,2026-08-23T23:00:00,T
904394,504394,SETTLE_PLATE_TSA,0,3,3,3.0,CFU/plate,0,50,25.0,T,A,dpatel,2026-08-24T12:00:00,skwon,2026-08-25T10:00:00,T
904395,504395,VIABLE_AIR_USP,0,8,8,8.0,CFU/m3,0,200,100.0,T,A,mrodriguez,2026-08-23T09:00:00,anguyen,2026-08-23T16:00:00,T
904396,504396,SETTLE_PLATE_TSA,0,2,2,2.0,CFU/plate,0,100,50.0,T,A,tolawale,2026-08-23T13:00:00,anguyen,2026-08-23T22:00:00,T
904397,504397,VIABLE_AIR_USP,0,22,22,22.0,CFU/m3,0,400,200.0,T,A,jchen,2026-08-24T12:00:00,jchen,2026-08-25T02:00:00,T
904398,504398,SETTLE_PLATE_TSA,0,0,0,0.0,CFU/plate,0,1,1.0,T,A,skwon,2026-08-24T14:00:00,anguyen,2026-08-25T20:00:00,T
904399,504399,VIABLE_AIR_USP,0,0,0,0.0,CFU/m3,0,1,1.0,T,A,mrodriguez,2026-08-24T13:00:00,skwon,2026-08-24T21:00:00,T
904400,504400,SETTLE_PLATE_TSA,0,2,2,2.0,CFU/plate,0,5,3.0,T,A,skwon,2026-08-24T11:00:00,jchen,2026-08-25T16:00:00,T
904401,504401,VIABLE_AIR_USP,0,3,3,3.0,CFU/m3,0,20,10.0,T,A,skwon,2026-08-25T09:00:00,mrodriguez,2026-08-25T22:00:00,T
904402,504402,SETTLE_PLATE_TSA,0,3,3,3.0,CFU/plate,0,50,25.0,T,A,skwon,2026-08-24T16:00:00,jchen,2026-08-25T19:00:00,T
904403,504403,VIABLE_AIR_USP,0,9,9,9.0,CFU/m3,0,200,100.0,T,A,skwon,2026-08-24T14:00:00,jchen,2026-08-25T12:00:00,T
904404,504404,SETTLE_PLATE_TSA,0,7,7,7.0,CFU/plate,0,100,50.0,T,A,mrodriguez,2026-08-25T07:00:00,tolawale,2026-08-26T11:00:00,T
904405,504405,VIABLE_AIR_USP,0,34,34,34.0,CFU/m3,0,400,200.0,T,A,mrodriguez,2026-08-25T13:00:00,dpatel,2026-08-26T14:00:00,T
904406,504406,BIOBURDEN_USP61,0,7,7,7.0,CFU/device,0,100,50.0,T,A,jchen,2026-08-26T09:00:00,skwon,2026-08-27T02:00:00,T
904407,504407,LAL_KINETIC,0,1.28,1.28,1.28,EU/device,0,20,10.0,T,A,jchen,2026-08-25T06:00:00,jchen,2026-08-25T16:00:00,T
904408,504408,SETTLE_PLATE_TSA,0,0,0,0.0,CFU/plate,0,1,1.0,T,A,tolawale,2026-08-26T12:00:00,mrodriguez,2026-08-27T18:00:00,T
904409,504409,VIABLE_AIR_USP,0,0,0,0.0,CFU/m3,0,1,1.0,T,A,jchen,2026-08-26T12:00:00,skwon,2026-08-27T06:00:00,T
904410,504410,SETTLE_PLATE_TSA,0,1,1,1.0,CFU/plate,0,5,3.0,T,A,skwon,2026-08-26T08:00:00,dpatel,2026-08-27T09:00:00,T
904411,504411,VIABLE_AIR_USP,0,5,5,5.0,CFU/m3,0,20,10.0,T,A,skwon,2026-08-25T14:00:00,tolawale,2026-08-26T16:00:00,T
904412,504412,SETTLE_PLATE_TSA,0,2,2,2.0,CFU/plate,0,50,25.0,T,A,mrodriguez,2026-08-26T11:00:00,dpatel,2026-08-27T09:00:00,T
904413,504413,VIABLE_AIR_USP,0,8,8,8.0,CFU/m3,0,200,100.0,T,A,anguyen,2026-08-25T16:00:00,dpatel,2026-08-26T00:00:00,T
904414,504414,SETTLE_PLATE_TSA,0,7,7,7.0,CFU/plate,0,100,50.0,T,A,tolawale,2026-08-25T09:00:00,anguyen,2026-08-26T05:00:00,T
904415,504415,VIABLE_AIR_USP,0,26,26,26.0,CFU/m3,0,400,200.0,T,A,jchen,2026-08-25T07:00:00,jchen,2026-08-25T23:00:00,T
904416,504416,SETTLE_PLATE_TSA,0,0,0,0.0,CFU/plate,0,1,1.0,T,A,dpatel,2026-08-27T11:00:00,skwon,2026-08-28T02:00:00,T
904417,504417,VIABLE_AIR_USP,0,0,0,0.0,CFU/m3,0,1,1.0,T,A,jchen,2026-08-27T14:00:00,dpatel,2026-08-28T04:00:00,T
904418,504418,SETTLE_PLATE_TSA,0,0,0,0.0,CFU/plate,0,5,3.0,T,A,mrodriguez,2026-08-26T16:00:00,dpatel,2026-08-27T15:00:00,T
904419,504419,VIABLE_AIR_USP,0,5,5,5.0,CFU/m3,0,20,10.0,T,A,skwon,2026-08-27T15:00:00,tolawale,2026-08-28T04:00:00,T
904420,504420,SETTLE_PLATE_TSA,0,2,2,2.0,CFU/plate,0,50,25.0,T,A,skwon,2026-08-26T16:00:00,jchen,2026-08-27T05:00:00,T
904421,504421,VIABLE_AIR_USP,0,14,14,14.0,CFU/m3,0,200,100.0,T,A,tolawale,2026-08-27T12:00:00,mrodriguez,2026-08-28T00:00:00,T
904422,504422,SETTLE_PLATE_TSA,0,6,6,6.0,CFU/plate,0,100,50.0,T,A,dpatel,2026-08-27T14:00:00,anguyen,2026-08-27T20:00:00,T
904423,504423,VIABLE_AIR_USP,0,33,33,33.0,CFU/m3,0,400,200.0,T,A,skwon,2026-08-27T09:00:00,skwon,2026-08-27T16:00:00,T
904424,504424,SETTLE_PLATE_TSA,0,0,0,0.0,CFU/plate,0,1,1.0,T,A,dpatel,2026-08-28T12:00:00,skwon,2026-08-29T09:00:00,T
904425,504425,VIABLE_AIR_USP,0,0,0,0.0,CFU/m3,0,1,1.0,T,A,tolawale,2026-08-28T07:00:00,skwon,2026-08-28T10:00:00,T
904426,504426,SETTLE_PLATE_TSA,0,0,0,0.0,CFU/plate,0,5,3.0,T,A,mrodriguez,2026-08-27T11:00:00,dpatel,2026-08-28T14:00:00,T
904427,504427,VIABLE_AIR_USP,0,2,2,2.0,CFU/m3,0,20,10.0,T,A,jchen,2026-08-27T10:00:00,jchen,2026-08-27T19:00:00,T
904428,504428,SETTLE_PLATE_TSA,0,4,4,4.0,CFU/plate,0,50,25.0,T,A,dpatel,2026-08-28T15:00:00,anguyen,2026-08-29T01:00:00,T
904429,504429,VIABLE_AIR_USP,0,13,13,13.0,CFU/m3,0,200,100.0,T,A,skwon,2026-08-27T14:00:00,anguyen,2026-08-28T03:00:00,T
904430,504430,SETTLE_PLATE_TSA,0,7,7,7.0,CFU/plate,0,100,50.0,T,A,dpatel,2026-08-28T10:00:00,tolawale,2026-08-28T23:00:00,T
904431,504431,VIABLE_AIR_USP,0,21,21,21.0,CFU/m3,0,400,200.0,T,A,dpatel,2026-08-28T15:00:00,anguyen,2026-08-28T23:00:00,T
904432,504432,SETTLE_PLATE_TSA,0,0,0,0.0,CFU/plate,0,1,1.0,T,A,dpatel,2026-08-29T13:00:00,mrodriguez,2026-08-30T10:00:00,T
904433,504433,VIABLE_AIR_USP,0,0,0,0.0,CFU/m3,0,1,1.0,T,A,anguyen,2026-08-29T15:00:00,dpatel,2026-08-30T06:00:00,T
904434,504434,SETTLE_PLATE_TSA,0,4,4,4.0,CFU/plate,0,5,3.0,T,A,mrodriguez,2026-08-29T10:00:00,anguyen,2026-08-30T10:00:00,T
904435,504435,VIABLE_AIR_USP,0,4,4,4.0,CFU/m3,0,20,10.0,T,A,jchen,2026-08-29T12:00:00,anguyen,2026-08-29T22:00:00,T
904436,504436,SETTLE_PLATE_TSA,0,2,2,2.0,CFU/plate,0,50,25.0,T,A,tolawale,2026-08-28T15:00:00,anguyen,2026-08-29T18:00:00,T
904437,504437,VIABLE_AIR_USP,0,11,11,11.0,CFU/m3,0,200,100.0,T,A,anguyen,2026-08-28T16:00:00,mrodriguez,2026-08-29T12:00:00,T
904438,504438,SETTLE_PLATE_TSA,0,6,6,6.0,CFU/plate,0,100,50.0,T,A,jchen,2026-08-29T07:00:00,tolawale,2026-08-30T04:00:00,T
904439,504439,VIABLE_AIR_USP,0,27,27,27.0,CFU/m3,0,400,200.0,T,A,dpatel,2026-08-28T10:00:00,tolawale,2026-08-28T18:00:00,T
904440,504440,SETTLE_PLATE_TSA,0,0,0,0.0,CFU/plate,0,1,1.0,T,A,jchen,2026-08-30T08:00:00,tolawale,2026-08-31T04:00:00,T
904441,504441,VIABLE_AIR_USP,0,0,0,0.0,CFU/m3,0,1,1.0,T,A,tolawale,2026-08-29T12:00:00,dpatel,2026-08-30T16:00:00,T
904442,504442,SETTLE_PLATE_TSA,0,0,0,0.0,CFU/plate,0,5,3.0,T,A,jchen,2026-08-30T13:00:00,tolawale,2026-08-31T04:00:00,T
904443,504443,VIABLE_AIR_USP,0,5,5,5.0,CFU/m3,0,20,10.0,T,A,mrodriguez,2026-08-30T10:00:00,dpatel,2026-08-31T04:00:00,T
904444,504444,SETTLE_PLATE_TSA,0,2,2,2.0,CFU/plate,0,50,25.0,T,A,mrodriguez,2026-08-29T13:00:00,jchen,2026-08-29T15:00:00,T
904445,504445,VIABLE_AIR_USP,0,12,12,12.0,CFU/m3,0,200,100.0,T,A,dpatel,2026-08-30T09:00:00,mrodriguez,2026-08-31T08:00:00,T
904446,504446,SETTLE_PLATE_TSA,0,6,6,6.0,CFU/plate,0,100,50.0,T,A,dpatel,2026-08-30T10:00:00,dpatel,2026-08-31T03:00:00,T
904447,504447,VIABLE_AIR_USP,0,18,18,18.0,CFU/m3,0,400,200.0,T,A,mrodriguez,2026-08-29T12:00:00,anguyen,2026-08-30T06:00:00,T
904448,504448,SETTLE_PLATE_TSA,0,0,0,0.0,CFU/plate,0,1,1.0,T,A,skwon,2026-09-04T14:00:00,mrodriguez,2026-09-04T16:00:00,T
904449,504449,VIABLE_AIR_USP,0,0,0,0.0,CFU/m3,0,1,1.0,T,A,jchen,2026-08-30T18:00:00,tolawale,2026-08-31T01:00:00,T
904450,504450,SETTLE_PLATE_TSA,0,2,2,2.0,CFU/plate,0,5,3.0,T,A,mrodriguez,2026-08-31T14:00:00,mrodriguez,2026-09-01T12:00:00,T
904451,504451,VIABLE_AIR_USP,0,4,4,4.0,CFU/m3,0,20,10.0,T,A,dpatel,2026-08-31T09:00:00,skwon,2026-09-01T01:00:00,T
904452,504452,SETTLE_PLATE_TSA,0,3,3,3.0,CFU/plate,0,50,25.0,T,A,dpatel,2026-08-30T12:00:00,mrodriguez,2026-08-31T04:00:00,T
904453,504453,VIABLE_AIR_USP,0,20,20,20.0,CFU/m3,0,200,100.0,T,A,skwon,2026-08-30T12:00:00,tolawale,2026-08-31T15:00:00,T
904454,504454,SETTLE_PLATE_TSA,0,2,2,2.0,CFU/plate,0,100,50.0,T,A,skwon,2026-08-30T08:00:00,tolawale,2026-08-30T21:00:00,T
904455,504455,VIABLE_AIR_USP,0,23,23,23.0,CFU/m3,0,400,200.0,T,A,mrodriguez,2026-08-30T14:00:00,anguyen,2026-08-30T21:00:00,T
904456,504456,SETTLE_PLATE_TSA,0,0,0,0.0,CFU/plate,0,1,1.0,T,A,tolawale,2026-08-31T14:00:00,skwon,2026-09-01T17:00:00,T
904457,504457,VIABLE_AIR_USP,0,0,0,0.0,CFU/m3,0,1,1.0,T,A,jchen,2026-08-31T13:00:00,tolawale,2026-09-01T05:00:00,T
904458,504458,SETTLE_PLATE_TSA,0,1,1,1.0,CFU/plate,0,5,3.0,T,A,dpatel,2026-09-01T14:00:00,jchen,2026-09-02T06:00:00,T
904459,504459,VIABLE_AIR_USP,0,3,3,3.0,CFU/m3,0,20,10.0,T,A,jchen,2026-08-31T13:00:00,mrodriguez,2026-09-01T12:00:00,T
904460,504460,SETTLE_PLATE_TSA,0,3,3,3.0,CFU/plate,0,50,25.0,T,A,tolawale,2026-09-01T10:00:00,tolawale,2026-09-01T13:00:00,T
904461,504461,VIABLE_AIR_USP,0,8,8,8.0,CFU/m3,0,200,100.0,T,A,mrodriguez,2026-08-31T14:00:00,dpatel,2026-09-01T00:00:00,T
904462,504462,SETTLE_PLATE_TSA,0,6,6,6.0,CFU/plate,0,100,50.0,T,A,skwon,2026-09-01T12:00:00,tolawale,2026-09-01T19:00:00,T
904463,504463,VIABLE_AIR_USP,0,24,24,24.0,CFU/m3,0,400,200.0,T,A,skwon,2026-08-31T13:00:00,anguyen,2026-09-01T03:00:00,T
904464,504464,BIOBURDEN_USP61,0,3,3,3.0,CFU/device,0,100,50.0,T,A,tolawale,2026-09-02T06:00:00,dpatel,2026-09-02T22:00:00,T
904465,504465,LAL_KINETIC,0,1.16,1.16,1.16,EU/device,0,20,10.0,T,A,jchen,2026-08-31T09:00:00,anguyen,2026-08-31T17:00:00,T
904466,504466,SETTLE_PLATE_TSA,0,0,0,0.0,CFU/plate,0,1,1.0,T,A,jchen,2026-09-01T12:00:00,mrodriguez,2026-09-01T20:00:00,T
904467,504467,VIABLE_AIR_USP,0,0,0,0.0,CFU/m3,0,1,1.0,T,A,tolawale,2026-09-02T14:00:00,dpatel,2026-09-03T01:00:00,T
904468,504468,SETTLE_PLATE_TSA,0,3,3,3.0,CFU/plate,0,5,3.0,T,A,mrodriguez,2026-09-02T16:00:00,mrodriguez,2026-09-03T14:00:00,T
904469,504469,VIABLE_AIR_USP,0,4,4,4.0,CFU/m3,0,20,10.0,T,A,tolawale,2026-09-01T13:00:00,dpatel,2026-09-02T17:00:00,T
904470,504470,SETTLE_PLATE_TSA,0,6,6,6.0,CFU/plate,0,50,25.0,T,A,anguyen,2026-09-01T14:00:00,skwon,2026-09-02T01:00:00,T
904471,504471,VIABLE_AIR_USP,0,14,14,14.0,CFU/m3,0,200,100.0,T,A,jchen,2026-09-02T11:00:00,anguyen,2026-09-02T23:00:00,T
904472,504472,SETTLE_PLATE_TSA,0,5,5,5.0,CFU/plate,0,100,50.0,T,A,anguyen,2026-09-02T14:00:00,dpatel,2026-09-03T10:00:00,T
904473,504473,VIABLE_AIR_USP,0,25,25,25.0,CFU/m3,0,400,200.0,T,A,jchen,2026-09-01T09:00:00,dpatel,2026-09-02T01:00:00,T
904474,504474,SETTLE_PLATE_TSA,0,1,1,1.0,CFU/plate,0,1,1.0,F,A,tolawale,2026-09-03T11:00:00,anguyen,2026-09-03T15:00:00,T
904475,504475,VIABLE_AIR_USP,0,0,0,0.0,CFU/m3,0,1,1.0,T,A,dpatel,2026-09-03T11:00:00,mrodriguez,2026-09-04T03:00:00,T
904476,504476,SETTLE_PLATE_TSA,0,0,0,0.0,CFU/plate,0,5,3.0,T,A,jchen,2026-09-03T11:00:00,mrodriguez,2026-09-04T02:00:00,T
904477,504477,VIABLE_AIR_USP,0,7,7,7.0,CFU/m3,0,20,10.0,T,A,skwon,2026-09-05T13:00:00,mrodriguez,2026-09-06T16:00:00,T
904478,504478,SETTLE_PLATE_TSA,0,1,1,1.0,CFU/plate,0,50,25.0,T,A,jchen,2026-09-06T12:00:00,dpatel,2026-09-07T10:00:00,T
904479,504479,VIABLE_AIR_USP,0,9,9,9.0,CFU/m3,0,200,100.0,T,A,anguyen,2026-09-03T07:00:00,tolawale,2026-09-03T11:00:00,T
904480,504480,SETTLE_PLATE_TSA,0,10,10,10.0,CFU/plate,0,100,50.0,T,A,skwon,2026-09-03T10:00:00,tolawale,2026-09-04T02:00:00,T
904481,504481,VIABLE_AIR_USP,0,26,26,26.0,CFU/m3,0,400,200.0,T,A,dpatel,2026-09-02T18:00:00,mrodriguez,2026-09-03T10:00:00,T
904482,504482,SETTLE_PLATE_TSA,0,0,0,0.0,CFU/plate,0,1,1.0,T,A,skwon,2026-09-03T08:00:00,mrodriguez,2026-09-04T00:00:00,T
904483,504483,VIABLE_AIR_USP,0,0,0,0.0,CFU/m3,0,1,1.0,T,A,skwon,2026-09-04T13:00:00,mrodriguez,2026-09-05T13:00:00,T
904484,504484,SETTLE_PLATE_TSA,0,1,1,1.0,CFU/plate,0,5,3.0,T,A,tolawale,2026-09-04T09:00:00,anguyen,2026-09-05T03:00:00,T
904485,504485,VIABLE_AIR_USP,0,4,4,4.0,CFU/m3,0,20,10.0,T,A,tolawale,2026-09-08T13:00:00,dpatel,2026-09-09T09:00:00,T
904486,504486,SETTLE_PLATE_TSA,0,4,4,4.0,CFU/plate,0,50,25.0,T,A,anguyen,2026-09-03T13:00:00,mrodriguez,2026-09-04T03:00:00,T
904487,504487,VIABLE_AIR_USP,0,12,12,12.0,CFU/m3,0,200,100.0,T,A,dpatel,2026-09-03T14:00:00,dpatel,2026-09-03T23:00:00,T
904488,504488,SETTLE_PLATE_TSA,0,7,7,7.0,CFU/plate,0,100,50.0,T,A,tolawale,2026-09-03T17:00:00,tolawale,2026-09-03T20:00:00,T
904489,504489,VIABLE_AIR_USP,0,29,29,29.0,CFU/m3,0,400,200.0,T,A,mrodriguez,2026-09-03T11:00:00,skwon,2026-09-04T09:00:00,T
904490,504490,SETTLE_PLATE_TSA,0,0,0,0.0,CFU/plate,0,1,1.0,T,A,dpatel,2026-09-05T12:00:00,jchen,2026-09-05T16:00:00,T
904491,504491,VIABLE_AIR_USP,0,1,1,1.0,CFU/m3,0,1,1.0,F,A,skwon,2026-09-05T18:00:00,skwon,2026-09-06T18:00:00,T
904492,504492,SETTLE_PLATE_TSA,0,1,1,1.0,CFU/plate,0,5,3.0,T,A,anguyen,2026-09-05T08:00:00,tolawale,2026-09-06T10:00:00,T
904493,504493,VIABLE_AIR_USP,0,4,4,4.0,CFU/m3,0,20,10.0,T,A,dpatel,2026-09-05T15:00:00,mrodriguez,2026-09-06T06:00:00,T
904494,504494,SETTLE_PLATE_TSA,0,3,3,3.0,CFU/plate,0,50,25.0,T,A,anguyen,2026-09-04T09:00:00,anguyen,2026-09-05T14:00:00,T
904495,504495,VIABLE_AIR_USP,0,11,11,11.0,CFU/m3,0,200,100.0,T,A,jchen,2026-09-04T10:00:00,anguyen,2026-09-05T03:00:00,T
904496,504496,SETTLE_PLATE_TSA,0,6,6,6.0,CFU/plate,0,100,50.0,T,A,skwon,2026-09-04T15:00:00,jchen,2026-09-05T18:00:00,T
904497,504497,VIABLE_AIR_USP,0,26,26,26.0,CFU/m3,0,400,200.0,T,A,mrodriguez,2026-09-04T08:00:00,jchen,2026-09-04T22:00:00,T
904498,504498,SETTLE_PLATE_TSA,0,0,0,0.0,CFU/plate,0,1,1.0,T,A,jchen,2026-09-09T10:00:00,dpatel,2026-09-10T06:00:00,T
904499,504499,VIABLE_AIR_USP,0,0,0,0.0,CFU/m3,0,1,1.0,T,A,mrodriguez,2026-09-06T09:00:00,dpatel,2026-09-07T08:00:00,T
904500,504500,SETTLE_PLATE_TSA,0,1,1,1.0,CFU/plate,0,5,3.0,T,A,mrodriguez,2026-09-06T10:00:00,jchen,2026-09-06T17:00:00,T
904501,504501,VIABLE_AIR_USP,0,7,7,7.0,CFU/m3,0,20,10.0,T,A,skwon,2026-09-05T11:00:00,anguyen,2026-09-06T08:00:00,T
904502,504502,SETTLE_PLATE_TSA,0,3,3,3.0,CFU/plate,0,50,25.0,T,A,tolawale,2026-09-06T11:00:00,tolawale,2026-09-07T01:00:00,T
904503,504503,VIABLE_AIR_USP,0,10,10,10.0,CFU/m3,0,200,100.0,T,A,tolawale,2026-09-08T07:00:00,dpatel,2026-09-08T23:00:00,T
904504,504504,SETTLE_PLATE_TSA,0,5,5,5.0,CFU/plate,0,100,50.0,T,A,dpatel,2026-09-05T11:00:00,skwon,2026-09-05T19:00:00,T
904505,504505,VIABLE_AIR_USP,0,17,17,17.0,CFU/m3,0,400,200.0,T,A,dpatel,2026-09-06T10:00:00,jchen,2026-09-07T01:00:00,T
904506,504506,SETTLE_PLATE_TSA,0,0,0,0.0,CFU/plate,0,1,1.0,T,A,tolawale,2026-09-07T06:00:00,mrodriguez,2026-09-07T12:00:00,T
904507,504507,VIABLE_AIR_USP,0,0,0,0.0,CFU/m3,0,1,1.0,T,A,jchen,2026-09-06T07:00:00,tolawale,2026-09-07T04:00:00,T
904508,504508,SETTLE_PLATE_TSA,0,1,1,1.0,CFU/plate,0,5,3.0,T,A,jchen,2026-09-06T14:00:00,anguyen,2026-09-07T12:00:00,T
904509,504509,VIABLE_AIR_USP,0,4,4,4.0,CFU/m3,0,20,10.0,T,A,mrodriguez,2026-09-07T07:00:00,anguyen,2026-09-07T09:00:00,T
904510,504510,SETTLE_PLATE_TSA,0,4,4,4.0,CFU/plate,0,50,25.0,T,A,dpatel,2026-09-06T09:00:00,dpatel,2026-09-07T08:00:00,T
904511,504511,VIABLE_AIR_USP,0,9,9,9.0,CFU/m3,0,200,100.0,T,A,skwon,2026-09-06T09:00:00,jchen,2026-09-07T15:00:00,T
904512,504512,SETTLE_PLATE_TSA,0,5,5,5.0,CFU/plate,0,100,50.0,T,A,skwon,2026-09-07T11:00:00,mrodriguez,2026-09-08T05:00:00,T
904513,504513,VIABLE_AIR_USP,0,21,21,21.0,CFU/m3,0,400,200.0,T,A,skwon,2026-09-06T10:00:00,anguyen,2026-09-07T00:00:00,T
904514,504514,SETTLE_PLATE_TSA,0,0,0,0.0,CFU/plate,0,1,1.0,T,A,tolawale,2026-09-07T09:00:00,jchen,2026-09-07T16:00:00,T
904515,504515,VIABLE_AIR_USP,0,0,0,0.0,CFU/m3,0,1,1.0,T,A,skwon,2026-09-07T16:00:00,jchen,2026-09-08T08:00:00,T
904516,504516,SETTLE_PLATE_TSA,0,4,4,4.0,CFU/plate,0,5,3.0,T,A,anguyen,2026-09-08T15:00:00,jchen,2026-09-08T23:00:00,T
904517,504517,VIABLE_AIR_USP,0,6,6,6.0,CFU/m3,0,20,10.0,T,A,dpatel,2026-09-07T14:00:00,jchen,2026-09-08T00:00:00,T
904518,504518,SETTLE_PLATE_TSA,0,4,4,4.0,CFU/plate,0,50,25.0,T,A,dpatel,2026-09-07T17:00:00,dpatel,2026-09-08T03:00:00,T
904519,504519,VIABLE_AIR_USP,0,11,11,11.0,CFU/m3,0,200,100.0,T,A,skwon,2026-09-08T08:00:00,anguyen,2026-09-08T17:00:00,T
904520,504520,SETTLE_PLATE_TSA,0,8,8,8.0,CFU/plate,0,100,50.0,T,A,skwon,2026-09-10T18:00:00,mrodriguez,2026-09-11T16:00:00,T
904521,504521,VIABLE_AIR_USP,0,30,30,30.0,CFU/m3,0,400,200.0,T,A,skwon,2026-09-08T09:00:00,mrodriguez,2026-09-08T21:00:00,T
904522,504522,BIOBURDEN_USP61,0,6,6,6.0,CFU/device,0,100,50.0,T,A,mrodriguez,2026-09-08T09:00:00,tolawale,2026-09-08T16:00:00,T
904523,504523,LAL_KINETIC,0,1.05,1.05,1.05,EU/device,0,20,10.0,T,A,skwon,2026-09-07T10:00:00,mrodriguez,2026-09-07T16:00:00,T
904524,504524,BIOBURDEN_USP61,0,2,2,2.0,CFU/device,0,100,50.0,T,A,mrodriguez,2026-09-07T10:00:00,jchen,2026-09-07T12:00:00,T
904525,504525,LAL_KINETIC,0,0.55,0.55,0.55,EU/device,0,20,10.0,T,A,mrodriguez,2026-09-07T06:00:00,jchen,2026-09-07T14:00:00,T
904526,504526,SETTLE_PLATE_TSA,0,0,0,0.0,CFU/plate,0,1,1.0,T,A,anguyen,2026-09-15T09:00:00,mrodriguez,2026-09-15T22:00:00,T
904527,504527,VIABLE_AIR_USP,0,0,0,0.0,CFU/m3,0,1,1.0,T,A,dpatel,2026-09-09T13:00:00,jchen,2026-09-10T18:00:00,T
904528,504528,SETTLE_PLATE_TSA,0,1,1,1.0,CFU/plate,0,5,3.0,T,A,tolawale,2026-09-09T13:00:00,anguyen,2026-09-10T09:00:00,T
904529,504529,VIABLE_AIR_USP,0,3,3,3.0,CFU/m3,0,20,10.0,T,A,tolawale,2026-09-08T11:00:00,skwon,2026-09-09T15:00:00,T
904530,504530,SETTLE_PLATE_TSA,0,0,0,0.0,CFU/plate,0,50,25.0,T,A,dpatel,2026-09-08T09:00:00,anguyen,2026-09-09T04:00:00,T
904531,504531,VIABLE_AIR_USP,0,11,11,11.0,CFU/m3,0,200,100.0,T,A,jchen,2026-09-09T11:00:00,skwon,2026-09-10T11:00:00,T
904532,504532,SETTLE_PLATE_TSA,0,7,7,7.0,CFU/plate,0,100,50.0,T,A,skwon,2026-09-08T14:00:00,anguyen,2026-09-08T20:00:00,T
904533,504533,VIABLE_AIR_USP,0,23,23,23.0,CFU/m3,0,400,200.0,T,A,jchen,2026-09-08T07:00:00,dpatel,2026-09-08T23:00:00,T
904534,504534,SETTLE_PLATE_TSA,0,0,0,0.0,CFU/plate,0,1,1.0,T,A,jchen,2026-09-09T12:00:00,dpatel,2026-09-10T07:00:00,T
904535,504535,VIABLE_AIR_USP,0,0,0,0.0,CFU/m3,0,1,1.0,T,A,mrodriguez,2026-09-09T15:00:00,mrodriguez,2026-09-10T07:00:00,T
904536,504536,SETTLE_PLATE_TSA,0,0,0,0.0,CFU/plate,0,5,3.0,T,A,jchen,2026-09-10T09:00:00,anguyen,2026-09-11T04:00:00,T
904537,504537,VIABLE_AIR_USP,0,8,8,8.0,CFU/m3,0,20,10.0,T,A,mrodriguez,2026-09-10T11:00:00,anguyen,2026-09-11T03:00:00,T
904538,504538,SETTLE_PLATE_TSA,0,0,0,0.0,CFU/plate,0,50,25.0,T,A,tolawale,2026-09-10T07:00:00,dpatel,2026-09-10T14:00:00,T
904539,504539,VIABLE_AIR_USP,0,18,18,18.0,CFU/m3,0,200,100.0,T,A,mrodriguez,2026-09-10T16:00:00,anguyen,2026-09-11T00:00:00,T
904540,504540,SETTLE_PLATE_TSA,0,6,6,6.0,CFU/plate,0,100,50.0,T,A,dpatel,2026-09-10T11:00:00,mrodriguez,2026-09-11T10:00:00,T
904541,504541,VIABLE_AIR_USP,0,33,33,33.0,CFU/m3,0,400,200.0,T,A,dpatel,2026-09-10T12:00:00,mrodriguez,2026-09-10T18:00:00,T
904542,504542,SETTLE_PLATE_TSA,0,0,0,0.0,CFU/plate,0,1,1.0,T,A,skwon,2026-09-11T12:00:00,skwon,2026-09-12T15:00:00,T
904543,504543,VIABLE_AIR_USP,0,0,0,0.0,CFU/m3,0,1,1.0,T,A,mrodriguez,2026-09-10T13:00:00,jchen,2026-09-11T11:00:00,T
904544,504544,SETTLE_PLATE_TSA,0,0,0,0.0,CFU/plate,0,5,3.0,T,A,mrodriguez,2026-09-10T10:00:00,mrodriguez,2026-09-10T20:00:00,T
904545,504545,VIABLE_AIR_USP,0,6,6,6.0,CFU/m3,0,20,10.0,T,A,tolawale,2026-09-11T11:00:00,mrodriguez,2026-09-12T16:00:00,T
904546,504546,SETTLE_PLATE_TSA,0,0,0,0.0,CFU/plate,0,50,25.0,T,A,skwon,2026-09-10T13:00:00,jchen,2026-09-11T02:00:00,T
904547,504547,VIABLE_AIR_USP,0,12,12,12.0,CFU/m3,0,200,100.0,T,A,dpatel,2026-09-10T12:00:00,dpatel,2026-09-10T20:00:00,T
904548,504548,SETTLE_PLATE_TSA,0,6,6,6.0,CFU/plate,0,100,50.0,T,A,jchen,2026-09-11T10:00:00,dpatel,2026-09-11T21:00:00,T
904549,504549,VIABLE_AIR_USP,0,23,23,23.0,CFU/m3,0,400,200.0,T,A,mrodriguez,2026-09-10T16:00:00,dpatel,2026-09-11T11:00:00,T
904550,504550,SETTLE_PLATE_TSA,0,0,0,0.0,CFU/plate,0,1,1.0,T,A,skwon,2026-09-11T13:00:00,anguyen,2026-09-11T17:00:00,T
904551,504551,VIABLE_AIR_USP,0,0,0,0.0,CFU/m3,0,1,1.0,T,A,dpatel,2026-09-11T13:00:00,dpatel,2026-09-12T12:00:00,T
904552,504552,SETTLE_PLATE_TSA,0,2,2,2.0,CFU/plate,0,5,3.0,T,A,skwon,2026-09-12T13:00:00,tolawale,2026-09-13T01:00:00,T
904553,504553,VIABLE_AIR_USP,0,4,4,4.0,CFU/m3,0,20,10.0,T,A,anguyen,2026-09-12T11:00:00,jchen,2026-09-13T00:00:00,T
904554,504554,SETTLE_PLATE_TSA,0,2,2,2.0,CFU/plate,0,50,25.0,T,A,dpatel,2026-09-11T14:00:00,skwon,2026-09-11T23:00:00,T
904555,504555,VIABLE_AIR_USP,0,7,7,7.0,CFU/m3,0,200,100.0,T,A,tolawale,2026-09-11T12:00:00,mrodriguez,2026-09-12T04:00:00,T
904556,504556,SETTLE_PLATE_TSA,0,6,6,6.0,CFU/plate,0,100,50.0,T,A,jchen,2026-09-11T08:00:00,dpatel,2026-09-11T18:00:00,T
904557,504557,VIABLE_AIR_USP,0,29,29,29.0,CFU/m3,0,400,200.0,T,A,tolawale,2026-09-12T09:00:00,tolawale,2026-09-12T20:00:00,T
904558,504558,SETTLE_PLATE_TSA,0,0,0,0.0,CFU/plate,0,1,1.0,T,A,dpatel,2026-09-12T12:00:00,tolawale,2026-09-13T03:00:00,T
904559,504559,VIABLE_AIR_USP,0,1,1,1.0,CFU/m3,0,1,1.0,F,A,tolawale,2026-09-19T12:00:00,skwon,2026-09-19T21:00:00,T
904560,504560,SETTLE_PLATE_TSA,0,0,0,0.0,CFU/plate,0,5,3.0,T,A,anguyen,2026-09-12T12:00:00,skwon,2026-09-13T00:00:00,T
904561,504561,VIABLE_AIR_USP,0,3,3,3.0,CFU/m3,0,20,10.0,T,A,skwon,2026-09-12T09:00:00,dpatel,2026-09-12T14:00:00,T
904562,504562,SETTLE_PLATE_TSA,0,4,4,4.0,CFU/plate,0,50,25.0,T,A,jchen,2026-09-12T11:00:00,mrodriguez,2026-09-13T13:00:00,T
904563,504563,VIABLE_AIR_USP,0,16,16,16.0,CFU/m3,0,200,100.0,T,A,mrodriguez,2026-09-13T17:00:00,mrodriguez,2026-09-14T02:00:00,T
904564,504564,SETTLE_PLATE_TSA,0,6,6,6.0,CFU/plate,0,100,50.0,T,A,anguyen,2026-09-12T10:00:00,anguyen,2026-09-13T11:00:00,T
904565,504565,VIABLE_AIR_USP,0,20,20,20.0,CFU/m3,0,400,200.0,T,A,dpatel,2026-09-18T13:00:00,anguyen,2026-09-19T15:00:00,T
904566,504566,SETTLE_PLATE_TSA,0,0,0,0.0,CFU/plate,0,1,1.0,T,A,anguyen,2026-09-13T09:00:00,jchen,2026-09-13T12:00:00,T
904567,504567,VIABLE_AIR_USP,0,0,0,0.0,CFU/m3,0,1,1.0,T,A,dpatel,2026-09-14T08:00:00,mrodriguez,2026-09-15T06:00:00,T
904568,504568,SETTLE_PLATE_TSA,0,0,0,0.0,CFU/plate,0,5,3.0,T,A,tolawale,2026-09-14T08:00:00,anguyen,2026-09-15T08:00:00,T
904569,504569,VIABLE_AIR_USP,0,5,5,5.0,CFU/m3,0,20,10.0,T,A,tolawale,2026-09-14T14:00:00,tolawale,2026-09-15T06:00:00,T
904570,504570,SETTLE_PLATE_TSA,0,5,5,5.0,CFU/plate,0,50,25.0,T,A,skwon,2026-09-13T10:00:00,dpatel,2026-09-13T12:00:00,T
904571,504571,VIABLE_AIR_USP,0,9,9,9.0,CFU/m3,0,200,100.0,T,A,skwon,2026-09-13T16:00:00,jchen,2026-09-14T08:00:00,T
904572,504572,SETTLE_PLATE_TSA,0,7,7,7.0,CFU/plate,0,100,50.0,T,A,dpatel,2026-09-14T14:00:00,jchen,2026-09-14T19:00:00,T
904573,504573,VIABLE_AIR_USP,0,23,23,23.0,CFU/m3,0,400,200.0,T,A,anguyen,2026-09-17T12:00:00,tolawale,2026-09-18T15:00:00,T
904574,504574,SETTLE_PLATE_TSA,0,0,0,0.0,CFU/plate,0,1,1.0,T,A,dpatel,2026-09-15T16:00:00,jchen,2026-09-16T07:00:00,T
904575,504575,VIABLE_AIR_USP,0,0,0,0.0,CFU/m3,0,1,1.0,T,A,mrodriguez,2026-09-15T15:00:00,dpatel,2026-09-15T17:00:00,T
904576,504576,SETTLE_PLATE_TSA,0,0,0,0.0,CFU/plate,0,5,3.0,T,A,jchen,2026-09-15T08:00:00,tolawale,2026-09-15T22:00:00,T
904577,504577,VIABLE_AIR_USP,0,7,7,7.0,CFU/m3,0,20,10.0,T,A,tolawale,2026-09-14T16:00:00,dpatel,2026-09-14T18:00:00,T
904578,504578,SETTLE_PLATE_TSA,0,2,2,2.0,CFU/plate,0,50,25.0,T,A,anguyen,2026-09-14T11:00:00,mrodriguez,2026-09-15T01:00:00,T
904579,504579,VIABLE_AIR_USP,0,9,9,9.0,CFU/m3,0,200,100.0,T,A,tolawale,2026-09-15T13:00:00,tolawale,2026-09-15T16:00:00,T
904580,504580,SETTLE_PLATE_TSA,0,2,2,2.0,CFU/plate,0,100,50.0,T,A,skwon,2026-09-15T12:00:00,tolawale,2026-09-16T07:00:00,T
904581,504581,VIABLE_AIR_USP,0,26,26,26.0,CFU/m3,0,400,200.0,T,A,dpatel,2026-09-14T12:00:00,anguyen,2026-09-15T16:00:00,T
904582,504582,BIOBURDEN_USP61,0,5,5,5.0,CFU/device,0,100,50.0,T,A,jchen,2026-09-16T06:00:00,mrodriguez,2026-09-16T23:00:00,T
904583,504583,LAL_KINETIC,0,1.1,1.1,1.1,EU/device,0,20,10.0,T,A,skwon,2026-09-16T07:00:00,dpatel,2026-09-16T14:00:00,T
904584,504584,BIOBURDEN_USP61,0,3,3,3.0,CFU/device,0,100,50.0,T,A,anguyen,2026-09-15T07:00:00,tolawale,2026-09-16T00:00:00,T
904585,504585,LAL_KINETIC,0,1.18,1.18,1.18,EU/device,0,20,10.0,T,A,anguyen,2026-09-16T10:00:00,jchen,2026-09-16T13:00:00,T
904586,504586,SETTLE_PLATE_TSA,0,0,0,0.0,CFU/plate,0,1,1.0,T,A,dpatel,2026-09-16T10:00:00,dpatel,2026-09-16T13:00:00,T
904587,504587,VIABLE_AIR_USP,0,0,0,0.0,CFU/m3,0,1,1.0,T,A,anguyen,2026-09-15T12:00:00,anguyen,2026-09-15T18:00:00,T
904588,504588,SETTLE_PLATE_TSA,0,1,1,1.0,CFU/plate,0,5,3.0,T,A,mrodriguez,2026-09-16T09:00:00,tolawale,2026-09-17T09:00:00,T
904589,504589,VIABLE_AIR_USP,0,6,6,6.0,CFU/m3,0,20,10.0,T,A,skwon,2026-09-16T11:00:00,skwon,2026-09-17T08:00:00,T
904590,504590,SETTLE_PLATE_TSA,0,2,2,2.0,CFU/plate,0,50,25.0,T,A,tolawale,2026-09-16T09:00:00,mrodriguez,2026-09-17T03:00:00,T
904591,504591,VIABLE_AIR_USP,0,9,9,9.0,CFU/m3,0,200,100.0,T,A,mrodriguez,2026-09-16T08:00:00,anguyen,2026-09-16T12:00:00,T
904592,504592,SETTLE_PLATE_TSA,0,4,4,4.0,CFU/plate,0,100,50.0,T,A,skwon,2026-09-15T13:00:00,anguyen,2026-09-16T19:00:00,T
904593,504593,VIABLE_AIR_USP,0,24,24,24.0,CFU/m3,0,400,200.0,T,A,tolawale,2026-09-15T11:00:00,anguyen,2026-09-15T16:00:00,T
904594,504594,SETTLE_PLATE_TSA,0,0,0,0.0,CFU/plate,0,1,1.0,T,A,jchen,2026-09-16T12:00:00,dpatel,2026-09-16T15:00:00,T
904595,504595,VIABLE_AIR_USP,0,0,0,0.0,CFU/m3,0,1,1.0,T,A,anguyen,2026-09-16T12:00:00,jchen,2026-09-17T10:00:00,T
904596,504596,SETTLE_PLATE_TSA,0,1,1,1.0,CFU/plate,0,5,3.0,T,A,tolawale,2026-09-16T07:00:00,anguyen,2026-09-16T16:00:00,T
904597,504597,VIABLE_AIR_USP,0,6,6,6.0,CFU/m3,0,20,10.0,T,A,tolawale,2026-09-16T10:00:00,tolawale,2026-09-17T01:00:00,T
904598,504598,SETTLE_PLATE_TSA,0,2,2,2.0,CFU/plate,0,50,25.0,T,A,skwon,2026-09-17T12:00:00,dpatel,2026-09-18T17:00:00,T
904599,504599,VIABLE_AIR_USP,0,13,13,13.0,CFU/m3,0,200,100.0,T,A,skwon,2026-09-17T13:00:00,jchen,2026-09-18T01:00:00,T
904600,504600,SETTLE_PLATE_TSA,0,8,8,8.0,CFU/plate,0,100,50.0,T,A,dpatel,2026-09-17T13:00:00,tolawale,2026-09-18T02:00:00,T
904601,504601,VIABLE_AIR_USP,0,20,20,20.0,CFU/m3,0,400,200.0,T,A,mrodriguez,2026-09-16T11:00:00,mrodriguez,2026-09-17T00:00:00,T
904602,504602,SETTLE_PLATE_TSA,0,0,0,0.0,CFU/plate,0,1,1.0,T,A,tolawale,2026-09-17T13:00:00,jchen,2026-09-17T21:00:00,T
904603,504603,VIABLE_AIR_USP,0,0,0,0.0,CFU/m3,0,1,1.0,T,A,dpatel,2026-09-18T11:00:00,skwon,2026-09-19T12:00:00,T
904604,504604,SETTLE_PLATE_TSA,0,1,1,1.0,CFU/plate,0,5,3.0,T,A,jchen,2026-09-18T08:00:00,dpatel,2026-09-18T22:00:00,T
904605,504605,VIABLE_AIR_USP,0,1,1,1.0,CFU/m3,0,20,10.0,T,A,tolawale,2026-09-18T12:00:00,skwon,2026-09-19T16:00:00,T
904606,504606,SETTLE_PLATE_TSA,0,3,3,3.0,CFU/plate,0,50,25.0,T,A,dpatel,2026-09-17T13:00:00,skwon,2026-09-18T12:00:00,T
904607,504607,VIABLE_AIR_USP,0,14,14,14.0,CFU/m3,0,200,100.0,T,A,skwon,2026-09-17T14:00:00,anguyen,2026-09-17T17:00:00,T
904608,504608,SETTLE_PLATE_TSA,0,7,7,7.0,CFU/plate,0,100,50.0,T,A,dpatel,2026-09-17T09:00:00,dpatel,2026-09-17T18:00:00,T
904609,504609,VIABLE_AIR_USP,0,20,20,20.0,CFU/m3,0,400,200.0,T,A,skwon,2026-09-17T09:00:00,mrodriguez,2026-09-17T22:00:00,T
904610,504610,SETTLE_PLATE_TSA,0,0,0,0.0,CFU/plate,0,1,1.0,T,A,anguyen,2026-09-19T15:00:00,tolawale,2026-09-19T19:00:00,T
904611,504611,VIABLE_AIR_USP,0,0,0,0.0,CFU/m3,0,1,1.0,T,A,anguyen,2026-09-19T15:00:00,tolawale,2026-09-20T19:00:00,T
904612,504612,SETTLE_PLATE_TSA,0,1,1,1.0,CFU/plate,0,5,3.0,T,A,dpatel,2026-09-18T12:00:00,jchen,2026-09-19T16:00:00,T
904613,504613,VIABLE_AIR_USP,0,8,8,8.0,CFU/m3,0,20,10.0,T,A,dpatel,2026-09-18T14:00:00,anguyen,2026-09-19T04:00:00,T
904614,504614,SETTLE_PLATE_TSA,0,2,2,2.0,CFU/plate,0,50,25.0,T,A,jchen,2026-09-19T16:00:00,dpatel,2026-09-20T13:00:00,T
904615,504615,VIABLE_AIR_USP,0,10,10,10.0,CFU/m3,0,200,100.0,T,A,tolawale,2026-09-19T06:00:00,tolawale,2026-09-20T07:00:00,T
904616,504616,SETTLE_PLATE_TSA,0,4,4,4.0,CFU/plate,0,100,50.0,T,A,mrodriguez,2026-09-19T09:00:00,anguyen,2026-09-20T10:00:00,T
904617,504617,VIABLE_AIR_USP,0,35,35,35.0,CFU/m3,0,400,200.0,T,A,tolawale,2026-09-18T13:00:00,jchen,2026-09-19T06:00:00,T
904618,504618,SETTLE_PLATE_TSA,0,0,0,0.0,CFU/plate,0,1,1.0,T,A,dpatel,2026-09-20T07:00:00,jchen,2026-09-21T06:00:00,T
904619,504619,VIABLE_AIR_USP,0,0,0,0.0,CFU/m3,0,1,1.0,T,A,tolawale,2026-09-20T09:00:00,tolawale,2026-09-21T12:00:00,T
904620,504620,SETTLE_PLATE_TSA,0,1,1,1.0,CFU/plate,0,5,3.0,T,A,skwon,2026-09-19T15:00:00,tolawale,2026-09-20T04:00:00,T
904621,504621,VIABLE_AIR_USP,0,3,3,3.0,CFU/m3,0,20,10.0,T,A,tolawale,2026-09-19T12:00:00,skwon,2026-09-20T14:00:00,T
904622,504622,SETTLE_PLATE_TSA,0,2,2,2.0,CFU/plate,0,50,25.0,T,A,jchen,2026-09-19T14:00:00,anguyen,2026-09-20T20:00:00,T
904623,504623,VIABLE_AIR_USP,0,12,12,12.0,CFU/m3,0,200,100.0,T,A,dpatel,2026-09-20T07:00:00,dpatel,2026-09-21T07:00:00,T
904624,504624,SETTLE_PLATE_TSA,0,6,6,6.0,CFU/plate,0,100,50.0,T,A,skwon,2026-09-20T06:00:00,skwon,2026-09-21T02:00:00,T
904625,504625,VIABLE_AIR_USP,0,23,23,23.0,CFU/m3,0,400,200.0,T,A,skwon,2026-09-19T12:00:00,dpatel,2026-09-20T08:00:00,T
904626,504626,SETTLE_PLATE_TSA,0,0,0,0.0,CFU/plate,0,1,1.0,T,A,jchen,2026-09-21T12:00:00,mrodriguez,2026-09-21T20:00:00,T
904627,504627,VIABLE_AIR_USP,0,0,0,0.0,CFU/m3,0,1,1.0,T,A,jchen,2026-09-21T14:00:00,jchen,2026-09-22T11:00:00,T
904628,504628,SETTLE_PLATE_TSA,0,3,3,3.0,CFU/plate,0,5,3.0,T,A,tolawale,2026-09-21T11:00:00,skwon,2026-09-22T06:00:00,T
904629,504629,VIABLE_AIR_USP,0,5,5,5.0,CFU/m3,0,20,10.0,T,A,dpatel,2026-09-21T13:00:00,skwon,2026-09-21T17:00:00,T
904630,504630,SETTLE_PLATE_TSA,0,1,1,1.0,CFU/plate,0,50,25.0,T,A,mrodriguez,2026-09-20T12:00:00,skwon,2026-09-21T12:00:00,T
904631,504631,VIABLE_AIR_USP,0,10,10,10.0,CFU/m3,0,200,100.0,T,A,mrodriguez,2026-09-20T13:00:00,mrodriguez,2026-09-20T23:00:00,T
904632,504632,SETTLE_PLATE_TSA,0,13,13,13.0,CFU/plate,0,100,50.0,T,A,skwon,2026-09-20T08:00:00,mrodriguez,2026-09-21T01:00:00,T
904633,504633,VIABLE_AIR_USP,0,23,23,23.0,CFU/m3,0,400,200.0,T,A,jchen,2026-09-21T13:00:00,tolawale,2026-09-22T05:00:00,T
904634,504634,SETTLE_PLATE_TSA,0,0,0,0.0,CFU/plate,0,1,1.0,T,A,tolawale,2026-09-22T08:00:00,mrodriguez,2026-09-22T23:00:00,T
904635,504635,VIABLE_AIR_USP,0,0,0,0.0,CFU/m3,0,1,1.0,T,A,mrodriguez,2026-09-22T12:00:00,dpatel,2026-09-23T10:00:00,T
904636,504636,SETTLE_PLATE_TSA,0,3,3,3.0,CFU/plate,0,5,3.0,T,A,anguyen,2026-09-21T17:00:00,jchen,2026-09-22T04:00:00,T
904637,504637,VIABLE_AIR_USP,0,3,3,3.0,CFU/m3,0,20,10.0,T,A,tolawale,2026-09-25T13:00:00,mrodriguez,2026-09-25T21:00:00,T
904638,504638,SETTLE_PLATE_TSA,0,7,7,7.0,CFU/plate,0,50,25.0,T,A,mrodriguez,2026-09-22T16:00:00,dpatel,2026-09-23T00:00:00,T
904639,504639,VIABLE_AIR_USP,0,12,12,12.0,CFU/m3,0,200,100.0,T,A,dpatel,2026-09-21T08:00:00,tolawale,2026-09-22T03:00:00,T
904640,504640,SETTLE_PLATE_TSA,0,6,6,6.0,CFU/plate,0,100,50.0,T,A,anguyen,2026-09-27T12:00:00,skwon,2026-09-28T06:00:00,T
904641,504641,VIABLE_AIR_USP,0,19,19,19.0,CFU/m3,0,400,200.0,T,A,anguyen,2026-09-21T07:00:00,mrodriguez,2026-09-21T12:00:00,T
904642,504642,SETTLE_PLATE_TSA,0,1,1,1.0,CFU/plate,0,1,1.0,F,A,mrodriguez,2026-09-23T12:00:00,skwon,2026-09-24T02:00:00,T
904643,504643,VIABLE_AIR_USP,0,0,0,0.0,CFU/m3,0,1,1.0,T,A,anguyen,2026-09-22T09:00:00,anguyen,2026-09-23T00:00:00,T
904644,504644,SETTLE_PLATE_TSA,0,0,0,0.0,CFU/plate,0,5,3.0,T,A,mrodriguez,2026-09-23T06:00:00,tolawale,2026-09-24T06:00:00,T
904645,504645,VIABLE_AIR_USP,0,3,3,3.0,CFU/m3,0,20,10.0,T,A,jchen,2026-09-23T13:00:00,tolawale,2026-09-23T21:00:00,T
904646,504646,SETTLE_PLATE_TSA,0,2,2,2.0,CFU/plate,0,50,25.0,T,A,tolawale,2026-09-23T11:00:00,skwon,2026-09-23T17:00:00,T
904647,504647,VIABLE_AIR_USP,0,18,18,18.0,CFU/m3,0,200,100.0,T,A,skwon,2026-09-22T13:00:00,mrodriguez,2026-09-22T16:00:00,T
904648,504648,SETTLE_PLATE_TSA,0,11,11,11.0,CFU/plate,0,100,50.0,T,A,skwon,2026-09-23T11:00:00,skwon,2026-09-23T17:00:00,T
904649,504649,VIABLE_AIR_USP,0,28,28,28.0,CFU/m3,0,400,200.0,T,A,anguyen,2026-09-22T16:00:00,tolawale,2026-09-23T05:00:00,T
904650,504650,SETTLE_PLATE_TSA,0,0,0,0.0,CFU/plate,0,1,1.0,T,A,anguyen,2026-09-23T07:00:00,dpatel,2026-09-24T07:00:00,T
904651,504651,VIABLE_AIR_USP,0,0,0,0.0,CFU/m3,0,1,1.0,T,A,skwon,2026-09-24T14:00:00,mrodriguez,2026-09-25T10:00:00,T
904652,504652,SETTLE_PLATE_TSA,0,1,1,1.0,CFU/plate,0,5,3.0,T,A,dpatel,2026-09-24T11:00:00,mrodriguez,2026-09-25T05:00:00,T
904653,504653,VIABLE_AIR_USP,0,7,7,7.0,CFU/m3,0,20,10.0,T,A,jchen,2026-09-24T13:00:00,tolawale,2026-09-25T13:00:00,T
904654,504654,SETTLE_PLATE_TSA,0,3,3,3.0,CFU/plate,0,50,25.0,T,A,dpatel,2026-09-24T14:00:00,tolawale,2026-09-24T22:00:00,T
904655,504655,VIABLE_AIR_USP,0,12,12,12.0,CFU/m3,0,200,100.0,T,A,skwon,2026-09-24T14:00:00,mrodriguez,2026-09-24T18:00:00,T
904656,504656,SETTLE_PLATE_TSA,0,8,8,8.0,CFU/plate,0,100,50.0,T,A,tolawale,2026-09-23T09:00:00,anguyen,2026-09-24T09:00:00,T
904657,504657,VIABLE_AIR_USP,0,30,30,30.0,CFU/m3,0,400,200.0,T,A,tolawale,2026-09-23T11:00:00,tolawale,2026-09-23T19:00:00,T
904658,504658,SETTLE_PLATE_TSA,0,0,0,0.0,CFU/plate,0,1,1.0,T,A,anguyen,2026-09-25T08:00:00,dpatel,2026-09-25T13:00:00,T
904659,504659,VIABLE_AIR_USP,0,0,0,0.0,CFU/m3,0,1,1.0,T,A,jchen,2026-09-24T17:00:00,tolawale,2026-09-25T19:00:00,T
904660,504660,SETTLE_PLATE_TSA,0,0,0,0.0,CFU/plate,0,5,3.0,T,A,skwon,2026-09-25T12:00:00,mrodriguez,2026-09-25T14:00:00,T
904661,504661,VIABLE_AIR_USP,0,6,6,6.0,CFU/m3,0,20,10.0,T,A,tolawale,2026-09-24T08:00:00,anguyen,2026-09-24T15:00:00,T
904662,504662,SETTLE_PLATE_TSA,0,1,1,1.0,CFU/plate,0,50,25.0,T,A,skwon,2026-09-25T11:00:00,tolawale,2026-09-25T13:00:00,T
904663,504663,VIABLE_AIR_USP,0,11,11,11.0,CFU/m3,0,200,100.0,T,A,dpatel,2026-09-25T13:00:00,jchen,2026-09-26T04:00:00,T
904664,504664,SETTLE_PLATE_TSA,0,9,9,9.0,CFU/plate,0,100,50.0,T,A,tolawale,2026-09-25T16:00:00,skwon,2026-09-26T15:00:00,T
904665,504665,VIABLE_AIR_USP,0,19,19,19.0,CFU/m3,0,400,200.0,T,A,anguyen,2026-09-25T07:00:00,skwon,2026-09-25T19:00:00,T
904666,504666,SETTLE_PLATE_TSA,0,0,0,0.0,CFU/plate,0,1,1.0,T,A,mrodriguez,2026-09-26T10:00:00,dpatel,2026-09-27T06:00:00,T
904667,504667,VIABLE_AIR_USP,0,0,0,0.0,CFU/m3,0,1,1.0,T,A,anguyen,2026-09-26T12:00:00,jchen,2026-09-27T12:00:00,T
904668,504668,SETTLE_PLATE_TSA,0,2,2,2.0,CFU/plate,0,5,3.0,T,A,skwon,2026-09-25T12:00:00,jchen,2026-09-26T00:00:00,T
904669,504669,VIABLE_AIR_USP,0,3,3,3.0,CFU/m3,0,20,10.0,T,A,mrodriguez,2026-09-26T12:00:00,skwon,2026-09-27T00:00:00,T
904670,504670,SETTLE_PLATE_TSA,0,1,1,1.0,CFU/plate,0,50,25.0,T,A,anguyen,2026-09-25T10:00:00,dpatel,2026-09-25T12:00:00,T
904671,504671,VIABLE_AIR_USP,0,9,9,9.0,CFU/m3,0,200,100.0,T,A,anguyen,2026-09-25T08:00:00,anguyen,2026-09-25T10:00:00,T
904672,504672,SETTLE_PLATE_TSA,0,4,4,4.0,CFU/plate,0,100,50.0,T,A,mrodriguez,2026-09-26T13:00:00,tolawale,2026-09-27T03:00:00,T
904673,504673,VIABLE_AIR_USP,0,24,24,24.0,CFU/m3,0,400,200.0,T,A,tolawale,2026-09-25T14:00:00,mrodriguez,2026-09-26T16:00:00,T
904674,504674,SETTLE_PLATE_TSA,0,0,0,0.0,CFU/plate,0,1,1.0,T,A,anguyen,2026-09-26T09:00:00,anguyen,2026-09-26T14:00:00,T
904675,504675,VIABLE_AIR_USP,0,0,0,0.0,CFU/m3,0,1,1.0,T,A,skwon,2026-09-26T12:00:00,jchen,2026-09-26T17:00:00,T
904676,504676,SETTLE_PLATE_TSA,0,5,5,5.0,CFU/plate,0,5,3.0,F,A,tolawale,2026-09-26T15:00:00,jchen,2026-09-27T13:00:00,T
904677,504677,VIABLE_AIR_USP,0,5,5,5.0,CFU/m3,0,20,10.0,T,A,dpatel,2026-09-26T11:00:00,anguyen,2026-09-26T18:00:00,T
904678,504678,SETTLE_PLATE_TSA,0,0,0,0.0,CFU/plate,0,50,25.0,T,A,anguyen,2026-09-26T11:00:00,mrodriguez,2026-09-27T13:00:00,T
904679,504679,VIABLE_AIR_USP,0,11,11,11.0,CFU/m3,0,200,100.0,T,A,tolawale,2026-09-27T15:00:00,jchen,2026-09-28T20:00:00,T
904680,504680,SETTLE_PLATE_TSA,0,9,9,9.0,CFU/plate,0,100,50.0,T,A,tolawale,2026-09-27T08:00:00,dpatel,2026-09-28T14:00:00,T
904681,504681,VIABLE_AIR_USP,0,29,29,29.0,CFU/m3,0,400,200.0,T,A,anguyen,2026-09-27T15:00:00,skwon,2026-09-27T23:00:00,T
904682,504682,SETTLE_PLATE_TSA,0,0,0,0.0,CFU/plate,0,1,1.0,T,A,jchen,2026-09-27T13:00:00,tolawale,2026-09-27T22:00:00,T
904683,504683,VIABLE_AIR_USP,0,0,0,0.0,CFU/m3,0,1,1.0,T,A,tolawale,2026-09-28T07:00:00,skwon,2026-09-28T14:00:00,T
904684,504684,SETTLE_PLATE_TSA,0,2,2,2.0,CFU/plate,0,5,3.0,T,A,skwon,2026-09-28T14:00:00,dpatel,2026-09-28T18:00:00,T
904685,504685,VIABLE_AIR_USP,0,11,11,11.0,CFU/m3,0,20,10.0,T,A,jchen,2026-09-28T15:00:00,dpatel,2026-09-29T06:00:00,T
904686,504686,SETTLE_PLATE_TSA,0,3,3,3.0,CFU/plate,0,50,25.0,T,A,skwon,2026-09-27T17:00:00,mrodriguez,2026-09-28T12:00:00,T
904687,504687,VIABLE_AIR_USP,0,16,16,16.0,CFU/m3,0,200,100.0,T,A,jchen,2026-09-28T12:00:00,dpatel,2026-09-29T15:00:00,T
904688,504688,SETTLE_PLATE_TSA,0,3,3,3.0,CFU/plate,0,100,50.0,T,A,tolawale,2026-09-27T13:00:00,skwon,2026-09-27T15:00:00,T
904689,504689,VIABLE_AIR_USP,0,30,30,30.0,CFU/m3,0,400,200.0,T,A,jchen,2026-09-27T13:00:00,skwon,2026-09-28T15:00:00,T
904690,504690,SETTLE_PLATE_TSA,0,0,0,0.0,CFU/plate,0,1,1.0,T,A,dpatel,2026-09-29T10:00:00,dpatel,2026-09-29T18:00:00,T
904691,504691,VIABLE_AIR_USP,0,1,1,1.0,CFU/m3,0,1,1.0,F,A,skwon,2026-09-29T10:00:00,dpatel,2026-09-30T10:00:00,T
904692,504692,SETTLE_PLATE_TSA,0,1,1,1.0,CFU/plate,0,5,3.0,T,A,skwon,2026-09-29T16:00:00,dpatel,2026-09-30T11:00:00,T
904693,504693,VIABLE_AIR_USP,0,4,4,4.0,CFU/m3,0,20,10.0,T,A,tolawale,2026-09-28T10:00:00,dpatel,2026-09-29T14:00:00,T
904694,504694,SETTLE_PLATE_TSA,0,3,3,3.0,CFU/plate,0,50,25.0,T,A,dpatel,2026-09-29T09:00:00,anguyen,2026-09-30T12:00:00,T
904695,504695,VIABLE_AIR_USP,0,16,16,16.0,CFU/m3,0,200,100.0,T,A,dpatel,2026-09-29T12:00:00,tolawale,2026-09-30T05:00:00,T
904696,504696,SETTLE_PLATE_TSA,0,6,6,6.0,CFU/plate,0,100,50.0,T,A,jchen,2026-09-28T18:00:00,jchen,2026-09-29T19:00:00,T
904697,504697,VIABLE_AIR_USP,0,22,22,22.0,CFU/m3,0,400,200.0,T,A,dpatel,2026-09-28T09:00:00,dpatel,2026-09-29T11:00:00,T
904698,504698,BIOBURDEN_USP61,0,3,3,3.0,CFU/device,0,100,50.0,T,A,tolawale,2026-09-29T07:00:00,mrodriguez,2026-09-29T20:00:00,T
904699,504699,LAL_KINETIC,0,0.72,0.72,0.72,EU/device,0,20,10.0,T,A,mrodriguez,2026-09-30T07:00:00,mrodriguez,2026-10-01T03:00:00,T
904700,504700,BIOBURDEN_USP61,0,6,6,6.0,CFU/device,0,100,50.0,T,A,dpatel,2026-09-29T08:00:00,jchen,2026-09-29T11:00:00,T
904701,504701,LAL_KINETIC,0,1.22,1.22,1.22,EU/device,0,20,10.0,T,A,dpatel,2026-09-30T08:00:00,tolawale,2026-10-01T01:00:00,T
904702,504702,BIOBURDEN_USP61,0,2,2,2.0,CFU/device,0,100,50.0,T,A,jchen,2026-09-30T10:00:00,dpatel,2026-09-30T18:00:00,T
904703,504703,LAL_KINETIC,0,1.19,1.19,1.19,EU/device,0,20,10.0,T,A,skwon,2026-09-28T07:00:00,tolawale,2026-09-28T21:00:00,T
904704,504704,BIOBURDEN_USP61,0,4,4,4.0,CFU/device,0,100,50.0,T,A,mrodriguez,2026-09-30T09:00:00,skwon,2026-10-01T03:00:00,T
904705,504705,LAL_KINETIC,0,0.64,0.64,0.64,EU/device,0,20,10.0,T,A,skwon,2026-09-30T10:00:00,skwon,2026-09-30T20:00:00,T
901518,501518,SETTLE_PLATE_TSA,0,5,5,5.0,CFU/plate,0,50,25.0,T,A,mrodriguez,2025-09-28T14:00:00,jchen,2025-09-28T19:00:00,T
904214,504214,SETTLE_PLATE_TSA,0,7,7,7.0,CFU/plate,0,100,50.0,T,A,tolawale,2026-08-02T11:00:00,dpatel,2026-08-02T17:00:00,T
903080,503080,BIOBURDEN_USP61,0,1,1,1.0,CFU/device,0,100,50.0,T,A,anguyen,2026-03-23T07:00:00,dpatel,2026-03-23T18:00:00,T
